batch_id,machine_id,timestamp,current,voltage,temperature,pressure,welding_time,speed,defect_status,defect_type
B00001,M01,2026-01-01 00:10:00,184.7,24.93,75.67,4.27,3.32,12.76,Normal,None
B00002,M02,2026-01-01 00:20:00,191.61,26.51,110.4,4.64,2.73,11.37,Defect,Crack
B00003,M03,2026-01-01 00:30:00,185.36,25.25,90.89,4.26,3.38,13.83,Normal,None
B00004,M02,2026-01-01 00:40:00,186.83,25.75,82.36,4.9,3.02,12.72,Normal,None
B00005,M02,2026-01-01 00:50:00,240.73,26.43,123.76,5.03,3.59,13.72,Defect,Burn_Through
B00006,M03,2026-01-01 01:00:00,180.16,23.18,92.85,4.62,3.32,12.99,Normal,None
B00007,M02,2026-01-01 01:10:00,181.24,23.22,101.47,5.0,3.3,12.62,Normal,None
B00008,M02,2026-01-01 01:20:00,203.35,23.83,107.5,3.18,3.25,11.24,Defect,Porosity
B00009,M01,2026-01-01 01:30:00,183.64,24.9,81.77,4.4,2.99,11.91,Normal,None
B00010,M01,2026-01-01 01:40:00,207.48,25.41,91.52,4.49,3.39,11.6,Normal,None
B00011,M04,2026-01-01 01:50:00,178.92,25.11,102.39,4.31,3.29,14.1,Normal,None
B00012,M02,2026-01-01 02:00:00,185.75,24.62,83.8,3.78,3.47,12.51,Normal,None
B00013,M04,2026-01-01 02:10:00,183.77,24.37,125.05,4.56,2.06,11.69,Defect,Crack
B00014,M03,2026-01-01 02:20:00,191.18,22.35,91.43,4.6,2.99,12.19,Normal,None
B00015,M04,2026-01-01 02:30:00,207.32,23.67,94.35,4.44,3.2,11.75,Normal,None
B00016,M01,2026-01-01 02:40:00,197.74,23.9,84.73,4.49,3.42,12.7,Normal,None
B00017,M02,2026-01-01 02:50:00,196.49,25.7,69.51,4.37,3.34,12.7,Normal,None
B00018,M01,2026-01-01 03:00:00,187.46,22.14,117.66,4.8,2.17,11.91,Defect,Crack
B00019,M01,2026-01-01 03:10:00,221.63,25.12,117.47,3.49,3.1,14.2,Defect,Porosity
B00020,M03,2026-01-01 03:20:00,200.67,22.81,137.91,4.79,2.27,13.73,Defect,Crack
B00021,M04,2026-01-01 03:30:00,193.61,23.84,99.9,3.86,3.4,11.26,Normal,None
B00022,M03,2026-01-01 03:40:00,203.66,24.84,85.75,4.43,3.19,11.29,Normal,None
B00023,M02,2026-01-01 03:50:00,214.58,26.62,113.56,4.37,3.73,12.43,Defect,Burn_Through
B00024,M04,2026-01-01 04:00:00,173.86,25.51,75.51,4.14,3.19,11.37,Normal,None
B00025,M03,2026-01-01 04:10:00,201.0,25.9,82.85,4.48,3.21,9.94,Normal,None
B00026,M03,2026-01-01 04:20:00,212.53,25.05,84.6,4.3,3.39,12.62,Normal,None
B00027,M02,2026-01-01 04:30:00,204.68,23.96,83.56,4.08,3.79,12.15,Normal,None
B00028,M03,2026-01-01 04:40:00,194.94,22.87,83.29,3.97,3.23,13.39,Normal,None
B00029,M03,2026-01-01 04:50:00,184.73,24.79,86.67,4.66,3.43,11.32,Normal,None
B00030,M03,2026-01-01 05:00:00,147.45,25.87,67.31,4.28,2.38,15.77,Defect,Incomplete_Weld
B00031,M03,2026-01-01 05:10:00,189.91,25.97,116.53,4.26,2.45,13.22,Defect,Crack
B00032,M02,2026-01-01 05:20:00,173.69,24.67,98.29,4.38,2.3,14.62,Defect,Incomplete_Weld
B00033,M02,2026-01-01 05:30:00,183.62,25.42,119.66,4.29,2.15,13.02,Defect,Crack
B00034,M04,2026-01-01 05:40:00,200.58,25.34,77.96,4.39,3.27,12.37,Normal,None
B00035,M04,2026-01-01 05:50:00,185.86,23.93,85.03,4.3,3.44,13.26,Normal,None
B00036,M04,2026-01-01 06:00:00,187.24,25.69,89.59,4.57,3.37,13.58,Normal,None
B00037,M03,2026-01-01 06:10:00,227.61,23.78,117.0,3.86,3.19,12.7,Defect,Porosity
B00038,M02,2026-01-01 06:20:00,198.18,23.4,87.72,4.18,3.54,11.2,Normal,None
B00039,M02,2026-01-01 06:30:00,183.87,26.5,84.98,4.12,3.33,11.32,Normal,None
B00040,M02,2026-01-01 06:40:00,165.73,25.35,90.12,4.54,3.46,11.87,Normal,None
B00041,M02,2026-01-01 06:50:00,194.15,23.34,84.61,4.35,3.18,12.8,Normal,None
B00042,M04,2026-01-01 07:00:00,252.51,24.65,122.04,3.28,3.04,11.98,Defect,Porosity
B00043,M02,2026-01-01 07:10:00,195.81,23.86,93.28,4.81,3.53,13.41,Normal,None
B00044,M01,2026-01-01 07:20:00,177.05,26.61,77.64,4.58,3.58,11.03,Normal,None
B00045,M02,2026-01-01 07:30:00,169.36,26.32,97.07,4.62,2.82,15.21,Defect,Incomplete_Weld
B00046,M01,2026-01-01 07:40:00,158.52,23.68,79.19,4.18,3.29,10.62,Normal,None
B00047,M03,2026-01-01 07:50:00,229.67,24.86,114.71,4.69,3.31,11.33,Defect,Burn_Through
B00048,M03,2026-01-01 08:00:00,190.0,24.44,71.66,4.87,3.13,10.47,Normal,None
B00049,M01,2026-01-01 08:10:00,194.56,23.07,96.58,4.64,2.84,13.44,Normal,None
B00050,M03,2026-01-01 08:20:00,195.49,23.88,91.34,4.06,3.16,12.16,Normal,None
B00051,M04,2026-01-01 08:30:00,191.44,24.71,80.41,4.26,2.74,10.84,Normal,None
B00052,M03,2026-01-01 08:40:00,193.57,25.71,92.34,4.85,3.22,11.3,Normal,None
B00053,M01,2026-01-01 08:50:00,187.75,25.18,88.59,4.46,2.84,14.02,Normal,None
B00054,M01,2026-01-01 09:00:00,193.61,23.6,79.82,4.23,3.38,11.58,Normal,None
B00055,M03,2026-01-01 09:10:00,170.81,24.49,83.88,4.28,3.41,11.44,Normal,None
B00056,M03,2026-01-01 09:20:00,198.67,24.83,120.57,4.91,2.78,11.72,Defect,Crack
B00057,M04,2026-01-01 09:30:00,195.85,22.95,108.13,3.44,3.42,12.68,Defect,Porosity
B00058,M01,2026-01-01 09:40:00,195.96,24.63,76.95,4.58,2.7,11.57,Normal,None
B00059,M01,2026-01-01 09:50:00,161.81,26.58,87.1,4.32,3.0,9.49,Normal,None
B00060,M01,2026-01-01 10:00:00,177.85,25.35,81.06,4.45,3.3,12.11,Normal,None
B00061,M02,2026-01-01 10:10:00,159.63,24.7,86.95,4.03,2.29,16.56,Defect,Incomplete_Weld
B00062,M01,2026-01-01 10:20:00,236.02,25.44,113.02,3.26,3.43,12.03,Defect,Porosity
B00063,M02,2026-01-01 10:30:00,185.64,23.65,90.79,4.83,3.37,10.67,Normal,None
B00064,M02,2026-01-01 10:40:00,183.76,24.59,85.58,4.54,3.19,13.15,Normal,None
B00065,M02,2026-01-01 10:50:00,201.16,26.41,116.35,4.4,2.48,11.37,Defect,Crack
B00066,M03,2026-01-01 11:00:00,239.98,25.48,100.09,2.79,3.23,12.69,Defect,Porosity
B00067,M04,2026-01-01 11:10:00,184.27,24.53,80.34,4.37,2.91,10.48,Normal,None
B00068,M04,2026-01-01 11:20:00,238.34,23.12,106.02,3.44,3.73,11.11,Defect,Porosity
B00069,M02,2026-01-01 11:30:00,192.53,23.57,88.45,4.32,2.95,11.9,Normal,None
B00070,M03,2026-01-01 11:40:00,231.39,24.09,95.81,3.17,3.42,12.35,Defect,Porosity
B00071,M01,2026-01-01 11:50:00,199.19,24.19,85.78,4.66,2.51,9.92,Normal,None
B00072,M02,2026-01-01 12:00:00,198.88,24.83,75.25,4.34,2.73,12.82,Normal,None
B00073,M03,2026-01-01 12:10:00,191.01,24.72,83.2,4.58,3.12,13.19,Normal,None
B00074,M01,2026-01-01 12:20:00,167.99,24.48,103.74,4.48,2.86,10.66,Normal,None
B00075,M02,2026-01-01 12:30:00,184.9,26.2,81.65,4.48,3.1,13.07,Normal,None
B00076,M02,2026-01-01 12:40:00,189.14,22.78,80.89,5.09,2.88,11.68,Normal,None
B00077,M01,2026-01-01 12:50:00,186.1,24.88,79.34,4.42,3.54,11.43,Normal,None
B00078,M04,2026-01-01 13:00:00,226.72,23.56,96.14,3.84,3.55,12.16,Defect,Porosity
B00079,M02,2026-01-01 13:10:00,183.03,23.91,86.88,4.52,3.49,12.05,Normal,None
B00080,M01,2026-01-01 13:20:00,184.38,23.9,80.76,4.47,3.46,11.59,Normal,None
B00081,M04,2026-01-01 13:30:00,190.64,22.59,83.58,4.29,2.94,13.25,Normal,None
B00082,M03,2026-01-01 13:40:00,186.51,24.57,93.99,4.9,3.25,13.35,Normal,None
B00083,M01,2026-01-01 13:50:00,176.97,23.47,81.69,4.53,3.09,13.09,Normal,None
B00084,M04,2026-01-01 14:00:00,193.34,25.18,81.41,4.32,3.09,12.23,Normal,None
B00085,M04,2026-01-01 14:10:00,174.42,24.23,87.25,5.04,2.57,11.1,Normal,None
B00086,M04,2026-01-01 14:20:00,184.26,24.81,86.93,4.06,3.18,13.01,Normal,None
B00087,M04,2026-01-01 14:30:00,183.13,25.2,85.5,3.91,3.31,13.61,Normal,None
B00088,M04,2026-01-01 14:40:00,186.01,23.9,90.29,4.76,3.59,12.24,Normal,None
B00089,M02,2026-01-01 14:50:00,192.46,25.74,83.76,4.5,2.93,13.02,Normal,None
B00090,M04,2026-01-01 15:00:00,176.92,24.6,90.8,4.22,3.04,10.96,Normal,None
B00091,M04,2026-01-01 15:10:00,173.81,23.01,83.58,4.4,3.3,10.0,Normal,None
B00092,M03,2026-01-01 15:20:00,184.77,23.77,108.67,4.37,2.51,10.89,Defect,Crack
B00093,M02,2026-01-01 15:30:00,192.15,24.45,85.99,4.62,3.4,10.94,Normal,None
B00094,M02,2026-01-01 15:40:00,182.04,24.24,97.07,4.4,3.11,11.95,Normal,None
B00095,M01,2026-01-01 15:50:00,197.16,24.69,87.42,4.45,3.06,11.91,Normal,None
B00096,M03,2026-01-01 16:00:00,194.54,23.81,86.98,4.31,3.22,13.43,Normal,None
B00097,M01,2026-01-01 16:10:00,206.9,23.76,85.83,4.0,3.11,12.72,Normal,None
B00098,M02,2026-01-01 16:20:00,174.36,24.94,78.4,4.48,3.01,10.82,Normal,None
B00099,M01,2026-01-01 16:30:00,184.57,24.75,80.94,4.55,3.18,8.99,Normal,None
B00100,M04,2026-01-01 16:40:00,205.89,25.81,83.4,4.28,2.66,11.94,Normal,None
B00101,M04,2026-01-01 16:50:00,183.56,23.36,83.38,4.73,3.03,11.6,Normal,None
B00102,M01,2026-01-01 17:00:00,189.04,25.5,80.15,4.72,3.37,13.08,Normal,None
B00103,M03,2026-01-01 17:10:00,201.34,24.37,81.98,4.73,2.91,11.55,Normal,None
B00104,M02,2026-01-01 17:20:00,181.53,23.43,85.39,4.73,3.32,11.68,Normal,None
B00105,M02,2026-01-01 17:30:00,177.93,25.38,82.19,5.21,3.15,13.17,Normal,None
B00106,M01,2026-01-01 17:40:00,194.5,24.07,83.75,4.43,3.45,11.96,Normal,None
B00107,M01,2026-01-01 17:50:00,193.44,23.17,83.27,4.58,3.39,10.17,Normal,None
B00108,M04,2026-01-01 18:00:00,189.92,25.61,85.54,4.66,3.72,11.08,Normal,None
B00109,M04,2026-01-01 18:10:00,175.03,25.65,79.75,4.92,3.21,11.98,Normal,None
B00110,M01,2026-01-01 18:20:00,189.64,24.52,90.06,4.44,3.51,11.27,Normal,None
B00111,M03,2026-01-01 18:30:00,186.04,26.44,82.36,4.04,3.05,10.6,Normal,None
B00112,M03,2026-01-01 18:40:00,190.12,23.84,93.78,4.7,3.34,13.65,Normal,None
B00113,M03,2026-01-01 18:50:00,196.76,26.48,75.24,4.82,2.96,12.27,Normal,None
B00114,M01,2026-01-01 19:00:00,195.95,25.69,84.36,4.0,3.16,9.97,Normal,None
B00115,M04,2026-01-01 19:10:00,213.11,26.49,130.96,4.24,3.15,10.43,Defect,Burn_Through
B00116,M04,2026-01-01 19:20:00,195.86,25.38,75.64,4.46,3.0,10.34,Normal,None
B00117,M02,2026-01-01 19:30:00,194.56,22.54,67.07,4.08,3.17,10.3,Normal,None
B00118,M02,2026-01-01 19:40:00,203.46,25.71,97.49,4.5,2.75,10.37,Normal,None
B00119,M03,2026-01-01 19:50:00,193.56,24.83,80.95,4.47,3.54,13.57,Normal,None
B00120,M02,2026-01-01 20:00:00,213.85,22.73,82.4,4.63,2.95,10.6,Normal,None
B00121,M04,2026-01-01 20:10:00,192.06,24.0,94.7,4.67,2.79,11.21,Normal,None
B00122,M04,2026-01-01 20:20:00,196.72,24.99,87.68,4.17,3.51,11.69,Normal,None
B00123,M04,2026-01-01 20:30:00,140.82,27.26,78.63,4.27,2.33,17.2,Defect,Incomplete_Weld
B00124,M01,2026-01-01 20:40:00,205.75,23.16,118.58,3.57,2.79,12.58,Defect,Porosity
B00125,M04,2026-01-01 20:50:00,181.6,24.64,78.56,4.39,3.59,10.48,Normal,None
B00126,M04,2026-01-01 21:00:00,239.56,27.18,110.49,4.2,2.97,13.43,Defect,Burn_Through
B00127,M04,2026-01-01 21:10:00,177.91,26.21,82.09,5.31,3.14,11.52,Normal,None
B00128,M01,2026-01-01 21:20:00,178.6,24.2,65.66,4.53,3.22,13.65,Normal,None
B00129,M02,2026-01-01 21:30:00,192.1,24.02,86.2,4.54,3.06,12.53,Normal,None
B00130,M03,2026-01-01 21:40:00,170.72,24.5,81.21,4.09,2.92,11.36,Normal,None
B00131,M02,2026-01-01 21:50:00,193.11,25.27,83.79,4.66,3.78,12.16,Normal,None
B00132,M04,2026-01-01 22:00:00,189.7,22.92,89.78,4.73,3.17,11.85,Normal,None
B00133,M03,2026-01-01 22:10:00,194.83,25.32,84.72,4.38,2.75,11.92,Normal,None
B00134,M02,2026-01-01 22:20:00,193.59,22.66,79.09,4.3,3.48,12.76,Normal,None
B00135,M01,2026-01-01 22:30:00,182.7,24.43,74.45,4.69,2.98,12.84,Normal,None
B00136,M03,2026-01-01 22:40:00,195.48,24.72,83.55,4.63,3.1,10.41,Normal,None
B00137,M04,2026-01-01 22:50:00,177.11,25.71,81.01,4.69,3.16,13.11,Normal,None
B00138,M02,2026-01-01 23:00:00,165.98,24.78,94.8,4.5,1.94,13.25,Defect,Incomplete_Weld
B00139,M03,2026-01-01 23:10:00,200.01,24.74,77.7,4.46,3.43,10.6,Normal,None
B00140,M01,2026-01-01 23:20:00,200.26,23.05,85.28,4.25,3.14,10.53,Normal,None
B00141,M04,2026-01-01 23:30:00,187.54,23.86,77.15,4.86,3.08,12.99,Normal,None
B00142,M01,2026-01-01 23:40:00,172.27,22.34,86.79,4.98,3.43,12.27,Normal,None
B00143,M01,2026-01-01 23:50:00,188.13,24.24,83.29,4.71,3.13,10.48,Normal,None
B00144,M02,2026-01-02 00:00:00,197.49,23.7,71.1,4.78,3.46,11.46,Normal,None
B00145,M03,2026-01-02 00:10:00,208.14,23.92,106.24,4.71,2.62,12.6,Defect,Crack
B00146,M02,2026-01-02 00:20:00,166.53,24.34,90.35,4.06,3.13,13.04,Normal,None
B00147,M04,2026-01-02 00:30:00,184.47,25.7,91.34,4.49,3.61,11.91,Normal,None
B00148,M01,2026-01-02 00:40:00,186.92,25.86,90.26,4.42,3.1,11.9,Normal,None
B00149,M04,2026-01-02 00:50:00,209.43,23.94,79.11,4.67,3.62,12.65,Normal,None
B00150,M04,2026-01-02 01:00:00,224.74,28.64,130.9,4.63,3.18,10.72,Defect,Burn_Through
B00151,M02,2026-01-02 01:10:00,196.22,23.15,82.18,4.4,2.75,11.13,Normal,None
B00152,M03,2026-01-02 01:20:00,187.56,25.04,90.22,3.93,2.86,10.96,Normal,None
B00153,M04,2026-01-02 01:30:00,188.35,23.73,85.29,4.52,3.25,11.64,Normal,None
B00154,M01,2026-01-02 01:40:00,205.3,25.67,86.02,4.48,3.12,11.6,Normal,None
B00155,M04,2026-01-02 01:50:00,159.48,25.27,78.3,4.86,3.35,10.65,Normal,None
B00156,M04,2026-01-02 02:00:00,215.11,25.98,117.26,3.21,3.25,11.43,Defect,Porosity
B00157,M04,2026-01-02 02:10:00,185.53,24.08,75.0,4.47,3.5,11.86,Normal,None
B00158,M03,2026-01-02 02:20:00,185.67,24.84,77.31,4.55,3.42,11.77,Normal,None
B00159,M01,2026-01-02 02:30:00,170.63,24.15,78.62,4.34,3.15,12.04,Normal,None
B00160,M04,2026-01-02 02:40:00,193.67,25.58,92.82,5.09,3.14,11.56,Normal,None
B00161,M01,2026-01-02 02:50:00,196.61,24.67,92.19,4.26,3.08,12.19,Normal,None
B00162,M03,2026-01-02 03:00:00,191.27,25.26,91.22,4.51,3.15,10.36,Normal,None
B00163,M02,2026-01-02 03:10:00,184.78,25.22,82.61,5.0,2.93,11.31,Normal,None
B00164,M03,2026-01-02 03:20:00,188.51,24.55,82.16,4.52,2.88,11.53,Normal,None
B00165,M02,2026-01-02 03:30:00,183.57,24.23,79.01,5.06,3.4,11.72,Normal,None
B00166,M01,2026-01-02 03:40:00,188.32,25.21,74.74,4.44,3.31,12.94,Normal,None
B00167,M01,2026-01-02 03:50:00,187.9,23.95,93.38,4.4,3.6,12.25,Normal,None
B00168,M02,2026-01-02 04:00:00,188.99,23.66,73.48,4.71,2.97,10.3,Normal,None
B00169,M01,2026-01-02 04:10:00,181.62,22.36,88.85,4.76,3.41,11.19,Normal,None
B00170,M03,2026-01-02 04:20:00,194.25,23.01,77.82,4.61,3.03,12.25,Normal,None
B00171,M02,2026-01-02 04:30:00,231.14,26.84,137.46,4.36,3.07,13.54,Defect,Burn_Through
B00172,M01,2026-01-02 04:40:00,184.9,24.66,84.47,4.52,3.16,10.51,Normal,None
B00173,M03,2026-01-02 04:50:00,196.8,25.04,85.6,4.69,3.14,12.49,Normal,None
B00174,M04,2026-01-02 05:00:00,187.6,24.64,88.02,4.63,3.31,10.48,Normal,None
B00175,M04,2026-01-02 05:10:00,194.78,26.9,89.03,4.36,2.76,12.32,Normal,None
B00176,M01,2026-01-02 05:20:00,191.2,24.09,87.09,4.94,2.9,11.34,Normal,None
B00177,M03,2026-01-02 05:30:00,189.26,24.34,121.18,4.82,1.77,13.74,Defect,Crack
B00178,M01,2026-01-02 05:40:00,199.29,22.02,78.65,4.16,3.05,12.54,Normal,None
B00179,M04,2026-01-02 05:50:00,197.68,24.94,82.22,4.55,3.36,11.71,Normal,None
B00180,M03,2026-01-02 06:00:00,211.5,24.71,84.14,4.68,3.23,12.87,Normal,None
B00181,M03,2026-01-02 06:10:00,206.74,22.74,76.51,4.18,3.11,12.81,Normal,None
B00182,M02,2026-01-02 06:20:00,208.71,24.56,96.36,4.25,3.48,11.19,Normal,None
B00183,M03,2026-01-02 06:30:00,189.09,24.6,71.72,4.73,2.94,12.94,Normal,None
B00184,M03,2026-01-02 06:40:00,178.7,24.59,84.49,4.28,3.05,11.76,Normal,None
B00185,M03,2026-01-02 06:50:00,187.02,23.41,87.03,4.77,3.05,9.41,Normal,None
B00186,M02,2026-01-02 07:00:00,183.83,24.37,71.95,4.41,3.11,11.41,Normal,None
B00187,M03,2026-01-02 07:10:00,198.8,22.29,81.59,4.73,3.05,12.94,Normal,None
B00188,M01,2026-01-02 07:20:00,190.94,25.66,89.44,4.99,3.35,12.07,Normal,None
B00189,M02,2026-01-02 07:30:00,212.4,23.58,83.31,4.51,3.43,11.12,Normal,None
B00190,M02,2026-01-02 07:40:00,173.85,24.7,76.96,4.64,2.9,10.32,Normal,None
B00191,M04,2026-01-02 07:50:00,173.3,22.72,83.36,4.24,2.75,10.77,Normal,None
B00192,M03,2026-01-02 08:00:00,191.36,24.57,77.49,4.82,2.73,11.68,Normal,None
B00193,M03,2026-01-02 08:10:00,200.45,22.05,91.0,4.74,3.47,13.21,Normal,None
B00194,M03,2026-01-02 08:20:00,171.67,24.17,81.12,4.16,3.71,12.49,Normal,None
B00195,M01,2026-01-02 08:30:00,208.19,23.68,74.36,4.74,3.31,12.9,Normal,None
B00196,M04,2026-01-02 08:40:00,160.9,26.36,83.29,4.72,2.17,15.6,Defect,Incomplete_Weld
B00197,M01,2026-01-02 08:50:00,174.09,23.92,80.08,4.47,3.46,11.02,Normal,None
B00198,M03,2026-01-02 09:00:00,206.02,26.0,80.55,4.65,3.38,13.14,Normal,None
B00199,M03,2026-01-02 09:10:00,185.4,25.56,74.08,4.18,2.91,11.46,Normal,None
B00200,M04,2026-01-02 09:20:00,180.31,24.1,91.66,4.11,3.22,11.15,Normal,None
B00201,M02,2026-01-02 09:30:00,247.12,24.96,96.92,3.22,3.28,10.25,Defect,Porosity
B00202,M02,2026-01-02 09:40:00,204.59,24.76,93.24,4.65,3.14,10.56,Normal,None
B00203,M01,2026-01-02 09:50:00,178.58,23.07,85.7,4.92,3.25,10.36,Normal,None
B00204,M04,2026-01-02 10:00:00,192.42,24.9,92.03,4.43,2.62,13.26,Normal,None
B00205,M01,2026-01-02 10:10:00,199.82,23.54,95.11,4.82,2.63,12.13,Normal,None
B00206,M01,2026-01-02 10:20:00,177.36,23.44,75.59,4.49,3.15,12.27,Normal,None
B00207,M02,2026-01-02 10:30:00,194.14,25.56,88.68,4.6,3.09,12.66,Normal,None
B00208,M01,2026-01-02 10:40:00,187.89,23.46,89.6,4.59,3.49,13.63,Normal,None
B00209,M03,2026-01-02 10:50:00,191.1,23.38,84.67,4.79,3.36,12.33,Normal,None
B00210,M04,2026-01-02 11:00:00,197.55,24.1,69.29,4.65,3.24,12.98,Normal,None
B00211,M02,2026-01-02 11:10:00,145.95,23.97,98.34,4.52,2.7,15.8,Defect,Incomplete_Weld
B00212,M02,2026-01-02 11:20:00,175.86,24.24,86.01,4.43,2.84,11.22,Normal,None
B00213,M02,2026-01-02 11:30:00,188.39,26.06,95.06,4.41,3.5,10.66,Normal,None
B00214,M04,2026-01-02 11:40:00,202.01,24.08,94.49,4.1,2.72,11.49,Normal,None
B00215,M02,2026-01-02 11:50:00,166.32,27.16,84.28,4.3,2.81,11.21,Normal,None
B00216,M01,2026-01-02 12:00:00,207.55,24.53,87.96,4.39,3.3,12.07,Normal,None
B00217,M02,2026-01-02 12:10:00,192.78,24.56,81.07,5.06,3.03,12.77,Normal,None
B00218,M02,2026-01-02 12:20:00,189.4,25.27,86.84,4.28,2.97,11.19,Normal,None
B00219,M01,2026-01-02 12:30:00,208.12,24.78,79.14,4.75,2.96,10.52,Normal,None
B00220,M04,2026-01-02 12:40:00,191.94,23.88,96.04,4.22,2.97,12.23,Normal,None
B00221,M03,2026-01-02 12:50:00,175.78,24.14,75.98,3.6,2.87,12.05,Normal,None
B00222,M03,2026-01-02 13:00:00,197.26,23.82,87.09,4.53,2.95,11.1,Normal,None
B00223,M02,2026-01-02 13:10:00,195.22,24.08,86.69,4.54,3.45,11.61,Normal,None
B00224,M03,2026-01-02 13:20:00,187.69,23.63,79.93,4.46,3.32,11.75,Normal,None
B00225,M02,2026-01-02 13:30:00,210.48,28.64,132.2,4.39,2.89,11.18,Defect,Burn_Through
B00226,M03,2026-01-02 13:40:00,213.83,24.57,113.96,3.16,3.11,11.32,Defect,Porosity
B00227,M04,2026-01-02 13:50:00,184.24,25.3,86.81,4.79,3.23,11.34,Normal,None
B00228,M04,2026-01-02 14:00:00,176.38,23.54,88.22,3.94,3.15,11.88,Normal,None
B00229,M01,2026-01-02 14:10:00,190.03,23.19,84.92,4.56,2.9,10.98,Normal,None
B00230,M04,2026-01-02 14:20:00,206.3,24.45,115.53,3.9,3.22,11.02,Defect,Porosity
B00231,M01,2026-01-02 14:30:00,199.84,24.55,90.32,4.83,2.86,11.79,Normal,None
B00232,M04,2026-01-02 14:40:00,186.02,23.58,89.03,4.14,3.47,12.6,Normal,None
B00233,M01,2026-01-02 14:50:00,196.84,23.07,86.93,4.72,2.92,11.62,Normal,None
B00234,M04,2026-01-02 15:00:00,200.21,24.21,123.5,4.04,2.33,12.26,Defect,Crack
B00235,M04,2026-01-02 15:10:00,182.79,24.04,93.67,4.73,3.26,11.67,Normal,None
B00236,M03,2026-01-02 15:20:00,195.67,25.25,89.01,4.7,3.58,11.88,Normal,None
B00237,M04,2026-01-02 15:30:00,181.01,24.92,77.34,4.96,2.9,13.62,Normal,None
B00238,M01,2026-01-02 15:40:00,201.84,24.0,89.6,4.37,3.16,13.32,Normal,None
B00239,M03,2026-01-02 15:50:00,191.82,24.35,90.53,4.39,3.06,11.3,Normal,None
B00240,M02,2026-01-02 16:00:00,196.83,24.65,127.91,4.67,2.62,13.19,Defect,Crack
B00241,M04,2026-01-02 16:10:00,192.71,23.46,82.07,3.94,3.22,10.01,Normal,None
B00242,M02,2026-01-02 16:20:00,183.16,26.0,81.28,4.46,3.37,11.75,Normal,None
B00243,M03,2026-01-02 16:30:00,184.7,25.4,82.82,4.45,3.01,10.81,Normal,None
B00244,M04,2026-01-02 16:40:00,196.12,25.08,83.57,3.95,2.66,13.5,Normal,None
B00245,M04,2026-01-02 16:50:00,194.42,23.48,88.02,4.41,3.33,12.56,Normal,None
B00246,M04,2026-01-02 17:00:00,199.49,24.98,83.27,4.16,3.47,11.72,Normal,None
B00247,M02,2026-01-02 17:10:00,209.65,23.57,82.52,4.1,3.26,13.84,Normal,None
B00248,M01,2026-01-02 17:20:00,226.24,25.28,113.95,4.35,3.37,12.68,Defect,Burn_Through
B00249,M01,2026-01-02 17:30:00,189.57,24.52,86.02,4.22,3.06,11.54,Normal,None
B00250,M04,2026-01-02 17:40:00,190.88,24.3,75.21,4.83,3.5,13.15,Normal,None
B00251,M04,2026-01-02 17:50:00,193.54,24.42,94.96,4.48,2.86,11.08,Normal,None
B00252,M02,2026-01-02 18:00:00,185.42,24.03,84.13,4.47,2.98,9.86,Normal,None
B00253,M04,2026-01-02 18:10:00,200.72,23.37,72.67,4.58,3.29,11.16,Normal,None
B00254,M04,2026-01-02 18:20:00,168.78,26.09,89.82,4.57,2.56,13.85,Defect,Incomplete_Weld
B00255,M03,2026-01-02 18:30:00,193.45,23.28,80.73,4.75,2.78,11.29,Normal,None
B00256,M01,2026-01-02 18:40:00,181.84,24.3,83.76,4.52,3.31,12.22,Normal,None
B00257,M02,2026-01-02 18:50:00,144.0,24.28,78.74,4.63,2.73,13.14,Defect,Incomplete_Weld
B00258,M03,2026-01-02 19:00:00,182.93,23.96,92.8,4.29,3.36,13.9,Normal,None
B00259,M01,2026-01-02 19:10:00,169.86,23.52,79.35,4.13,2.87,14.75,Defect,Incomplete_Weld
B00260,M03,2026-01-02 19:20:00,191.84,26.1,132.89,4.04,2.45,11.3,Defect,Crack
B00261,M04,2026-01-02 19:30:00,172.99,24.14,79.26,4.08,3.5,12.36,Normal,None
B00262,M04,2026-01-02 19:40:00,191.64,25.26,79.01,4.37,3.16,10.69,Normal,None
B00263,M03,2026-01-02 19:50:00,194.67,24.17,75.17,4.54,3.04,12.02,Normal,None
B00264,M02,2026-01-02 20:00:00,226.29,24.2,95.11,2.9,2.85,11.27,Defect,Porosity
B00265,M02,2026-01-02 20:10:00,183.11,25.32,93.59,4.15,2.95,12.82,Normal,None
B00266,M02,2026-01-02 20:20:00,187.19,23.82,80.59,3.88,3.1,12.41,Normal,None
B00267,M02,2026-01-02 20:30:00,187.22,25.29,92.56,4.62,2.85,12.72,Normal,None
B00268,M04,2026-01-02 20:40:00,183.04,24.98,95.94,4.78,2.91,11.9,Normal,None
B00269,M02,2026-01-02 20:50:00,178.83,23.25,92.54,4.22,3.31,12.2,Normal,None
B00270,M01,2026-01-02 21:00:00,169.74,25.37,86.36,4.56,2.52,12.01,Normal,None
B00271,M04,2026-01-02 21:10:00,185.4,23.18,89.26,4.08,3.11,11.56,Normal,None
B00272,M01,2026-01-02 21:20:00,172.62,23.95,81.82,4.39,3.27,12.28,Normal,None
B00273,M02,2026-01-02 21:30:00,190.11,23.17,90.6,4.15,3.41,10.18,Normal,None
B00274,M03,2026-01-02 21:40:00,180.35,24.5,91.41,4.48,3.14,9.72,Normal,None
B00275,M04,2026-01-02 21:50:00,189.85,25.05,79.16,4.55,3.52,12.05,Normal,None
B00276,M01,2026-01-02 22:00:00,187.86,23.55,72.75,4.54,3.17,12.26,Normal,None
B00277,M04,2026-01-02 22:10:00,189.87,23.33,71.04,4.64,3.65,11.96,Normal,None
B00278,M04,2026-01-02 22:20:00,192.16,26.07,84.72,4.38,3.07,12.31,Normal,None
B00279,M03,2026-01-02 22:30:00,182.52,25.85,86.61,4.09,3.03,11.2,Normal,None
B00280,M01,2026-01-02 22:40:00,234.12,27.78,124.36,4.26,2.85,13.67,Defect,Burn_Through
B00281,M04,2026-01-02 22:50:00,172.59,23.78,89.59,4.48,3.76,14.35,Normal,None
B00282,M04,2026-01-02 23:00:00,215.07,24.59,95.7,4.93,3.5,13.43,Normal,None
B00283,M03,2026-01-02 23:10:00,191.42,24.28,83.52,4.33,3.3,12.35,Normal,None
B00284,M01,2026-01-02 23:20:00,182.14,23.15,90.29,4.29,3.42,13.39,Normal,None
B00285,M02,2026-01-02 23:30:00,177.77,23.87,120.29,4.63,2.8,13.36,Defect,Crack
B00286,M03,2026-01-02 23:40:00,180.23,21.98,95.77,4.12,3.47,12.59,Normal,None
B00287,M01,2026-01-02 23:50:00,191.47,24.75,88.56,4.69,3.23,12.47,Normal,None
B00288,M03,2026-01-03 00:00:00,183.23,24.95,83.01,4.42,3.05,13.04,Normal,None
B00289,M01,2026-01-03 00:10:00,205.29,25.12,88.29,2.78,3.28,12.38,Defect,Porosity
B00290,M04,2026-01-03 00:20:00,191.91,22.96,118.39,4.63,2.39,12.24,Defect,Crack
B00291,M01,2026-01-03 00:30:00,179.95,25.18,89.2,4.96,2.87,11.45,Normal,None
B00292,M02,2026-01-03 00:40:00,197.24,24.77,94.93,4.31,3.31,12.95,Normal,None
B00293,M01,2026-01-03 00:50:00,186.91,25.26,83.6,5.24,3.21,10.99,Normal,None
B00294,M02,2026-01-03 01:00:00,185.73,23.72,97.37,4.61,3.3,13.01,Normal,None
B00295,M03,2026-01-03 01:10:00,198.85,25.79,69.65,4.32,3.37,12.48,Normal,None
B00296,M01,2026-01-03 01:20:00,164.11,25.37,81.91,5.24,1.93,15.96,Defect,Incomplete_Weld
B00297,M03,2026-01-03 01:30:00,190.63,24.62,78.64,4.03,3.1,12.37,Normal,None
B00298,M03,2026-01-03 01:40:00,195.22,24.35,82.51,4.09,2.94,11.03,Normal,None
B00299,M03,2026-01-03 01:50:00,193.32,24.42,87.55,4.4,3.34,12.04,Normal,None
B00300,M01,2026-01-03 02:00:00,180.21,24.15,80.05,4.08,3.6,10.96,Normal,None
B00301,M04,2026-01-03 02:10:00,171.24,25.59,88.29,5.05,3.57,11.85,Normal,None
B00302,M02,2026-01-03 02:20:00,196.83,23.79,88.08,5.11,3.46,12.02,Normal,None
B00303,M02,2026-01-03 02:30:00,204.78,23.74,79.66,4.56,2.99,13.6,Normal,None
B00304,M02,2026-01-03 02:40:00,213.82,24.53,74.04,4.15,3.13,12.5,Normal,None
B00305,M03,2026-01-03 02:50:00,184.73,23.97,83.51,4.73,3.03,12.71,Normal,None
B00306,M04,2026-01-03 03:00:00,197.05,24.17,83.79,4.95,3.45,13.07,Normal,None
B00307,M02,2026-01-03 03:10:00,242.27,28.06,114.21,4.56,3.4,12.54,Defect,Burn_Through
B00308,M02,2026-01-03 03:20:00,191.85,26.25,89.38,4.81,2.32,13.84,Normal,None
B00309,M01,2026-01-03 03:30:00,187.35,25.01,89.76,4.54,3.61,11.63,Normal,None
B00310,M04,2026-01-03 03:40:00,177.69,25.31,93.05,4.38,3.19,11.72,Normal,None
B00311,M01,2026-01-03 03:50:00,193.78,24.47,89.62,4.5,3.14,12.3,Normal,None
B00312,M01,2026-01-03 04:00:00,198.69,23.72,93.86,4.78,3.01,11.57,Normal,None
B00313,M02,2026-01-03 04:10:00,207.47,24.52,92.01,4.32,3.28,12.21,Normal,None
B00314,M03,2026-01-03 04:20:00,194.17,24.73,73.9,5.03,3.74,12.2,Normal,None
B00315,M03,2026-01-03 04:30:00,174.9,23.85,88.11,4.6,3.21,11.25,Normal,None
B00316,M04,2026-01-03 04:40:00,236.04,29.01,119.49,4.01,3.11,10.92,Defect,Burn_Through
B00317,M02,2026-01-03 04:50:00,157.02,26.46,80.52,4.53,3.28,13.96,Normal,None
B00318,M04,2026-01-03 05:00:00,183.92,24.23,93.26,4.45,3.62,13.07,Normal,None
B00319,M03,2026-01-03 05:10:00,178.05,24.9,92.41,4.25,3.22,11.58,Normal,None
B00320,M02,2026-01-03 05:20:00,170.9,24.32,106.11,4.33,2.14,12.3,Defect,Crack
B00321,M04,2026-01-03 05:30:00,165.33,25.34,77.58,4.64,2.37,14.32,Defect,Incomplete_Weld
B00322,M04,2026-01-03 05:40:00,195.8,25.25,95.73,4.39,2.89,13.1,Normal,None
B00323,M03,2026-01-03 05:50:00,195.08,24.2,88.75,4.1,3.32,11.0,Normal,None
B00324,M03,2026-01-03 06:00:00,197.82,25.91,90.39,4.52,3.47,11.49,Normal,None
B00325,M04,2026-01-03 06:10:00,186.2,24.47,86.77,4.31,3.53,10.03,Normal,None
B00326,M01,2026-01-03 06:20:00,171.21,24.32,84.28,4.29,3.02,10.75,Normal,None
B00327,M01,2026-01-03 06:30:00,181.51,24.27,71.41,4.19,3.49,12.64,Normal,None
B00328,M02,2026-01-03 06:40:00,172.31,23.93,93.2,4.17,2.19,15.27,Defect,Incomplete_Weld
B00329,M01,2026-01-03 06:50:00,162.85,24.39,96.66,4.43,2.45,15.28,Defect,Incomplete_Weld
B00330,M01,2026-01-03 07:00:00,197.66,24.01,97.08,4.74,3.38,10.93,Normal,None
B00331,M01,2026-01-03 07:10:00,203.04,24.14,67.09,4.71,2.89,11.95,Normal,None
B00332,M04,2026-01-03 07:20:00,202.59,23.78,101.92,4.51,3.2,13.58,Normal,None
B00333,M02,2026-01-03 07:30:00,193.31,24.38,87.77,4.23,3.28,12.71,Normal,None
B00334,M02,2026-01-03 07:40:00,250.25,26.94,113.07,4.15,2.94,11.77,Defect,Burn_Through
B00335,M02,2026-01-03 07:50:00,181.61,22.88,88.52,4.98,3.16,11.47,Normal,None
B00336,M04,2026-01-03 08:00:00,184.89,24.28,84.7,4.4,3.25,12.87,Normal,None
B00337,M04,2026-01-03 08:10:00,193.2,24.14,90.69,4.59,3.5,11.59,Normal,None
B00338,M03,2026-01-03 08:20:00,192.52,24.32,80.96,4.76,3.1,14.54,Normal,None
B00339,M01,2026-01-03 08:30:00,196.41,25.0,93.49,4.17,3.0,10.29,Normal,None
B00340,M04,2026-01-03 08:40:00,183.06,24.82,86.72,4.62,3.04,11.76,Normal,None
B00341,M04,2026-01-03 08:50:00,191.32,24.47,91.81,4.65,3.45,12.08,Normal,None
B00342,M02,2026-01-03 09:00:00,217.07,24.72,73.39,4.19,3.15,10.93,Normal,None
B00343,M01,2026-01-03 09:10:00,210.93,24.13,88.68,4.56,2.95,11.75,Normal,None
B00344,M04,2026-01-03 09:20:00,235.48,27.54,118.1,4.79,2.6,11.72,Defect,Burn_Through
B00345,M02,2026-01-03 09:30:00,194.06,24.21,94.86,4.02,3.04,12.46,Normal,None
B00346,M03,2026-01-03 09:40:00,194.96,23.83,80.58,4.3,2.99,11.63,Normal,None
B00347,M04,2026-01-03 09:50:00,208.34,24.36,76.51,4.89,3.48,10.51,Normal,None
B00348,M02,2026-01-03 10:00:00,209.32,25.55,124.32,4.22,2.19,10.98,Defect,Crack
B00349,M03,2026-01-03 10:10:00,189.57,22.7,84.54,3.98,2.91,12.07,Normal,None
B00350,M04,2026-01-03 10:20:00,187.94,24.16,90.55,4.69,3.25,12.51,Normal,None
B00351,M01,2026-01-03 10:30:00,197.17,24.43,75.97,4.24,3.24,12.33,Normal,None
B00352,M02,2026-01-03 10:40:00,188.69,24.42,81.93,4.41,2.91,13.36,Normal,None
B00353,M02,2026-01-03 10:50:00,204.79,24.13,66.17,4.51,3.37,12.14,Normal,None
B00354,M03,2026-01-03 11:00:00,176.36,24.4,81.79,4.03,2.77,10.81,Normal,None
B00355,M02,2026-01-03 11:10:00,201.86,24.33,79.69,4.55,3.19,10.26,Normal,None
B00356,M02,2026-01-03 11:20:00,194.32,25.1,88.19,4.63,3.19,11.74,Normal,None
B00357,M04,2026-01-03 11:30:00,178.83,25.3,94.25,5.08,3.65,11.36,Normal,None
B00358,M03,2026-01-03 11:40:00,178.37,25.2,78.91,4.11,2.51,12.26,Normal,None
B00359,M04,2026-01-03 11:50:00,196.26,23.56,86.37,4.31,2.93,11.77,Normal,None
B00360,M02,2026-01-03 12:00:00,199.84,23.67,74.05,4.83,3.21,12.21,Normal,None
B00361,M03,2026-01-03 12:10:00,184.74,23.52,79.12,4.63,2.68,12.87,Normal,None
B00362,M01,2026-01-03 12:20:00,182.04,24.03,92.3,4.52,3.1,13.0,Normal,None
B00363,M02,2026-01-03 12:30:00,187.97,24.12,97.22,4.35,3.34,12.76,Normal,None
B00364,M04,2026-01-03 12:40:00,181.55,25.18,83.4,4.39,3.45,12.22,Normal,None
B00365,M02,2026-01-03 12:50:00,192.74,25.04,91.65,4.21,3.12,12.25,Normal,None
B00366,M01,2026-01-03 13:00:00,201.18,24.21,79.04,4.45,3.01,10.52,Normal,None
B00367,M03,2026-01-03 13:10:00,199.55,24.88,91.06,4.6,3.1,12.58,Normal,None
B00368,M02,2026-01-03 13:20:00,199.26,23.29,72.49,4.34,3.21,14.15,Normal,None
B00369,M02,2026-01-03 13:30:00,193.75,23.5,79.2,4.65,3.0,12.58,Normal,None
B00370,M03,2026-01-03 13:40:00,199.07,26.13,89.33,4.5,3.27,11.15,Normal,None
B00371,M03,2026-01-03 13:50:00,202.72,25.74,82.35,4.6,3.34,13.32,Normal,None
B00372,M03,2026-01-03 14:00:00,183.28,23.2,86.53,3.85,3.23,12.82,Normal,None
B00373,M03,2026-01-03 14:10:00,196.45,24.1,93.55,4.89,3.34,13.04,Normal,None
B00374,M04,2026-01-03 14:20:00,185.96,25.55,93.44,4.37,2.98,12.8,Normal,None
B00375,M04,2026-01-03 14:30:00,195.43,23.23,89.63,4.39,3.54,10.27,Normal,None
B00376,M04,2026-01-03 14:40:00,213.93,23.97,96.18,3.9,3.69,11.31,Normal,None
B00377,M01,2026-01-03 14:50:00,197.16,24.53,86.24,4.57,2.72,9.17,Normal,None
B00378,M02,2026-01-03 15:00:00,174.04,24.68,83.4,4.16,3.06,11.57,Normal,None
B00379,M01,2026-01-03 15:10:00,181.38,25.15,82.02,5.03,2.86,12.27,Normal,None
B00380,M02,2026-01-03 15:20:00,181.38,23.71,66.56,4.24,3.2,11.21,Normal,None
B00381,M02,2026-01-03 15:30:00,196.84,23.07,84.81,4.6,3.27,11.43,Normal,None
B00382,M02,2026-01-03 15:40:00,167.95,23.76,85.9,4.31,3.17,12.35,Normal,None
B00383,M02,2026-01-03 15:50:00,207.47,23.78,107.17,3.43,3.29,10.98,Defect,Porosity
B00384,M01,2026-01-03 16:00:00,170.47,24.97,80.73,4.79,2.75,12.92,Normal,None
B00385,M04,2026-01-03 16:10:00,201.19,24.53,91.68,5.07,3.16,11.18,Normal,None
B00386,M01,2026-01-03 16:20:00,201.78,24.11,88.46,4.33,3.31,10.59,Normal,None
B00387,M01,2026-01-03 16:30:00,197.98,25.64,88.14,4.39,3.28,11.26,Normal,None
B00388,M04,2026-01-03 16:40:00,192.87,21.4,78.76,4.47,3.56,13.2,Normal,None
B00389,M02,2026-01-03 16:50:00,200.17,22.78,87.66,5.09,3.26,12.46,Normal,None
B00390,M03,2026-01-03 17:00:00,162.9,24.37,117.66,4.95,2.23,11.74,Defect,Crack
B00391,M01,2026-01-03 17:10:00,175.8,23.11,83.35,3.87,3.3,12.35,Normal,None
B00392,M03,2026-01-03 17:20:00,189.83,25.9,75.01,4.74,3.16,12.67,Normal,None
B00393,M02,2026-01-03 17:30:00,219.78,24.35,111.08,3.48,3.4,11.4,Defect,Porosity
B00394,M01,2026-01-03 17:40:00,196.54,23.96,80.88,4.87,3.35,11.78,Normal,None
B00395,M04,2026-01-03 17:50:00,190.69,24.75,87.2,3.94,3.25,11.76,Normal,None
B00396,M01,2026-01-03 18:00:00,198.99,24.97,84.57,4.86,3.22,12.58,Normal,None
B00397,M04,2026-01-03 18:10:00,188.81,25.64,79.25,4.31,3.06,12.77,Normal,None
B00398,M03,2026-01-03 18:20:00,189.44,26.0,77.39,5.06,3.25,11.13,Normal,None
B00399,M04,2026-01-03 18:30:00,182.28,25.52,86.52,5.0,2.88,13.52,Normal,None
B00400,M02,2026-01-03 18:40:00,191.49,24.92,75.71,4.54,3.25,12.31,Normal,None
B00401,M01,2026-01-03 18:50:00,199.22,24.86,84.59,4.03,2.96,11.15,Normal,None
B00402,M02,2026-01-03 19:00:00,183.67,23.78,83.0,4.68,3.33,10.32,Normal,None
B00403,M02,2026-01-03 19:10:00,206.09,26.18,121.95,4.59,3.45,12.98,Defect,Burn_Through
B00404,M01,2026-01-03 19:20:00,200.63,24.1,95.14,4.53,3.02,11.44,Normal,None
B00405,M04,2026-01-03 19:30:00,189.11,24.87,93.25,4.72,3.55,13.04,Normal,None
B00406,M01,2026-01-03 19:40:00,173.07,23.6,86.12,4.25,2.62,10.88,Normal,None
B00407,M02,2026-01-03 19:50:00,187.99,24.49,80.02,4.34,3.84,14.48,Normal,None
B00408,M03,2026-01-03 20:00:00,186.27,23.54,81.15,4.22,3.5,10.55,Normal,None
B00409,M01,2026-01-03 20:10:00,182.21,22.17,76.3,5.16,3.19,12.44,Normal,None
B00410,M03,2026-01-03 20:20:00,164.73,24.0,83.71,4.32,3.03,13.73,Defect,Incomplete_Weld
B00411,M01,2026-01-03 20:30:00,167.93,24.29,83.14,3.97,3.6,9.8,Normal,None
B00412,M04,2026-01-03 20:40:00,186.5,25.21,88.05,4.56,3.26,11.41,Normal,None
B00413,M02,2026-01-03 20:50:00,191.3,24.67,78.75,3.99,3.58,12.02,Normal,None
B00414,M04,2026-01-03 21:00:00,204.35,23.09,102.21,4.61,3.05,11.59,Normal,None
B00415,M01,2026-01-03 21:10:00,183.46,23.4,74.03,4.42,2.76,13.76,Normal,None
B00416,M02,2026-01-03 21:20:00,209.74,24.83,75.91,4.75,2.73,11.83,Normal,None
B00417,M01,2026-01-03 21:30:00,193.64,26.21,88.85,5.12,3.11,11.12,Normal,None
B00418,M02,2026-01-03 21:40:00,190.72,24.34,77.75,4.57,2.65,11.74,Normal,None
B00419,M02,2026-01-03 21:50:00,184.36,25.11,76.47,4.83,3.07,12.23,Normal,None
B00420,M02,2026-01-03 22:00:00,184.97,23.96,75.53,4.78,3.15,11.67,Normal,None
B00421,M01,2026-01-03 22:10:00,182.11,25.94,86.07,4.85,2.65,11.97,Normal,None
B00422,M02,2026-01-03 22:20:00,235.34,26.17,123.21,4.69,3.25,12.17,Defect,Burn_Through
B00423,M01,2026-01-03 22:30:00,198.8,24.67,102.25,4.47,3.1,11.1,Normal,None
B00424,M04,2026-01-03 22:40:00,210.15,23.57,78.89,4.87,3.05,12.25,Normal,None
B00425,M04,2026-01-03 22:50:00,180.77,25.37,95.07,4.59,3.42,11.87,Normal,None
B00426,M03,2026-01-03 23:00:00,190.27,25.91,99.03,4.41,3.65,10.85,Normal,None
B00427,M02,2026-01-03 23:10:00,164.61,23.81,73.2,4.66,3.57,10.18,Normal,None
B00428,M03,2026-01-03 23:20:00,195.55,25.16,91.48,4.45,3.05,11.91,Normal,None
B00429,M02,2026-01-03 23:30:00,181.53,24.02,82.4,5.01,3.14,12.43,Normal,None
B00430,M02,2026-01-03 23:40:00,191.23,24.15,84.81,4.32,2.99,11.95,Normal,None
B00431,M03,2026-01-03 23:50:00,174.41,23.22,94.08,4.2,3.43,12.3,Normal,None
B00432,M01,2026-01-04 00:00:00,189.69,24.92,74.85,4.37,2.98,10.32,Normal,None
B00433,M01,2026-01-04 00:10:00,212.14,25.57,104.46,4.63,2.59,11.66,Defect,Crack
B00434,M01,2026-01-04 00:20:00,202.35,23.3,87.63,4.73,2.87,11.32,Normal,None
B00435,M02,2026-01-04 00:30:00,184.58,24.5,86.55,4.46,3.29,12.32,Normal,None
B00436,M01,2026-01-04 00:40:00,192.97,25.07,82.58,4.25,3.08,11.23,Normal,None
B00437,M01,2026-01-04 00:50:00,195.63,24.08,87.38,4.73,3.51,10.6,Normal,None
B00438,M01,2026-01-04 01:00:00,173.5,25.72,81.1,4.68,2.7,15.59,Defect,Incomplete_Weld
B00439,M03,2026-01-04 01:10:00,200.48,24.06,92.15,4.36,3.36,10.09,Normal,None
B00440,M04,2026-01-04 01:20:00,212.4,22.62,85.21,4.52,3.37,11.88,Normal,None
B00441,M04,2026-01-04 01:30:00,200.23,23.51,85.38,4.49,3.17,11.31,Normal,None
B00442,M01,2026-01-04 01:40:00,227.67,26.06,118.89,4.09,3.11,11.51,Defect,Burn_Through
B00443,M04,2026-01-04 01:50:00,171.38,25.43,85.19,4.19,3.26,11.98,Normal,None
B00444,M04,2026-01-04 02:00:00,195.2,24.77,86.5,4.58,3.36,12.09,Normal,None
B00445,M03,2026-01-04 02:10:00,145.92,25.07,86.85,4.49,2.85,14.57,Defect,Incomplete_Weld
B00446,M01,2026-01-04 02:20:00,177.13,24.76,81.97,4.81,3.15,13.22,Normal,None
B00447,M02,2026-01-04 02:30:00,192.2,24.03,93.42,4.59,3.07,11.69,Normal,None
B00448,M02,2026-01-04 02:40:00,182.7,24.33,88.44,4.81,3.14,12.19,Normal,None
B00449,M03,2026-01-04 02:50:00,201.82,24.16,82.85,4.81,3.64,13.09,Normal,None
B00450,M01,2026-01-04 03:00:00,233.93,26.84,118.83,4.49,3.05,13.5,Defect,Burn_Through
B00451,M01,2026-01-04 03:10:00,177.76,24.61,79.5,4.87,3.29,11.79,Normal,None
B00452,M03,2026-01-04 03:20:00,172.35,23.36,77.63,4.53,3.13,10.58,Normal,None
B00453,M01,2026-01-04 03:30:00,193.03,23.61,87.35,5.21,3.23,11.56,Normal,None
B00454,M03,2026-01-04 03:40:00,182.88,24.7,82.87,4.41,3.46,12.2,Normal,None
B00455,M02,2026-01-04 03:50:00,183.72,24.71,83.11,4.3,3.22,12.41,Normal,None
B00456,M02,2026-01-04 04:00:00,194.61,26.01,84.17,4.38,3.84,13.66,Normal,None
B00457,M02,2026-01-04 04:10:00,209.44,25.21,91.29,4.36,3.59,12.56,Normal,None
B00458,M02,2026-01-04 04:20:00,177.1,25.16,87.22,4.46,3.3,12.64,Normal,None
B00459,M04,2026-01-04 04:30:00,191.84,25.38,80.49,4.2,3.24,11.85,Normal,None
B00460,M02,2026-01-04 04:40:00,205.29,22.52,88.31,4.22,3.31,12.02,Normal,None
B00461,M02,2026-01-04 04:50:00,208.14,24.54,80.84,3.96,3.23,11.24,Normal,None
B00462,M02,2026-01-04 05:00:00,176.21,24.4,73.32,4.59,3.3,11.11,Normal,None
B00463,M03,2026-01-04 05:10:00,189.68,25.76,97.22,4.56,3.81,11.96,Normal,None
B00464,M02,2026-01-04 05:20:00,181.99,26.71,76.07,3.71,2.72,11.61,Normal,None
B00465,M01,2026-01-04 05:30:00,198.42,24.49,82.41,3.71,3.1,12.91,Normal,None
B00466,M03,2026-01-04 05:40:00,245.76,25.72,115.88,4.54,3.72,10.71,Defect,Burn_Through
B00467,M03,2026-01-04 05:50:00,196.83,22.82,83.72,5.02,3.46,11.3,Normal,None
B00468,M01,2026-01-04 06:00:00,154.7,23.96,93.32,4.16,2.32,17.12,Defect,Incomplete_Weld
B00469,M03,2026-01-04 06:10:00,200.15,23.86,81.74,4.59,2.89,10.83,Normal,None
B00470,M04,2026-01-04 06:20:00,176.43,24.28,91.82,4.21,3.43,12.22,Normal,None
B00471,M04,2026-01-04 06:30:00,198.13,23.96,95.25,4.62,2.95,11.83,Normal,None
B00472,M01,2026-01-04 06:40:00,209.05,24.95,84.43,3.82,3.28,12.88,Normal,None
B00473,M03,2026-01-04 06:50:00,188.93,26.12,92.88,4.73,3.2,12.41,Normal,None
B00474,M04,2026-01-04 07:00:00,191.61,24.13,89.74,4.24,3.01,12.23,Normal,None
B00475,M03,2026-01-04 07:10:00,200.28,24.49,70.88,4.49,2.87,11.92,Normal,None
B00476,M02,2026-01-04 07:20:00,206.97,25.11,100.23,3.36,3.55,10.26,Defect,Porosity
B00477,M01,2026-01-04 07:30:00,191.71,25.15,90.88,4.84,3.13,11.67,Normal,None
B00478,M02,2026-01-04 07:40:00,182.81,25.17,78.1,4.81,2.73,9.0,Normal,None
B00479,M01,2026-01-04 07:50:00,184.37,26.31,79.89,4.48,3.18,12.01,Normal,None
B00480,M01,2026-01-04 08:00:00,213.02,24.83,86.53,3.98,3.44,12.49,Normal,None
B00481,M03,2026-01-04 08:10:00,200.25,23.72,84.75,4.65,3.14,11.33,Normal,None
B00482,M03,2026-01-04 08:20:00,203.47,24.31,85.37,4.44,3.19,12.79,Normal,None
B00483,M03,2026-01-04 08:30:00,183.1,25.15,81.36,4.71,3.45,10.44,Normal,None
B00484,M04,2026-01-04 08:40:00,172.51,24.36,71.53,4.8,2.9,11.23,Normal,None
B00485,M02,2026-01-04 08:50:00,188.15,24.44,80.45,4.33,2.69,12.37,Normal,None
B00486,M03,2026-01-04 09:00:00,178.62,22.9,89.88,4.58,3.28,11.46,Normal,None
B00487,M01,2026-01-04 09:10:00,193.67,26.1,91.43,4.59,2.84,12.68,Normal,None
B00488,M02,2026-01-04 09:20:00,183.41,23.67,86.01,4.02,2.89,12.12,Normal,None
B00489,M04,2026-01-04 09:30:00,176.89,24.87,95.03,4.44,3.08,11.74,Normal,None
B00490,M02,2026-01-04 09:40:00,186.57,23.67,91.39,4.45,3.25,11.85,Normal,None
B00491,M02,2026-01-04 09:50:00,200.22,24.93,83.98,4.67,2.98,12.16,Normal,None
B00492,M03,2026-01-04 10:00:00,175.03,24.25,87.19,4.71,3.24,11.27,Normal,None
B00493,M03,2026-01-04 10:10:00,183.41,25.25,93.59,4.82,3.29,12.48,Normal,None
B00494,M02,2026-01-04 10:20:00,193.5,25.32,84.02,4.53,3.04,13.06,Normal,None
B00495,M04,2026-01-04 10:30:00,179.79,24.52,91.69,4.63,2.93,9.99,Normal,None
B00496,M01,2026-01-04 10:40:00,182.3,24.09,87.17,4.44,2.58,11.78,Normal,None
B00497,M04,2026-01-04 10:50:00,189.01,25.69,86.09,4.74,3.16,13.11,Normal,None
B00498,M02,2026-01-04 11:00:00,188.36,24.05,95.84,4.39,2.96,9.88,Normal,None
B00499,M03,2026-01-04 11:10:00,194.05,24.78,88.82,4.42,3.48,11.64,Normal,None
B00500,M03,2026-01-04 11:20:00,209.02,24.66,79.27,4.49,2.7,12.74,Normal,None
B00501,M04,2026-01-04 11:30:00,207.6,25.52,95.75,4.64,3.45,12.34,Normal,None
B00502,M04,2026-01-04 11:40:00,185.52,24.85,83.18,5.08,2.99,12.03,Normal,None
B00503,M03,2026-01-04 11:50:00,193.3,25.38,95.67,4.52,3.3,12.06,Normal,None
B00504,M04,2026-01-04 12:00:00,185.7,22.92,86.3,5.31,3.03,12.81,Normal,None
B00505,M01,2026-01-04 12:10:00,192.07,26.04,103.74,4.62,3.27,12.19,Normal,None
B00506,M03,2026-01-04 12:20:00,188.03,24.54,85.46,4.65,2.98,12.62,Normal,None
B00507,M01,2026-01-04 12:30:00,181.63,24.3,81.49,4.51,2.77,12.29,Normal,None
B00508,M01,2026-01-04 12:40:00,186.72,23.26,77.22,4.55,3.32,11.78,Normal,None
B00509,M02,2026-01-04 12:50:00,199.19,25.3,85.28,4.27,2.83,9.68,Normal,None
B00510,M04,2026-01-04 13:00:00,178.59,24.79,81.78,4.21,3.35,12.25,Normal,None
B00511,M04,2026-01-04 13:10:00,176.71,24.77,92.0,3.95,3.43,11.77,Normal,None
B00512,M01,2026-01-04 13:20:00,188.53,25.15,88.66,4.8,3.74,10.67,Normal,None
B00513,M03,2026-01-04 13:30:00,226.4,27.38,121.66,4.72,3.33,11.33,Defect,Burn_Through
B00514,M02,2026-01-04 13:40:00,194.15,25.79,88.05,4.65,3.2,11.91,Normal,None
B00515,M01,2026-01-04 13:50:00,222.25,22.14,110.39,3.46,2.74,10.48,Defect,Porosity
B00516,M04,2026-01-04 14:00:00,194.92,26.05,74.49,4.81,3.27,12.26,Normal,None
B00517,M04,2026-01-04 14:10:00,190.11,24.66,75.03,4.32,2.59,11.22,Normal,None
B00518,M03,2026-01-04 14:20:00,185.23,23.97,85.51,4.24,3.21,12.29,Normal,None
B00519,M04,2026-01-04 14:30:00,202.1,23.42,80.68,4.14,3.27,12.48,Normal,None
B00520,M01,2026-01-04 14:40:00,184.89,24.69,88.2,4.64,3.02,11.13,Normal,None
B00521,M04,2026-01-04 14:50:00,195.33,25.21,85.93,4.82,3.86,12.89,Normal,None
B00522,M02,2026-01-04 15:00:00,175.79,24.41,107.5,4.75,2.39,11.56,Defect,Crack
B00523,M02,2026-01-04 15:10:00,176.15,24.15,90.14,4.88,2.77,11.4,Normal,None
B00524,M03,2026-01-04 15:20:00,181.16,25.27,90.37,4.25,2.39,17.17,Defect,Incomplete_Weld
B00525,M02,2026-01-04 15:30:00,179.73,24.12,89.51,4.6,3.27,12.48,Normal,None
B00526,M01,2026-01-04 15:40:00,189.96,26.03,78.32,3.97,3.19,11.6,Normal,None
B00527,M01,2026-01-04 15:50:00,190.25,25.31,94.04,4.8,3.28,13.26,Normal,None
B00528,M03,2026-01-04 16:00:00,195.82,24.68,81.33,4.63,3.26,10.81,Normal,None
B00529,M01,2026-01-04 16:10:00,187.54,24.43,80.71,4.34,3.58,12.31,Normal,None
B00530,M01,2026-01-04 16:20:00,179.21,25.94,91.09,4.5,2.87,11.92,Normal,None
B00531,M03,2026-01-04 16:30:00,191.09,24.37,91.94,4.58,3.32,10.97,Normal,None
B00532,M03,2026-01-04 16:40:00,186.46,24.88,76.28,4.59,3.24,11.4,Normal,None
B00533,M01,2026-01-04 16:50:00,184.89,24.48,89.71,3.86,3.41,12.46,Normal,None
B00534,M04,2026-01-04 17:00:00,207.68,24.1,83.49,4.11,3.46,11.81,Normal,None
B00535,M01,2026-01-04 17:10:00,178.07,24.22,88.66,4.49,3.51,13.51,Normal,None
B00536,M03,2026-01-04 17:20:00,210.82,22.71,82.83,4.6,2.86,13.98,Normal,None
B00537,M03,2026-01-04 17:30:00,193.86,24.02,89.76,4.78,2.98,11.51,Normal,None
B00538,M01,2026-01-04 17:40:00,176.23,24.46,89.76,4.3,3.57,13.04,Normal,None
B00539,M01,2026-01-04 17:50:00,199.37,23.01,84.71,4.21,3.34,12.88,Normal,None
B00540,M01,2026-01-04 18:00:00,146.44,24.25,99.77,4.65,2.85,14.34,Defect,Incomplete_Weld
B00541,M04,2026-01-04 18:10:00,183.7,22.74,91.6,4.51,3.51,11.15,Normal,None
B00542,M02,2026-01-04 18:20:00,193.56,23.67,86.33,4.4,3.29,13.36,Normal,None
B00543,M03,2026-01-04 18:30:00,171.28,26.07,96.2,4.55,3.35,13.59,Normal,None
B00544,M04,2026-01-04 18:40:00,183.0,24.69,78.51,4.33,3.61,12.96,Normal,None
B00545,M04,2026-01-04 18:50:00,200.57,23.99,79.63,4.58,3.28,11.8,Normal,None
B00546,M01,2026-01-04 19:00:00,202.2,24.5,87.29,4.8,3.01,12.79,Normal,None
B00547,M04,2026-01-04 19:10:00,186.71,24.87,87.48,4.5,3.43,12.56,Normal,None
B00548,M02,2026-01-04 19:20:00,193.79,25.4,88.84,4.52,3.56,13.27,Normal,None
B00549,M03,2026-01-04 19:30:00,184.92,25.37,77.11,4.91,3.13,11.72,Normal,None
B00550,M02,2026-01-04 19:40:00,191.02,24.48,77.87,4.18,3.37,9.99,Normal,None
B00551,M03,2026-01-04 19:50:00,183.55,25.76,73.82,4.05,2.83,14.39,Normal,None
B00552,M02,2026-01-04 20:00:00,182.13,24.64,123.56,4.45,2.44,11.76,Defect,Crack
B00553,M03,2026-01-04 20:10:00,191.91,26.54,98.53,4.24,2.96,11.26,Normal,None
B00554,M03,2026-01-04 20:20:00,192.37,24.27,86.16,4.67,3.22,11.53,Normal,None
B00555,M02,2026-01-04 20:30:00,197.18,25.67,81.92,4.39,3.3,13.09,Normal,None
B00556,M04,2026-01-04 20:40:00,185.4,23.68,85.46,4.76,2.81,11.22,Normal,None
B00557,M04,2026-01-04 20:50:00,198.97,23.72,103.02,4.21,2.38,11.41,Defect,Crack
B00558,M01,2026-01-04 21:00:00,236.76,25.69,104.23,3.04,3.05,12.77,Defect,Porosity
B00559,M02,2026-01-04 21:10:00,189.72,25.25,80.21,4.02,3.31,10.26,Normal,None
B00560,M02,2026-01-04 21:20:00,207.19,24.28,83.79,4.36,2.94,10.49,Normal,None
B00561,M04,2026-01-04 21:30:00,195.52,23.44,82.94,4.73,3.32,10.41,Normal,None
B00562,M04,2026-01-04 21:40:00,192.22,24.79,85.19,4.6,3.0,12.14,Normal,None
B00563,M01,2026-01-04 21:50:00,160.94,25.53,96.2,4.86,3.43,10.89,Normal,None
B00564,M02,2026-01-04 22:00:00,193.61,23.11,86.71,4.29,3.43,12.77,Normal,None
B00565,M03,2026-01-04 22:10:00,190.24,26.03,81.57,4.31,3.46,12.74,Normal,None
B00566,M03,2026-01-04 22:20:00,198.88,25.9,92.74,4.09,3.2,10.07,Normal,None
B00567,M03,2026-01-04 22:30:00,195.6,24.51,92.99,4.72,3.0,11.28,Normal,None
B00568,M01,2026-01-04 22:40:00,184.14,25.1,86.16,4.41,3.46,14.21,Normal,None
B00569,M02,2026-01-04 22:50:00,217.23,26.91,126.93,4.66,2.9,11.48,Defect,Burn_Through
B00570,M04,2026-01-04 23:00:00,190.0,24.99,81.7,4.24,3.45,11.4,Normal,None
B00571,M03,2026-01-04 23:10:00,182.96,25.98,88.29,4.23,3.26,13.54,Normal,None
B00572,M04,2026-01-04 23:20:00,227.98,25.45,122.18,5.18,3.03,11.9,Defect,Burn_Through
B00573,M01,2026-01-04 23:30:00,186.98,23.26,85.38,4.74,3.11,11.14,Normal,None
B00574,M03,2026-01-04 23:40:00,187.95,23.16,82.37,4.29,3.32,12.56,Normal,None
B00575,M03,2026-01-04 23:50:00,189.12,24.24,100.16,4.26,3.09,11.22,Normal,None
B00576,M04,2026-01-05 00:00:00,184.64,24.93,77.99,4.28,3.15,12.43,Normal,None
B00577,M02,2026-01-05 00:10:00,202.45,24.64,88.38,4.27,3.2,10.73,Normal,None
B00578,M01,2026-01-05 00:20:00,199.69,24.66,80.6,4.25,3.15,11.94,Normal,None
B00579,M03,2026-01-05 00:30:00,179.36,24.98,88.42,3.4,2.77,10.99,Normal,None
B00580,M02,2026-01-05 00:40:00,216.06,23.75,93.68,4.49,3.51,11.17,Normal,None
B00581,M01,2026-01-05 00:50:00,198.89,24.85,91.04,4.88,2.93,12.12,Normal,None
B00582,M01,2026-01-05 01:00:00,180.02,21.99,77.22,4.68,2.72,13.1,Normal,None
B00583,M03,2026-01-05 01:10:00,169.99,24.03,76.09,4.54,2.71,12.73,Normal,None
B00584,M02,2026-01-05 01:20:00,170.23,22.74,89.41,4.4,3.42,13.86,Normal,None
B00585,M01,2026-01-05 01:30:00,184.4,24.39,70.19,4.21,3.36,10.91,Normal,None
B00586,M02,2026-01-05 01:40:00,190.71,26.57,101.54,4.15,3.28,13.48,Normal,None
B00587,M02,2026-01-05 01:50:00,211.81,24.24,85.23,4.76,3.08,11.17,Normal,None
B00588,M01,2026-01-05 02:00:00,194.04,23.37,88.59,4.78,3.16,12.62,Normal,None
B00589,M02,2026-01-05 02:10:00,163.82,25.05,82.18,4.66,3.23,12.32,Normal,None
B00590,M03,2026-01-05 02:20:00,195.83,25.03,84.64,4.55,2.68,11.97,Normal,None
B00591,M04,2026-01-05 02:30:00,189.59,22.2,88.7,4.59,3.11,10.76,Normal,None
B00592,M03,2026-01-05 02:40:00,180.93,24.74,82.77,4.31,3.11,12.57,Normal,None
B00593,M02,2026-01-05 02:50:00,197.18,23.32,84.37,4.51,3.01,12.03,Normal,None
B00594,M04,2026-01-05 03:00:00,203.86,25.31,81.21,4.77,3.13,13.67,Normal,None
B00595,M04,2026-01-05 03:10:00,183.04,27.75,88.59,4.34,3.13,12.26,Normal,None
B00596,M04,2026-01-05 03:20:00,228.35,24.54,113.97,3.52,3.14,11.83,Defect,Porosity
B00597,M01,2026-01-05 03:30:00,181.9,23.78,79.28,4.28,2.91,11.61,Normal,None
B00598,M04,2026-01-05 03:40:00,189.85,25.5,86.38,4.15,3.26,12.57,Normal,None
B00599,M04,2026-01-05 03:50:00,199.96,24.63,87.07,4.43,2.76,12.09,Normal,None
B00600,M01,2026-01-05 04:00:00,189.34,25.59,91.71,4.71,3.22,13.15,Normal,None
B00601,M01,2026-01-05 04:10:00,189.74,25.03,79.99,4.96,3.71,12.39,Normal,None
B00602,M02,2026-01-05 04:20:00,218.35,27.28,110.9,4.77,3.06,12.5,Defect,Burn_Through
B00603,M02,2026-01-05 04:30:00,194.21,24.63,62.55,4.61,3.16,10.94,Normal,None
B00604,M01,2026-01-05 04:40:00,195.77,23.05,82.91,4.79,3.14,14.69,Normal,None
B00605,M01,2026-01-05 04:50:00,211.35,25.61,87.67,4.54,3.69,11.96,Normal,None
B00606,M03,2026-01-05 05:00:00,199.83,27.28,95.16,4.45,2.96,12.44,Normal,None
B00607,M03,2026-01-05 05:10:00,184.22,25.24,73.32,4.45,3.37,12.5,Normal,None
B00608,M04,2026-01-05 05:20:00,181.31,24.4,76.76,4.96,2.92,8.57,Normal,None
B00609,M01,2026-01-05 05:30:00,220.13,25.14,77.83,4.84,3.28,13.61,Normal,None
B00610,M03,2026-01-05 05:40:00,216.04,24.02,78.9,4.04,3.3,12.25,Normal,None
B00611,M01,2026-01-05 05:50:00,195.34,23.96,66.21,4.43,2.91,11.71,Normal,None
B00612,M02,2026-01-05 06:00:00,180.38,24.95,92.0,4.4,2.92,12.13,Normal,None
B00613,M03,2026-01-05 06:10:00,185.94,24.05,91.23,4.5,2.95,11.54,Normal,None
B00614,M03,2026-01-05 06:20:00,183.63,24.8,83.12,4.19,3.6,10.77,Normal,None
B00615,M03,2026-01-05 06:30:00,190.48,24.34,93.47,4.66,3.03,13.26,Normal,None
B00616,M03,2026-01-05 06:40:00,188.48,23.94,90.63,4.46,3.41,13.81,Normal,None
B00617,M03,2026-01-05 06:50:00,197.66,23.33,67.62,4.31,3.33,12.98,Normal,None
B00618,M01,2026-01-05 07:00:00,198.59,25.09,84.41,4.3,3.36,12.86,Normal,None
B00619,M03,2026-01-05 07:10:00,177.64,23.72,105.77,4.54,2.15,12.32,Defect,Crack
B00620,M03,2026-01-05 07:20:00,198.77,24.58,78.87,4.68,3.21,12.1,Normal,None
B00621,M03,2026-01-05 07:30:00,179.76,24.32,81.7,4.78,3.12,12.88,Normal,None
B00622,M03,2026-01-05 07:40:00,200.74,25.2,83.19,4.55,3.01,11.56,Normal,None
B00623,M04,2026-01-05 07:50:00,171.72,25.1,81.16,5.15,2.97,12.18,Normal,None
B00624,M02,2026-01-05 08:00:00,233.1,23.64,115.64,3.95,3.18,11.84,Defect,Porosity
B00625,M03,2026-01-05 08:10:00,191.41,24.62,90.44,4.76,2.81,13.66,Normal,None
B00626,M01,2026-01-05 08:20:00,204.77,25.13,71.26,4.27,3.2,13.04,Normal,None
B00627,M01,2026-01-05 08:30:00,194.8,24.63,82.08,4.81,3.05,14.6,Normal,None
B00628,M04,2026-01-05 08:40:00,191.82,22.53,115.71,4.11,2.65,12.15,Defect,Crack
B00629,M03,2026-01-05 08:50:00,186.37,24.44,85.8,4.63,3.52,13.04,Normal,None
B00630,M04,2026-01-05 09:00:00,179.97,24.41,73.6,4.44,2.86,14.33,Normal,None
B00631,M02,2026-01-05 09:10:00,175.15,23.71,95.94,4.54,3.29,12.24,Normal,None
B00632,M01,2026-01-05 09:20:00,222.75,28.57,133.12,4.6,2.9,11.71,Defect,Burn_Through
B00633,M02,2026-01-05 09:30:00,183.88,25.53,85.77,4.16,3.15,12.48,Normal,None
B00634,M03,2026-01-05 09:40:00,187.08,24.66,99.42,4.46,3.22,12.38,Normal,None
B00635,M02,2026-01-05 09:50:00,192.74,25.87,86.93,5.12,3.28,10.89,Normal,None
B00636,M04,2026-01-05 10:00:00,247.57,28.3,111.48,4.57,3.33,10.31,Defect,Burn_Through
B00637,M02,2026-01-05 10:10:00,224.35,27.4,99.18,4.44,2.37,10.96,Defect,Burn_Through
B00638,M04,2026-01-05 10:20:00,194.76,25.87,93.12,4.48,3.84,10.18,Normal,None
B00639,M01,2026-01-05 10:30:00,180.5,25.09,75.59,4.16,3.34,12.31,Normal,None
B00640,M01,2026-01-05 10:40:00,229.89,24.72,109.3,3.23,3.24,12.2,Defect,Porosity
B00641,M04,2026-01-05 10:50:00,190.77,24.46,89.99,4.41,3.65,10.96,Normal,None
B00642,M03,2026-01-05 11:00:00,206.91,25.86,124.61,4.48,2.6,11.69,Defect,Crack
B00643,M01,2026-01-05 11:10:00,193.66,23.49,76.54,4.42,2.8,12.19,Normal,None
B00644,M01,2026-01-05 11:20:00,205.95,23.73,95.03,4.34,3.0,12.0,Normal,None
B00645,M03,2026-01-05 11:30:00,186.57,24.38,98.69,4.16,3.31,11.63,Normal,None
B00646,M02,2026-01-05 11:40:00,186.55,23.84,80.9,4.36,3.39,12.1,Normal,None
B00647,M03,2026-01-05 11:50:00,201.41,24.23,89.92,4.21,3.21,10.34,Normal,None
B00648,M02,2026-01-05 12:00:00,184.27,24.84,87.8,4.05,3.33,13.17,Normal,None
B00649,M02,2026-01-05 12:10:00,246.51,26.87,115.65,4.55,3.29,11.96,Defect,Burn_Through
B00650,M01,2026-01-05 12:20:00,215.14,27.75,120.93,4.37,3.53,11.65,Defect,Burn_Through
B00651,M04,2026-01-05 12:30:00,239.56,24.25,109.17,3.52,3.56,11.66,Defect,Porosity
B00652,M03,2026-01-05 12:40:00,181.5,23.85,87.91,4.29,3.59,11.58,Normal,None
B00653,M03,2026-01-05 12:50:00,190.04,23.11,81.16,4.11,2.83,12.03,Normal,None
B00654,M03,2026-01-05 13:00:00,186.19,24.45,82.09,4.98,2.96,12.67,Normal,None
B00655,M04,2026-01-05 13:10:00,177.63,22.29,84.01,5.0,3.39,10.0,Normal,None
B00656,M01,2026-01-05 13:20:00,197.52,26.05,80.18,4.42,2.9,11.25,Normal,None
B00657,M02,2026-01-05 13:30:00,226.7,23.62,123.7,3.22,2.9,12.44,Defect,Porosity
B00658,M03,2026-01-05 13:40:00,188.32,22.96,86.98,4.69,3.39,12.44,Normal,None
B00659,M04,2026-01-05 13:50:00,193.94,26.3,84.68,4.26,3.34,13.02,Normal,None
B00660,M04,2026-01-05 14:00:00,183.41,24.3,81.39,5.27,2.86,12.61,Normal,None
B00661,M01,2026-01-05 14:10:00,191.11,24.66,87.82,4.8,2.97,11.61,Normal,None
B00662,M02,2026-01-05 14:20:00,192.55,24.54,114.19,4.04,2.55,13.76,Defect,Crack
B00663,M04,2026-01-05 14:30:00,180.84,23.09,97.67,4.63,3.29,12.54,Normal,None
B00664,M04,2026-01-05 14:40:00,190.95,25.1,81.07,4.74,3.42,10.3,Normal,None
B00665,M02,2026-01-05 14:50:00,203.13,24.79,73.02,5.21,3.27,11.33,Normal,None
B00666,M01,2026-01-05 15:00:00,183.18,25.27,92.55,4.49,3.9,12.09,Normal,None
B00667,M02,2026-01-05 15:10:00,168.81,24.21,79.72,4.49,3.34,12.2,Normal,None
B00668,M04,2026-01-05 15:20:00,220.19,24.27,114.39,4.39,3.19,12.41,Defect,Burn_Through
B00669,M03,2026-01-05 15:30:00,194.45,22.75,78.53,4.17,3.05,12.46,Normal,None
B00670,M02,2026-01-05 15:40:00,187.51,23.52,84.53,4.35,3.29,11.11,Normal,None
B00671,M03,2026-01-05 15:50:00,201.27,26.42,87.95,4.26,3.32,12.02,Normal,None
B00672,M04,2026-01-05 16:00:00,197.93,24.2,75.29,5.05,3.13,11.99,Normal,None
B00673,M04,2026-01-05 16:10:00,188.0,24.36,91.29,4.63,3.11,12.12,Normal,None
B00674,M04,2026-01-05 16:20:00,199.24,24.37,91.68,4.33,3.29,12.08,Normal,None
B00675,M02,2026-01-05 16:30:00,182.38,22.47,85.71,4.72,3.19,13.18,Normal,None
B00676,M04,2026-01-05 16:40:00,178.13,25.05,84.93,4.65,2.8,12.47,Normal,None
B00677,M03,2026-01-05 16:50:00,183.34,24.75,85.54,4.48,2.89,10.13,Normal,None
B00678,M03,2026-01-05 17:00:00,182.37,24.44,80.28,4.57,3.78,13.53,Normal,None
B00679,M01,2026-01-05 17:10:00,187.7,26.34,88.64,4.95,3.37,11.8,Normal,None
B00680,M03,2026-01-05 17:20:00,211.02,23.23,87.49,4.12,3.39,13.67,Normal,None
B00681,M02,2026-01-05 17:30:00,198.73,24.2,87.89,4.42,3.09,11.22,Normal,None
B00682,M04,2026-01-05 17:40:00,191.12,21.61,79.46,4.9,3.16,12.59,Normal,None
B00683,M03,2026-01-05 17:50:00,162.99,24.91,83.36,4.46,3.11,9.58,Normal,None
B00684,M01,2026-01-05 18:00:00,201.09,23.69,110.59,4.56,1.98,12.28,Defect,Crack
B00685,M04,2026-01-05 18:10:00,181.64,23.0,83.93,4.57,3.46,10.28,Normal,None
B00686,M01,2026-01-05 18:20:00,203.43,24.89,97.02,4.66,2.95,14.11,Normal,None
B00687,M03,2026-01-05 18:30:00,195.15,25.73,85.37,3.94,2.69,10.83,Normal,None
B00688,M02,2026-01-05 18:40:00,185.6,24.78,88.03,4.3,3.18,13.46,Normal,None
B00689,M02,2026-01-05 18:50:00,193.28,26.07,87.56,4.15,3.59,12.16,Normal,None
B00690,M04,2026-01-05 19:00:00,197.25,26.89,79.66,4.37,2.65,11.49,Normal,None
B00691,M02,2026-01-05 19:10:00,183.15,24.58,88.21,3.87,3.23,14.1,Normal,None
B00692,M01,2026-01-05 19:20:00,210.59,24.38,73.03,5.08,3.35,10.67,Normal,None
B00693,M03,2026-01-05 19:30:00,200.77,25.82,90.63,4.4,2.91,10.4,Normal,None
B00694,M02,2026-01-05 19:40:00,181.31,24.46,87.89,4.31,2.75,11.31,Normal,None
B00695,M01,2026-01-05 19:50:00,197.91,23.02,92.85,4.26,3.25,13.72,Normal,None
B00696,M04,2026-01-05 20:00:00,185.53,24.69,80.41,4.59,3.09,12.3,Normal,None
B00697,M02,2026-01-05 20:10:00,180.64,23.77,85.09,4.34,3.56,13.12,Normal,None
B00698,M03,2026-01-05 20:20:00,184.29,24.49,81.42,4.53,3.33,10.75,Normal,None
B00699,M04,2026-01-05 20:30:00,184.27,22.27,82.57,4.42,3.0,12.85,Normal,None
B00700,M01,2026-01-05 20:40:00,203.75,23.96,87.74,4.63,3.31,10.96,Normal,None
B00701,M01,2026-01-05 20:50:00,178.18,23.41,89.17,4.78,3.65,12.12,Normal,None
B00702,M02,2026-01-05 21:00:00,187.09,24.23,108.81,4.33,2.16,12.3,Defect,Crack
B00703,M03,2026-01-05 21:10:00,193.18,25.34,84.58,4.33,3.42,12.38,Normal,None
B00704,M01,2026-01-05 21:20:00,197.69,23.03,89.94,4.26,3.11,11.56,Normal,None
B00705,M03,2026-01-05 21:30:00,198.39,25.35,84.79,4.75,3.1,12.95,Normal,None
B00706,M01,2026-01-05 21:40:00,200.06,25.95,79.04,4.86,3.21,12.41,Normal,None
B00707,M03,2026-01-05 21:50:00,192.81,24.73,118.08,3.96,2.67,12.74,Defect,Crack
B00708,M01,2026-01-05 22:00:00,190.29,24.78,78.86,4.45,2.76,12.02,Normal,None
B00709,M02,2026-01-05 22:10:00,167.23,24.22,120.72,4.8,2.46,12.45,Defect,Crack
B00710,M02,2026-01-05 22:20:00,181.21,22.58,99.38,4.74,3.24,10.51,Normal,None
B00711,M01,2026-01-05 22:30:00,198.9,25.1,110.62,4.5,2.21,12.83,Defect,Crack
B00712,M02,2026-01-05 22:40:00,177.89,24.88,77.5,4.72,3.44,11.59,Normal,None
B00713,M01,2026-01-05 22:50:00,175.26,24.16,91.36,5.15,3.12,12.06,Normal,None
B00714,M04,2026-01-05 23:00:00,192.81,24.66,87.34,4.32,3.4,9.58,Normal,None
B00715,M02,2026-01-05 23:10:00,195.92,26.25,89.22,4.41,3.31,11.87,Normal,None
B00716,M01,2026-01-05 23:20:00,196.57,25.21,77.12,4.2,3.21,11.82,Normal,None
B00717,M04,2026-01-05 23:30:00,174.69,25.32,84.6,4.6,3.18,12.19,Normal,None
B00718,M01,2026-01-05 23:40:00,198.87,23.97,84.04,4.23,3.58,13.25,Normal,None
B00719,M01,2026-01-05 23:50:00,203.72,24.53,73.05,4.27,3.12,11.25,Normal,None
B00720,M03,2026-01-06 00:00:00,201.39,25.19,86.0,4.33,3.27,11.5,Normal,None
B00721,M02,2026-01-06 00:10:00,198.66,24.79,86.92,4.8,2.69,12.3,Normal,None
B00722,M04,2026-01-06 00:20:00,192.92,24.77,78.89,4.67,2.87,11.17,Normal,None
B00723,M04,2026-01-06 00:30:00,188.83,24.12,123.48,3.9,2.02,12.3,Defect,Crack
B00724,M02,2026-01-06 00:40:00,166.34,25.91,85.34,4.45,2.08,15.66,Defect,Incomplete_Weld
B00725,M01,2026-01-06 00:50:00,169.46,24.56,103.23,4.59,3.75,12.05,Normal,None
B00726,M04,2026-01-06 01:00:00,179.58,23.71,90.4,4.23,3.16,11.55,Normal,None
B00727,M04,2026-01-06 01:10:00,190.47,23.68,83.33,4.75,3.49,12.3,Normal,None
B00728,M02,2026-01-06 01:20:00,187.77,24.32,118.57,4.49,2.95,12.97,Defect,Crack
B00729,M02,2026-01-06 01:30:00,187.54,23.79,84.27,4.54,2.99,12.53,Normal,None
B00730,M02,2026-01-06 01:40:00,202.25,22.88,80.77,4.7,3.05,12.36,Normal,None
B00731,M04,2026-01-06 01:50:00,190.69,24.66,87.32,4.86,3.33,11.12,Normal,None
B00732,M04,2026-01-06 02:00:00,198.59,22.97,85.39,4.92,3.48,10.26,Normal,None
B00733,M01,2026-01-06 02:10:00,184.98,26.13,77.01,4.9,3.24,10.53,Normal,None
B00734,M02,2026-01-06 02:20:00,188.09,25.1,83.47,4.34,3.24,10.09,Normal,None
B00735,M04,2026-01-06 02:30:00,208.48,25.07,101.96,4.2,3.52,10.72,Normal,None
B00736,M01,2026-01-06 02:40:00,198.52,24.79,82.74,4.64,3.21,12.21,Normal,None
B00737,M02,2026-01-06 02:50:00,178.09,24.06,75.84,4.5,2.91,10.79,Normal,None
B00738,M01,2026-01-06 03:00:00,175.57,25.6,88.76,4.55,3.2,12.57,Normal,None
B00739,M01,2026-01-06 03:10:00,198.83,26.03,90.48,4.11,3.25,12.35,Normal,None
B00740,M02,2026-01-06 03:20:00,242.33,27.77,129.52,5.22,3.18,11.03,Defect,Burn_Through
B00741,M03,2026-01-06 03:30:00,190.24,24.32,79.53,4.74,3.3,10.66,Normal,None
B00742,M01,2026-01-06 03:40:00,237.01,27.27,117.26,4.59,3.24,10.58,Defect,Burn_Through
B00743,M01,2026-01-06 03:50:00,175.6,24.96,92.09,4.0,3.26,12.61,Normal,None
B00744,M04,2026-01-06 04:00:00,187.65,23.67,87.69,4.44,3.27,11.35,Normal,None
B00745,M01,2026-01-06 04:10:00,208.73,25.49,89.82,4.7,3.21,10.97,Normal,None
B00746,M04,2026-01-06 04:20:00,193.83,24.13,84.66,4.64,3.51,11.69,Normal,None
B00747,M02,2026-01-06 04:30:00,196.04,23.49,85.64,4.25,3.38,11.92,Normal,None
B00748,M02,2026-01-06 04:40:00,198.65,23.71,87.81,4.43,3.37,12.71,Normal,None
B00749,M02,2026-01-06 04:50:00,176.88,25.78,88.19,4.2,3.21,12.72,Normal,None
B00750,M01,2026-01-06 05:00:00,198.08,25.72,87.9,4.56,3.17,11.85,Normal,None
B00751,M03,2026-01-06 05:10:00,197.94,24.34,78.61,4.44,3.43,12.47,Normal,None
B00752,M02,2026-01-06 05:20:00,222.27,22.98,101.44,3.9,3.19,13.19,Defect,Porosity
B00753,M01,2026-01-06 05:30:00,177.89,25.3,87.29,4.56,3.19,11.66,Normal,None
B00754,M04,2026-01-06 05:40:00,194.16,25.21,79.14,4.22,3.4,11.14,Normal,None
B00755,M03,2026-01-06 05:50:00,191.07,26.08,96.72,4.04,3.13,9.44,Normal,None
B00756,M03,2026-01-06 06:00:00,183.74,25.18,66.34,4.53,3.08,10.77,Normal,None
B00757,M01,2026-01-06 06:10:00,183.96,24.63,93.3,4.33,3.27,12.11,Normal,None
B00758,M01,2026-01-06 06:20:00,192.76,25.13,89.42,4.24,2.73,11.16,Normal,None
B00759,M01,2026-01-06 06:30:00,174.95,24.31,74.9,4.46,3.13,10.91,Normal,None
B00760,M04,2026-01-06 06:40:00,158.49,25.51,87.45,4.08,2.09,14.55,Defect,Incomplete_Weld
B00761,M01,2026-01-06 06:50:00,171.45,23.14,85.59,4.92,3.56,11.54,Normal,None
B00762,M01,2026-01-06 07:00:00,147.9,24.3,79.74,4.25,2.19,16.75,Defect,Incomplete_Weld
B00763,M02,2026-01-06 07:10:00,176.21,24.37,89.21,4.25,3.28,12.37,Normal,None
B00764,M01,2026-01-06 07:20:00,206.05,25.75,113.38,4.83,2.6,11.33,Defect,Crack
B00765,M04,2026-01-06 07:30:00,185.96,23.77,74.16,4.59,3.11,13.12,Normal,None
B00766,M04,2026-01-06 07:40:00,173.66,24.55,81.35,4.4,2.77,11.5,Normal,None
B00767,M01,2026-01-06 07:50:00,189.24,24.8,86.28,4.61,3.32,11.69,Normal,None
B00768,M01,2026-01-06 08:00:00,180.19,23.56,94.35,4.54,3.25,11.97,Normal,None
B00769,M03,2026-01-06 08:10:00,197.62,25.6,88.65,4.47,2.87,12.64,Normal,None
B00770,M01,2026-01-06 08:20:00,205.6,23.63,82.43,4.62,2.96,12.19,Normal,None
B00771,M04,2026-01-06 08:30:00,195.84,25.8,93.87,3.79,3.04,10.94,Normal,None
B00772,M02,2026-01-06 08:40:00,188.37,25.59,85.04,4.14,3.09,13.95,Normal,None
B00773,M03,2026-01-06 08:50:00,205.85,24.17,101.94,3.96,3.16,12.3,Defect,Porosity
B00774,M02,2026-01-06 09:00:00,183.18,24.36,83.68,4.6,2.35,16.03,Defect,Incomplete_Weld
B00775,M02,2026-01-06 09:10:00,198.94,25.59,97.79,4.98,3.09,12.74,Normal,None
B00776,M02,2026-01-06 09:20:00,202.53,26.11,80.83,4.16,3.04,11.42,Normal,None
B00777,M02,2026-01-06 09:30:00,183.98,24.09,79.1,4.27,3.16,11.61,Normal,None
B00778,M03,2026-01-06 09:40:00,192.34,23.98,85.2,3.93,3.66,11.98,Normal,None
B00779,M04,2026-01-06 09:50:00,192.71,25.99,79.33,4.36,3.01,11.17,Normal,None
B00780,M02,2026-01-06 10:00:00,176.38,25.0,80.2,3.92,3.55,12.89,Normal,None
B00781,M01,2026-01-06 10:10:00,193.38,26.02,88.82,4.41,3.48,10.65,Normal,None
B00782,M03,2026-01-06 10:20:00,202.23,22.03,89.21,4.37,3.14,11.4,Normal,None
B00783,M01,2026-01-06 10:30:00,203.49,23.97,94.52,3.96,3.22,11.94,Normal,None
B00784,M04,2026-01-06 10:40:00,191.19,25.3,92.35,4.69,3.27,13.56,Normal,None
B00785,M02,2026-01-06 10:50:00,187.5,26.01,84.38,4.64,3.16,11.21,Normal,None
B00786,M04,2026-01-06 11:00:00,176.64,24.14,91.93,4.58,2.6,12.72,Normal,None
B00787,M04,2026-01-06 11:10:00,252.88,27.53,118.43,4.51,3.69,11.0,Defect,Burn_Through
B00788,M04,2026-01-06 11:20:00,183.95,24.62,118.36,4.12,2.26,9.56,Defect,Crack
B00789,M03,2026-01-06 11:30:00,219.38,24.55,101.56,3.15,3.32,12.52,Defect,Porosity
B00790,M04,2026-01-06 11:40:00,238.47,27.67,120.75,4.0,3.39,10.71,Defect,Burn_Through
B00791,M03,2026-01-06 11:50:00,169.93,24.83,91.31,4.66,3.3,13.12,Normal,None
B00792,M03,2026-01-06 12:00:00,182.25,25.52,82.03,4.53,3.11,11.05,Normal,None
B00793,M02,2026-01-06 12:10:00,192.5,24.05,91.23,4.5,3.09,12.66,Normal,None
B00794,M04,2026-01-06 12:20:00,200.54,24.99,97.01,4.5,3.17,12.84,Normal,None
B00795,M01,2026-01-06 12:30:00,167.57,23.17,83.61,4.44,3.55,9.32,Normal,None
B00796,M04,2026-01-06 12:40:00,163.61,24.43,93.4,4.58,2.3,16.94,Defect,Incomplete_Weld
B00797,M03,2026-01-06 12:50:00,192.47,22.65,80.06,4.59,3.01,11.69,Normal,None
B00798,M01,2026-01-06 13:00:00,177.9,25.81,74.86,4.64,2.97,13.28,Normal,None
B00799,M04,2026-01-06 13:10:00,186.88,23.59,113.52,4.28,2.9,10.19,Defect,Crack
B00800,M01,2026-01-06 13:20:00,204.08,25.72,81.45,4.4,3.12,11.24,Normal,None
B00801,M04,2026-01-06 13:30:00,185.86,24.82,77.51,4.51,2.99,11.59,Normal,None
B00802,M03,2026-01-06 13:40:00,204.86,24.53,80.25,4.52,2.99,9.86,Normal,None
B00803,M01,2026-01-06 13:50:00,206.09,23.64,92.67,4.54,2.95,13.74,Normal,None
B00804,M04,2026-01-06 14:00:00,232.03,27.12,119.38,4.12,3.5,12.05,Defect,Burn_Through
B00805,M01,2026-01-06 14:10:00,177.7,24.23,74.88,4.64,3.48,11.73,Normal,None
B00806,M02,2026-01-06 14:20:00,195.64,22.68,80.47,4.39,3.61,12.86,Normal,None
B00807,M02,2026-01-06 14:30:00,195.33,24.52,75.97,4.71,2.87,10.7,Normal,None
B00808,M04,2026-01-06 14:40:00,195.06,24.58,64.18,4.77,3.52,11.89,Normal,None
B00809,M04,2026-01-06 14:50:00,172.61,25.03,80.41,4.97,2.71,12.26,Normal,None
B00810,M02,2026-01-06 15:00:00,185.57,22.36,92.06,4.5,2.81,11.86,Normal,None
B00811,M04,2026-01-06 15:10:00,196.96,23.38,83.33,4.24,2.99,12.31,Normal,None
B00812,M01,2026-01-06 15:20:00,206.68,23.66,88.59,4.62,3.38,12.96,Normal,None
B00813,M04,2026-01-06 15:30:00,192.06,22.96,80.54,4.4,2.84,12.28,Normal,None
B00814,M03,2026-01-06 15:40:00,167.48,24.56,79.59,4.85,2.54,17.73,Defect,Incomplete_Weld
B00815,M01,2026-01-06 15:50:00,222.05,27.89,133.09,3.84,3.18,11.74,Defect,Burn_Through
B00816,M02,2026-01-06 16:00:00,188.52,25.72,79.81,4.58,2.45,11.68,Normal,None
B00817,M01,2026-01-06 16:10:00,180.34,24.55,88.29,4.54,3.1,11.02,Normal,None
B00818,M03,2026-01-06 16:20:00,187.2,24.7,86.27,4.45,2.85,11.28,Normal,None
B00819,M03,2026-01-06 16:30:00,198.13,23.67,86.59,4.06,2.86,14.2,Normal,None
B00820,M03,2026-01-06 16:40:00,197.35,24.6,91.72,4.34,3.39,10.56,Normal,None
B00821,M04,2026-01-06 16:50:00,187.4,24.86,85.37,4.54,3.16,10.44,Normal,None
B00822,M04,2026-01-06 17:00:00,186.42,24.52,89.37,4.3,3.16,10.82,Normal,None
B00823,M03,2026-01-06 17:10:00,187.57,25.83,74.31,4.51,3.24,10.77,Normal,None
B00824,M04,2026-01-06 17:20:00,219.13,23.8,122.47,3.1,2.97,11.74,Defect,Porosity
B00825,M04,2026-01-06 17:30:00,176.31,26.96,88.99,4.75,3.83,11.42,Normal,None
B00826,M04,2026-01-06 17:40:00,195.45,25.52,88.99,4.56,3.33,11.26,Normal,None
B00827,M04,2026-01-06 17:50:00,202.13,25.35,81.85,4.82,3.48,12.84,Normal,None
B00828,M04,2026-01-06 18:00:00,192.78,22.44,75.12,4.58,3.03,13.25,Normal,None
B00829,M03,2026-01-06 18:10:00,201.05,27.88,77.51,4.27,3.22,12.57,Normal,None
B00830,M01,2026-01-06 18:20:00,236.93,28.37,123.11,4.98,3.57,10.39,Defect,Burn_Through
B00831,M01,2026-01-06 18:30:00,196.9,22.75,114.46,4.72,2.49,12.4,Defect,Crack
B00832,M04,2026-01-06 18:40:00,228.53,22.42,94.28,3.51,3.44,10.15,Defect,Porosity
B00833,M04,2026-01-06 18:50:00,171.41,24.67,87.87,4.62,2.75,11.36,Normal,None
B00834,M02,2026-01-06 19:00:00,230.58,29.03,133.82,4.72,2.79,11.31,Defect,Burn_Through
B00835,M03,2026-01-06 19:10:00,174.51,24.5,85.04,4.46,3.38,13.14,Normal,None
B00836,M03,2026-01-06 19:20:00,165.17,25.03,85.35,4.05,2.84,12.77,Normal,None
B00837,M03,2026-01-06 19:30:00,226.47,24.68,102.86,3.19,3.11,12.13,Defect,Porosity
B00838,M03,2026-01-06 19:40:00,189.36,24.61,80.59,4.58,2.64,11.7,Normal,None
B00839,M01,2026-01-06 19:50:00,202.79,24.6,91.89,4.86,2.83,14.0,Normal,None
B00840,M01,2026-01-06 20:00:00,186.21,24.42,77.34,4.45,3.62,11.38,Normal,None
B00841,M02,2026-01-06 20:10:00,233.41,28.36,119.42,4.15,3.2,12.06,Defect,Burn_Through
B00842,M04,2026-01-06 20:20:00,187.23,24.21,90.0,4.54,3.38,10.81,Normal,None
B00843,M04,2026-01-06 20:30:00,188.09,24.43,82.78,4.39,2.9,11.0,Normal,None
B00844,M01,2026-01-06 20:40:00,192.58,24.09,101.67,4.04,2.98,11.37,Normal,None
B00845,M02,2026-01-06 20:50:00,186.68,25.91,95.33,4.0,3.5,13.01,Normal,None
B00846,M01,2026-01-06 21:00:00,239.86,23.62,112.29,3.23,3.11,11.35,Defect,Porosity
B00847,M01,2026-01-06 21:10:00,165.27,25.14,74.85,4.27,2.45,14.16,Defect,Incomplete_Weld
B00848,M03,2026-01-06 21:20:00,206.1,23.08,86.69,4.37,3.51,12.46,Normal,None
B00849,M04,2026-01-06 21:30:00,221.88,26.64,117.83,4.25,3.04,12.26,Defect,Burn_Through
B00850,M01,2026-01-06 21:40:00,219.91,24.84,85.08,3.46,2.91,11.8,Defect,Porosity
B00851,M03,2026-01-06 21:50:00,179.58,25.73,84.28,4.2,2.88,13.69,Normal,None
B00852,M02,2026-01-06 22:00:00,183.87,24.53,93.97,4.39,3.23,12.64,Normal,None
B00853,M02,2026-01-06 22:10:00,189.02,24.3,77.29,4.29,3.07,12.68,Normal,None
B00854,M03,2026-01-06 22:20:00,194.58,24.24,83.47,4.67,3.42,12.35,Normal,None
B00855,M04,2026-01-06 22:30:00,181.56,24.0,86.59,4.07,3.24,11.89,Normal,None
B00856,M04,2026-01-06 22:40:00,196.42,24.86,84.47,4.08,3.4,11.39,Normal,None
B00857,M02,2026-01-06 22:50:00,207.81,24.15,83.73,4.57,3.12,11.79,Normal,None
B00858,M02,2026-01-06 23:00:00,180.43,24.01,74.14,4.45,3.1,11.58,Normal,None
B00859,M01,2026-01-06 23:10:00,200.39,24.63,75.86,4.71,3.42,11.4,Normal,None
B00860,M04,2026-01-06 23:20:00,202.87,25.93,78.59,4.22,2.7,13.08,Normal,None
B00861,M03,2026-01-06 23:30:00,184.45,24.11,82.04,4.02,3.39,12.15,Normal,None
B00862,M03,2026-01-06 23:40:00,180.36,24.85,66.04,4.17,3.54,11.05,Normal,None
B00863,M03,2026-01-06 23:50:00,195.6,24.26,76.22,4.25,3.39,11.88,Normal,None
B00864,M04,2026-01-07 00:00:00,194.44,23.41,77.04,4.91,3.43,10.47,Normal,None
B00865,M03,2026-01-07 00:10:00,194.66,22.52,90.83,4.13,3.08,12.65,Normal,None
B00866,M03,2026-01-07 00:20:00,184.31,24.37,88.83,4.99,2.99,11.26,Normal,None
B00867,M03,2026-01-07 00:30:00,197.9,22.84,79.63,4.61,3.5,13.54,Normal,None
B00868,M04,2026-01-07 00:40:00,195.18,24.66,111.64,4.86,2.73,11.28,Defect,Crack
B00869,M02,2026-01-07 00:50:00,182.8,25.25,91.33,4.13,3.5,13.77,Normal,None
B00870,M01,2026-01-07 01:00:00,182.46,25.79,84.33,4.48,3.25,11.6,Normal,None
B00871,M03,2026-01-07 01:10:00,183.14,23.88,85.25,4.87,3.04,11.63,Normal,None
B00872,M02,2026-01-07 01:20:00,230.91,26.22,114.55,4.84,2.82,11.93,Defect,Burn_Through
B00873,M02,2026-01-07 01:30:00,208.21,25.03,87.04,4.37,3.28,11.86,Normal,None
B00874,M04,2026-01-07 01:40:00,194.5,26.11,94.8,4.55,3.35,11.49,Normal,None
B00875,M01,2026-01-07 01:50:00,177.69,24.35,68.62,4.86,3.06,12.71,Normal,None
B00876,M01,2026-01-07 02:00:00,181.56,23.89,76.21,5.05,3.45,11.57,Normal,None
B00877,M04,2026-01-07 02:10:00,178.01,23.73,91.52,4.44,3.48,11.5,Normal,None
B00878,M04,2026-01-07 02:20:00,191.92,23.69,78.2,4.23,3.03,12.08,Normal,None
B00879,M04,2026-01-07 02:30:00,192.26,24.64,68.97,4.76,3.47,11.58,Normal,None
B00880,M01,2026-01-07 02:40:00,193.65,25.03,83.2,4.32,3.2,12.47,Normal,None
B00881,M01,2026-01-07 02:50:00,183.51,24.5,70.54,4.49,3.02,11.64,Normal,None
B00882,M04,2026-01-07 03:00:00,180.28,23.59,76.79,4.54,2.84,12.14,Normal,None
B00883,M03,2026-01-07 03:10:00,181.07,24.97,92.41,4.45,3.35,11.88,Normal,None
B00884,M02,2026-01-07 03:20:00,210.36,24.22,88.78,3.9,3.18,10.99,Normal,None
B00885,M01,2026-01-07 03:30:00,191.59,25.18,85.61,4.85,2.97,10.58,Normal,None
B00886,M01,2026-01-07 03:40:00,184.11,23.44,82.93,4.84,3.28,10.45,Normal,None
B00887,M03,2026-01-07 03:50:00,185.3,24.5,119.65,4.91,2.33,12.55,Defect,Crack
B00888,M01,2026-01-07 04:00:00,180.68,24.48,81.76,3.83,3.3,13.48,Normal,None
B00889,M03,2026-01-07 04:10:00,204.08,24.82,85.53,4.09,3.11,13.18,Normal,None
B00890,M02,2026-01-07 04:20:00,195.16,23.87,90.37,4.61,3.25,11.9,Normal,None
B00891,M03,2026-01-07 04:30:00,182.07,25.95,104.74,4.64,3.23,13.55,Normal,None
B00892,M01,2026-01-07 04:40:00,192.16,23.13,74.07,5.25,3.07,11.37,Normal,None
B00893,M04,2026-01-07 04:50:00,192.49,24.73,98.51,4.25,3.8,12.22,Normal,None
B00894,M03,2026-01-07 05:00:00,194.58,22.66,88.53,4.8,3.79,11.42,Normal,None
B00895,M02,2026-01-07 05:10:00,182.06,26.16,79.76,4.37,3.16,10.34,Normal,None
B00896,M03,2026-01-07 05:20:00,193.27,25.08,91.01,4.63,3.22,13.2,Normal,None
B00897,M04,2026-01-07 05:30:00,201.99,23.67,83.17,5.07,3.55,10.58,Normal,None
B00898,M02,2026-01-07 05:40:00,212.16,25.66,73.06,4.35,2.94,10.26,Normal,None
B00899,M02,2026-01-07 05:50:00,179.21,23.74,86.82,4.83,3.02,12.85,Normal,None
B00900,M03,2026-01-07 06:00:00,194.33,24.51,89.71,4.71,3.08,10.72,Normal,None
B00901,M02,2026-01-07 06:10:00,198.63,23.01,91.7,4.43,3.21,13.55,Normal,None
B00902,M01,2026-01-07 06:20:00,196.09,24.9,82.56,4.37,3.42,11.66,Normal,None
B00903,M03,2026-01-07 06:30:00,197.64,27.06,77.07,4.55,3.43,11.15,Normal,None
B00904,M04,2026-01-07 06:40:00,191.52,24.12,71.35,4.44,3.29,11.76,Normal,None
B00905,M02,2026-01-07 06:50:00,197.3,26.45,80.54,4.25,3.22,10.33,Normal,None
B00906,M04,2026-01-07 07:00:00,181.15,22.56,85.71,4.3,3.06,12.51,Normal,None
B00907,M03,2026-01-07 07:10:00,190.74,24.87,77.08,4.69,3.2,12.58,Normal,None
B00908,M01,2026-01-07 07:20:00,173.32,24.78,82.95,4.45,3.29,11.53,Normal,None
B00909,M01,2026-01-07 07:30:00,196.23,23.9,76.98,4.68,3.27,12.35,Normal,None
B00910,M02,2026-01-07 07:40:00,178.59,24.87,80.64,4.29,3.06,12.65,Normal,None
B00911,M02,2026-01-07 07:50:00,179.29,25.19,94.0,4.39,3.14,11.01,Normal,None
B00912,M02,2026-01-07 08:00:00,191.76,24.25,102.57,4.31,3.01,12.19,Normal,None
B00913,M01,2026-01-07 08:10:00,208.56,25.1,75.39,4.79,3.33,10.3,Normal,None
B00914,M04,2026-01-07 08:20:00,225.6,27.27,118.72,4.35,3.09,13.1,Defect,Burn_Through
B00915,M01,2026-01-07 08:30:00,183.81,24.31,83.67,4.39,3.58,10.58,Normal,None
B00916,M02,2026-01-07 08:40:00,201.18,23.63,78.72,4.53,2.93,12.66,Normal,None
B00917,M02,2026-01-07 08:50:00,174.89,24.8,88.89,4.26,3.07,11.3,Normal,None
B00918,M03,2026-01-07 09:00:00,181.31,23.41,89.53,4.39,3.52,12.85,Normal,None
B00919,M03,2026-01-07 09:10:00,199.22,23.85,84.29,4.6,3.14,11.05,Normal,None
B00920,M02,2026-01-07 09:20:00,180.91,23.68,78.58,4.13,3.08,12.0,Normal,None
B00921,M04,2026-01-07 09:30:00,195.66,23.87,81.95,4.21,3.33,12.32,Normal,None
B00922,M02,2026-01-07 09:40:00,146.26,24.54,98.65,4.38,2.41,13.0,Defect,Incomplete_Weld
B00923,M03,2026-01-07 09:50:00,195.81,23.52,89.18,4.62,3.17,12.14,Normal,None
B00924,M04,2026-01-07 10:00:00,197.53,25.07,73.67,4.52,3.29,12.03,Normal,None
B00925,M02,2026-01-07 10:10:00,201.67,24.06,89.45,4.87,3.12,11.84,Normal,None
B00926,M04,2026-01-07 10:20:00,171.24,21.47,93.55,3.91,2.74,12.14,Normal,None
B00927,M01,2026-01-07 10:30:00,193.43,24.74,88.73,4.44,3.07,11.19,Normal,None
B00928,M02,2026-01-07 10:40:00,170.98,24.21,83.21,4.99,3.02,13.24,Normal,None
B00929,M01,2026-01-07 10:50:00,190.59,25.75,89.48,4.24,3.01,11.34,Normal,None
B00930,M01,2026-01-07 11:00:00,182.32,24.68,94.75,4.09,3.26,11.78,Normal,None
B00931,M04,2026-01-07 11:10:00,196.74,27.72,94.0,4.05,3.17,10.26,Normal,None
B00932,M01,2026-01-07 11:20:00,190.76,24.48,83.82,4.72,3.15,10.97,Normal,None
B00933,M02,2026-01-07 11:30:00,197.32,24.4,86.73,4.76,3.09,10.78,Normal,None
B00934,M02,2026-01-07 11:40:00,171.81,24.44,84.3,4.58,3.09,12.28,Normal,None
B00935,M01,2026-01-07 11:50:00,178.81,24.45,83.78,4.86,3.0,10.54,Normal,None
B00936,M04,2026-01-07 12:00:00,176.5,26.27,76.91,4.69,3.93,10.73,Normal,None
B00937,M03,2026-01-07 12:10:00,180.72,25.68,85.3,4.09,3.36,12.94,Normal,None
B00938,M02,2026-01-07 12:20:00,191.26,24.86,83.55,4.37,3.07,13.41,Normal,None
B00939,M04,2026-01-07 12:30:00,187.53,24.37,79.29,4.18,3.39,10.08,Normal,None
B00940,M04,2026-01-07 12:40:00,195.93,24.7,82.01,4.37,3.23,11.79,Normal,None
B00941,M03,2026-01-07 12:50:00,195.66,23.09,91.14,4.55,3.28,13.07,Normal,None
B00942,M01,2026-01-07 13:00:00,198.32,24.94,94.24,4.71,3.54,12.57,Normal,None
B00943,M02,2026-01-07 13:10:00,189.63,23.13,75.89,4.03,3.15,11.79,Normal,None
B00944,M03,2026-01-07 13:20:00,232.47,24.2,92.55,3.85,3.18,13.1,Defect,Porosity
B00945,M04,2026-01-07 13:30:00,189.57,24.23,78.94,4.09,3.01,11.8,Normal,None
B00946,M02,2026-01-07 13:40:00,237.17,29.69,114.42,4.5,3.19,10.48,Defect,Burn_Through
B00947,M04,2026-01-07 13:50:00,195.79,24.81,71.79,4.67,3.04,10.67,Normal,None
B00948,M03,2026-01-07 14:00:00,191.18,24.0,85.01,4.2,3.61,12.88,Normal,None
B00949,M04,2026-01-07 14:10:00,203.17,23.39,90.1,4.32,2.87,12.74,Normal,None
B00950,M03,2026-01-07 14:20:00,205.72,23.91,91.35,4.58,2.99,13.08,Normal,None
B00951,M01,2026-01-07 14:30:00,186.78,25.58,88.73,4.27,3.54,11.04,Normal,None
B00952,M04,2026-01-07 14:40:00,173.92,25.38,69.81,4.49,3.18,11.69,Normal,None
B00953,M02,2026-01-07 14:50:00,194.48,25.02,85.27,4.37,3.1,12.52,Normal,None
B00954,M04,2026-01-07 15:00:00,206.02,23.06,73.92,4.53,2.72,11.28,Normal,None
B00955,M04,2026-01-07 15:10:00,227.43,25.85,103.17,3.64,3.18,12.25,Defect,Porosity
B00956,M04,2026-01-07 15:20:00,183.23,24.19,94.69,4.81,3.22,12.59,Normal,None
B00957,M02,2026-01-07 15:30:00,170.22,25.01,83.69,4.94,2.79,13.32,Normal,None
B00958,M01,2026-01-07 15:40:00,194.07,23.18,96.27,4.54,3.57,13.2,Normal,None
B00959,M03,2026-01-07 15:50:00,197.58,24.77,91.73,4.3,3.09,10.14,Normal,None
B00960,M03,2026-01-07 16:00:00,181.85,24.79,90.4,5.04,2.98,11.67,Normal,None
B00961,M03,2026-01-07 16:10:00,192.51,25.82,80.54,4.36,2.97,13.23,Normal,None
B00962,M04,2026-01-07 16:20:00,180.11,25.42,75.49,4.8,3.49,10.79,Normal,None
B00963,M02,2026-01-07 16:30:00,195.98,24.98,93.46,4.19,2.91,11.74,Normal,None
B00964,M04,2026-01-07 16:40:00,194.16,25.36,86.92,4.37,2.89,11.56,Normal,None
B00965,M03,2026-01-07 16:50:00,191.25,24.1,97.79,4.49,3.29,12.58,Normal,None
B00966,M04,2026-01-07 17:00:00,170.73,24.24,73.74,4.48,2.9,11.99,Normal,None
B00967,M02,2026-01-07 17:10:00,171.09,23.45,77.4,4.63,3.16,12.28,Normal,None
B00968,M01,2026-01-07 17:20:00,180.25,24.43,82.3,4.32,3.31,12.45,Normal,None
B00969,M02,2026-01-07 17:30:00,190.06,23.96,86.76,4.18,2.79,10.52,Normal,None
B00970,M02,2026-01-07 17:40:00,183.73,23.23,71.9,4.55,3.25,11.61,Normal,None
B00971,M02,2026-01-07 17:50:00,243.31,21.36,102.1,2.96,3.59,11.15,Defect,Porosity
B00972,M02,2026-01-07 18:00:00,195.78,24.24,74.69,4.9,3.19,12.04,Normal,None
B00973,M03,2026-01-07 18:10:00,204.02,23.49,81.08,4.5,2.72,12.4,Normal,None
B00974,M01,2026-01-07 18:20:00,203.8,24.95,81.61,4.7,3.05,10.68,Normal,None
B00975,M02,2026-01-07 18:30:00,206.99,24.87,84.7,4.13,3.4,11.69,Normal,None
B00976,M02,2026-01-07 18:40:00,180.71,24.99,86.37,4.53,3.67,12.09,Normal,None
B00977,M02,2026-01-07 18:50:00,212.56,24.18,96.38,4.96,3.56,11.44,Normal,None
B00978,M02,2026-01-07 19:00:00,202.97,23.26,88.69,4.52,3.24,13.11,Normal,None
B00979,M01,2026-01-07 19:10:00,203.51,22.5,82.98,4.69,3.04,11.16,Normal,None
B00980,M03,2026-01-07 19:20:00,181.85,24.23,76.71,4.45,3.43,13.26,Normal,None
B00981,M03,2026-01-07 19:30:00,195.18,23.16,87.47,4.03,3.69,11.03,Normal,None
B00982,M02,2026-01-07 19:40:00,231.17,27.67,129.99,4.27,3.24,12.9,Defect,Burn_Through
B00983,M01,2026-01-07 19:50:00,219.53,23.27,116.78,3.76,3.18,12.6,Defect,Porosity
B00984,M04,2026-01-07 20:00:00,244.86,24.33,107.31,2.72,3.28,12.94,Defect,Porosity
B00985,M01,2026-01-07 20:10:00,183.62,23.16,89.08,3.89,3.39,12.99,Normal,None
B00986,M02,2026-01-07 20:20:00,191.25,24.76,72.69,4.64,2.94,12.72,Normal,None
B00987,M03,2026-01-07 20:30:00,202.32,22.6,84.79,4.62,3.47,11.87,Normal,None
B00988,M02,2026-01-07 20:40:00,180.28,25.5,75.2,4.94,2.9,11.79,Normal,None
B00989,M01,2026-01-07 20:50:00,153.28,23.68,80.32,4.73,2.51,15.28,Defect,Incomplete_Weld
B00990,M04,2026-01-07 21:00:00,182.03,23.34,92.98,4.54,3.32,12.04,Normal,None
B00991,M04,2026-01-07 21:10:00,177.06,23.71,81.04,4.76,2.65,15.87,Defect,Incomplete_Weld
B00992,M04,2026-01-07 21:20:00,204.22,23.97,96.3,4.79,3.42,13.03,Normal,None
B00993,M02,2026-01-07 21:30:00,189.98,25.07,90.35,4.35,3.45,10.18,Normal,None
B00994,M02,2026-01-07 21:40:00,189.14,24.65,87.62,5.18,3.18,12.17,Normal,None
B00995,M01,2026-01-07 21:50:00,198.15,25.44,94.0,4.68,3.42,12.16,Normal,None
B00996,M03,2026-01-07 22:00:00,192.74,26.41,96.77,5.06,3.05,11.13,Normal,None
B00997,M02,2026-01-07 22:10:00,195.17,24.96,80.85,4.21,3.28,9.65,Normal,None
B00998,M01,2026-01-07 22:20:00,192.26,21.68,65.8,4.33,3.31,11.91,Normal,None
B00999,M03,2026-01-07 22:30:00,191.02,24.57,85.38,4.73,3.15,11.1,Normal,None
B01000,M04,2026-01-07 22:40:00,250.21,27.4,129.01,4.71,3.4,12.04,Defect,Burn_Through
B01001,M01,2026-01-07 22:50:00,206.95,23.05,81.83,4.62,2.93,11.87,Normal,None
B01002,M01,2026-01-07 23:00:00,192.17,23.72,86.61,4.67,3.11,13.77,Normal,None
B01003,M02,2026-01-07 23:10:00,205.19,24.62,110.02,4.66,2.01,12.46,Defect,Crack
B01004,M01,2026-01-07 23:20:00,192.08,25.37,76.7,4.66,2.97,11.74,Normal,None
B01005,M02,2026-01-07 23:30:00,180.27,24.07,94.1,4.46,3.18,11.76,Normal,None
B01006,M04,2026-01-07 23:40:00,258.23,26.62,116.9,4.54,2.95,11.68,Defect,Burn_Through
B01007,M03,2026-01-07 23:50:00,237.07,24.8,99.27,3.53,2.75,11.76,Defect,Porosity
B01008,M04,2026-01-08 00:00:00,184.66,23.59,75.26,4.13,3.0,13.51,Normal,None
B01009,M03,2026-01-08 00:10:00,233.47,26.35,117.15,4.77,3.42,12.46,Defect,Burn_Through
B01010,M04,2026-01-08 00:20:00,187.7,25.5,87.44,4.54,3.05,13.01,Normal,None
B01011,M01,2026-01-08 00:30:00,187.81,24.07,80.94,4.21,3.19,12.71,Normal,None
B01012,M01,2026-01-08 00:40:00,189.29,23.24,83.87,4.86,3.22,12.32,Normal,None
B01013,M01,2026-01-08 00:50:00,220.18,24.46,103.0,3.63,3.3,11.64,Defect,Porosity
B01014,M03,2026-01-08 01:00:00,181.1,25.08,88.2,4.32,3.19,12.09,Normal,None
B01015,M01,2026-01-08 01:10:00,198.48,25.82,82.83,4.41,2.97,9.37,Normal,None
B01016,M03,2026-01-08 01:20:00,178.7,24.48,92.24,4.3,3.16,13.47,Normal,None
B01017,M02,2026-01-08 01:30:00,185.24,24.84,91.66,4.51,3.93,10.36,Normal,None
B01018,M02,2026-01-08 01:40:00,186.33,25.96,77.62,4.8,3.13,12.88,Normal,None
B01019,M01,2026-01-08 01:50:00,176.78,24.02,84.96,4.32,2.79,11.5,Normal,None
B01020,M02,2026-01-08 02:00:00,167.41,24.46,83.52,4.26,3.45,10.72,Normal,None
B01021,M02,2026-01-08 02:10:00,179.09,24.33,98.04,4.62,2.87,12.23,Defect,Crack
B01022,M04,2026-01-08 02:20:00,168.98,23.53,80.75,4.84,3.39,12.2,Normal,None
B01023,M03,2026-01-08 02:30:00,167.37,25.25,95.53,4.72,3.0,11.0,Normal,None
B01024,M02,2026-01-08 02:40:00,187.39,24.25,83.28,4.05,3.17,11.65,Normal,None
B01025,M01,2026-01-08 02:50:00,174.89,24.32,77.08,4.49,3.47,11.45,Normal,None
B01026,M04,2026-01-08 03:00:00,188.94,24.81,82.03,4.46,3.49,12.29,Normal,None
B01027,M01,2026-01-08 03:10:00,172.3,24.89,87.81,4.47,3.05,10.54,Normal,None
B01028,M01,2026-01-08 03:20:00,178.93,22.88,113.56,4.68,2.21,11.87,Defect,Crack
B01029,M02,2026-01-08 03:30:00,184.77,25.01,72.24,4.13,3.05,13.36,Normal,None
B01030,M03,2026-01-08 03:40:00,197.54,23.29,81.81,4.6,2.87,10.07,Normal,None
B01031,M04,2026-01-08 03:50:00,182.57,25.33,88.88,4.0,3.29,11.68,Normal,None
B01032,M01,2026-01-08 04:00:00,188.26,23.89,87.8,4.39,3.36,11.15,Normal,None
B01033,M04,2026-01-08 04:10:00,179.61,23.47,88.24,4.32,3.43,11.69,Normal,None
B01034,M03,2026-01-08 04:20:00,189.81,25.44,93.35,4.81,3.06,11.68,Normal,None
B01035,M03,2026-01-08 04:30:00,197.44,25.16,86.34,4.19,3.15,12.78,Normal,None
B01036,M02,2026-01-08 04:40:00,187.23,23.12,90.64,4.43,3.16,12.57,Normal,None
B01037,M03,2026-01-08 04:50:00,192.45,22.82,80.04,4.14,3.29,11.12,Normal,None
B01038,M03,2026-01-08 05:00:00,192.63,24.49,98.04,4.58,3.14,12.11,Normal,None
B01039,M04,2026-01-08 05:10:00,193.01,24.41,90.67,4.68,3.28,12.82,Normal,None
B01040,M01,2026-01-08 05:20:00,148.71,23.49,91.75,4.98,2.36,14.49,Defect,Incomplete_Weld
B01041,M01,2026-01-08 05:30:00,198.97,26.77,73.46,4.78,3.67,11.47,Normal,None
B01042,M04,2026-01-08 05:40:00,181.76,25.74,80.48,4.31,3.07,11.1,Normal,None
B01043,M04,2026-01-08 05:50:00,198.17,23.76,80.18,4.74,3.44,12.82,Normal,None
B01044,M03,2026-01-08 06:00:00,195.08,25.83,76.27,4.49,3.23,9.87,Normal,None
B01045,M02,2026-01-08 06:10:00,175.93,22.03,86.01,4.45,3.5,12.87,Normal,None
B01046,M01,2026-01-08 06:20:00,185.84,24.12,96.86,4.21,3.07,11.78,Normal,None
B01047,M01,2026-01-08 06:30:00,180.0,23.39,94.83,4.65,2.96,12.15,Normal,None
B01048,M03,2026-01-08 06:40:00,184.61,23.42,81.84,4.98,3.28,11.53,Normal,None
B01049,M04,2026-01-08 06:50:00,189.8,24.85,88.96,4.71,3.09,12.9,Normal,None
B01050,M01,2026-01-08 07:00:00,185.58,25.79,84.6,4.68,2.93,10.7,Normal,None
B01051,M02,2026-01-08 07:10:00,200.93,23.95,91.12,4.28,3.14,12.2,Normal,None
B01052,M01,2026-01-08 07:20:00,201.59,24.24,88.06,4.18,2.97,13.13,Normal,None
B01053,M04,2026-01-08 07:30:00,172.92,25.37,85.47,4.4,2.86,13.62,Normal,None
B01054,M02,2026-01-08 07:40:00,176.42,23.69,81.53,4.01,3.22,10.71,Normal,None
B01055,M01,2026-01-08 07:50:00,176.82,23.72,76.17,4.58,3.05,11.88,Normal,None
B01056,M04,2026-01-08 08:00:00,191.56,25.28,86.78,4.78,3.0,11.87,Normal,None
B01057,M02,2026-01-08 08:10:00,199.85,25.65,73.66,4.46,2.92,12.71,Normal,None
B01058,M01,2026-01-08 08:20:00,199.92,23.06,83.49,4.62,2.69,11.26,Normal,None
B01059,M01,2026-01-08 08:30:00,197.29,27.59,83.54,4.71,3.25,12.48,Normal,None
B01060,M03,2026-01-08 08:40:00,179.22,26.23,87.94,4.16,3.1,12.36,Normal,None
B01061,M04,2026-01-08 08:50:00,187.57,25.88,88.37,4.82,3.29,12.49,Normal,None
B01062,M04,2026-01-08 09:00:00,170.08,24.67,74.77,4.48,2.75,15.63,Defect,Incomplete_Weld
B01063,M02,2026-01-08 09:10:00,195.82,23.8,78.21,4.5,3.1,13.39,Normal,None
B01064,M03,2026-01-08 09:20:00,175.26,24.07,73.82,4.51,3.11,10.98,Normal,None
B01065,M02,2026-01-08 09:30:00,190.25,26.57,85.26,4.72,2.84,10.11,Normal,None
B01066,M01,2026-01-08 09:40:00,187.75,24.92,67.78,4.09,3.61,13.53,Normal,None
B01067,M04,2026-01-08 09:50:00,190.26,25.6,124.89,4.4,2.78,11.67,Defect,Crack
B01068,M03,2026-01-08 10:00:00,201.83,23.59,81.13,4.61,3.4,12.29,Normal,None
B01069,M02,2026-01-08 10:10:00,198.3,24.4,74.51,4.97,3.18,10.45,Normal,None
B01070,M01,2026-01-08 10:20:00,180.37,23.77,86.56,4.67,3.2,12.44,Normal,None
B01071,M04,2026-01-08 10:30:00,203.86,24.51,88.42,3.91,3.59,11.22,Normal,None
B01072,M02,2026-01-08 10:40:00,194.17,23.14,81.76,4.14,3.08,13.19,Normal,None
B01073,M01,2026-01-08 10:50:00,176.33,24.1,86.89,4.14,3.23,11.95,Normal,None
B01074,M01,2026-01-08 11:00:00,197.15,24.57,88.35,4.9,3.8,10.43,Normal,None
B01075,M03,2026-01-08 11:10:00,187.6,24.42,97.22,4.81,3.17,13.32,Normal,None
B01076,M03,2026-01-08 11:20:00,230.3,27.2,127.0,4.72,3.07,12.59,Defect,Burn_Through
B01077,M04,2026-01-08 11:30:00,195.38,23.58,84.57,4.07,3.04,13.13,Normal,None
B01078,M02,2026-01-08 11:40:00,183.37,24.15,89.11,4.97,3.41,11.77,Normal,None
B01079,M02,2026-01-08 11:50:00,225.32,24.9,124.37,4.66,2.95,10.14,Defect,Burn_Through
B01080,M04,2026-01-08 12:00:00,188.44,23.18,79.41,4.33,3.72,10.99,Normal,None
B01081,M02,2026-01-08 12:10:00,139.22,23.43,84.91,4.75,1.94,14.9,Defect,Incomplete_Weld
B01082,M04,2026-01-08 12:20:00,190.06,25.13,71.21,4.3,3.45,11.88,Normal,None
B01083,M03,2026-01-08 12:30:00,161.71,27.03,68.44,4.21,2.66,12.37,Normal,None
B01084,M02,2026-01-08 12:40:00,181.65,25.56,92.39,4.41,3.51,12.4,Normal,None
B01085,M02,2026-01-08 12:50:00,182.65,23.26,90.14,4.68,3.5,11.54,Normal,None
B01086,M04,2026-01-08 13:00:00,186.79,24.97,90.77,4.43,3.0,12.46,Normal,None
B01087,M02,2026-01-08 13:10:00,222.14,24.42,109.59,3.43,3.47,14.29,Defect,Porosity
B01088,M03,2026-01-08 13:20:00,168.39,26.44,79.2,4.58,3.16,13.14,Normal,None
B01089,M04,2026-01-08 13:30:00,186.06,24.35,91.01,4.87,2.98,11.92,Normal,None
B01090,M04,2026-01-08 13:40:00,175.88,23.18,91.68,4.58,3.51,12.33,Normal,None
B01091,M02,2026-01-08 13:50:00,202.48,24.18,89.72,4.43,3.49,9.36,Normal,None
B01092,M02,2026-01-08 14:00:00,174.87,25.26,94.78,4.75,3.18,11.56,Normal,None
B01093,M01,2026-01-08 14:10:00,207.57,23.44,73.57,4.2,3.46,12.76,Normal,None
B01094,M03,2026-01-08 14:20:00,194.24,23.77,82.31,4.97,3.44,11.08,Normal,None
B01095,M01,2026-01-08 14:30:00,222.79,27.09,112.24,4.14,3.25,11.97,Defect,Burn_Through
B01096,M03,2026-01-08 14:40:00,176.45,25.95,78.07,4.9,3.2,12.83,Normal,None
B01097,M04,2026-01-08 14:50:00,182.69,24.45,83.91,4.33,3.16,12.0,Normal,None
B01098,M02,2026-01-08 15:00:00,174.12,24.12,79.91,4.15,3.56,12.37,Normal,None
B01099,M04,2026-01-08 15:10:00,200.96,23.94,86.21,3.95,3.44,12.28,Normal,None
B01100,M04,2026-01-08 15:20:00,189.88,25.02,102.91,4.73,2.52,11.93,Defect,Crack
B01101,M01,2026-01-08 15:30:00,196.35,25.2,97.3,4.87,3.12,12.26,Normal,None
B01102,M04,2026-01-08 15:40:00,203.17,25.44,86.74,4.84,2.93,9.6,Normal,None
B01103,M03,2026-01-08 15:50:00,185.69,22.42,84.93,4.98,3.05,12.44,Normal,None
B01104,M04,2026-01-08 16:00:00,181.78,24.85,106.08,4.7,2.14,11.42,Defect,Crack
B01105,M03,2026-01-08 16:10:00,165.05,24.78,90.27,4.01,3.32,13.44,Normal,None
B01106,M04,2026-01-08 16:20:00,197.38,23.84,92.17,4.23,3.05,12.76,Normal,None
B01107,M04,2026-01-08 16:30:00,183.94,23.25,88.79,4.18,2.92,14.04,Normal,None
B01108,M01,2026-01-08 16:40:00,179.11,23.98,90.42,5.18,2.93,11.58,Normal,None
B01109,M01,2026-01-08 16:50:00,184.51,26.0,87.44,4.1,3.09,13.62,Normal,None
B01110,M04,2026-01-08 17:00:00,184.5,23.48,92.12,4.51,3.44,11.28,Normal,None
B01111,M04,2026-01-08 17:10:00,189.34,25.96,88.26,4.42,3.42,11.48,Normal,None
B01112,M03,2026-01-08 17:20:00,184.91,24.33,76.01,4.41,3.12,14.27,Normal,None
B01113,M02,2026-01-08 17:30:00,178.34,25.18,83.77,4.64,2.93,13.6,Normal,None
B01114,M01,2026-01-08 17:40:00,185.22,24.26,86.07,4.5,3.24,11.14,Normal,None
B01115,M02,2026-01-08 17:50:00,186.63,24.99,78.61,4.31,2.9,12.31,Normal,None
B01116,M02,2026-01-08 18:00:00,194.65,24.45,128.5,4.52,2.22,12.05,Defect,Crack
B01117,M02,2026-01-08 18:10:00,138.59,25.85,91.63,4.67,2.33,14.63,Defect,Incomplete_Weld
B01118,M01,2026-01-08 18:20:00,232.55,27.95,107.41,4.71,3.25,11.12,Defect,Burn_Through
B01119,M02,2026-01-08 18:30:00,204.43,23.6,83.13,4.66,3.5,10.51,Normal,None
B01120,M01,2026-01-08 18:40:00,191.54,24.55,83.79,4.79,3.63,11.91,Normal,None
B01121,M04,2026-01-08 18:50:00,217.67,25.45,117.35,4.49,2.97,11.42,Defect,Burn_Through
B01122,M01,2026-01-08 19:00:00,182.25,21.91,117.98,4.39,3.11,13.58,Defect,Crack
B01123,M01,2026-01-08 19:10:00,214.71,25.12,105.14,3.13,3.07,13.42,Defect,Porosity
B01124,M04,2026-01-08 19:20:00,204.64,28.27,130.07,4.19,3.11,11.5,Defect,Burn_Through
B01125,M02,2026-01-08 19:30:00,218.46,25.46,118.15,3.63,3.27,12.91,Defect,Porosity
B01126,M02,2026-01-08 19:40:00,201.43,26.62,76.06,4.89,3.55,13.17,Normal,None
B01127,M01,2026-01-08 19:50:00,187.0,23.58,87.77,4.19,3.1,10.47,Normal,None
B01128,M04,2026-01-08 20:00:00,178.48,26.47,129.46,4.17,2.5,12.23,Defect,Crack
B01129,M04,2026-01-08 20:10:00,195.5,24.21,87.06,4.17,3.05,11.83,Normal,None
B01130,M02,2026-01-08 20:20:00,247.19,26.57,130.52,4.54,2.73,12.55,Defect,Burn_Through
B01131,M01,2026-01-08 20:30:00,177.06,23.98,80.12,4.54,3.38,13.74,Normal,None
B01132,M03,2026-01-08 20:40:00,192.71,23.89,88.45,4.74,3.32,11.25,Normal,None
B01133,M01,2026-01-08 20:50:00,169.79,24.4,95.81,4.75,3.02,11.81,Normal,None
B01134,M04,2026-01-08 21:00:00,198.84,26.89,86.73,4.35,3.08,12.78,Normal,None
B01135,M01,2026-01-08 21:10:00,186.99,25.37,90.27,4.41,3.19,11.86,Normal,None
B01136,M03,2026-01-08 21:20:00,184.28,24.85,80.09,4.52,3.08,11.18,Normal,None
B01137,M03,2026-01-08 21:30:00,183.09,23.78,90.87,4.97,3.14,10.47,Normal,None
B01138,M01,2026-01-08 21:40:00,188.87,23.9,80.75,4.75,3.26,11.84,Normal,None
B01139,M03,2026-01-08 21:50:00,175.61,25.07,98.73,4.39,2.76,12.29,Normal,None
B01140,M02,2026-01-08 22:00:00,190.54,23.58,97.31,4.68,3.16,10.82,Normal,None
B01141,M03,2026-01-08 22:10:00,188.52,22.21,118.65,4.42,2.48,11.44,Defect,Crack
B01142,M02,2026-01-08 22:20:00,190.15,25.13,82.07,4.11,3.66,13.43,Normal,None
B01143,M02,2026-01-08 22:30:00,200.81,25.03,98.31,4.63,2.96,11.91,Normal,None
B01144,M04,2026-01-08 22:40:00,175.88,25.73,87.95,4.39,2.98,15.2,Defect,Incomplete_Weld
B01145,M03,2026-01-08 22:50:00,191.23,23.78,80.09,4.78,3.35,11.31,Normal,None
B01146,M04,2026-01-08 23:00:00,191.02,23.2,77.47,4.6,3.44,14.01,Normal,None
B01147,M03,2026-01-08 23:10:00,171.98,23.49,95.71,4.49,3.17,13.03,Normal,None
B01148,M02,2026-01-08 23:20:00,188.41,25.26,83.01,4.28,3.43,10.39,Normal,None
B01149,M03,2026-01-08 23:30:00,187.16,22.47,97.03,3.83,3.39,11.32,Normal,None
B01150,M01,2026-01-08 23:40:00,208.4,23.12,87.97,4.7,3.04,14.14,Normal,None
B01151,M04,2026-01-08 23:50:00,175.93,24.61,84.02,4.25,2.8,11.78,Normal,None
B01152,M03,2026-01-09 00:00:00,179.87,24.67,80.48,4.11,3.26,11.9,Normal,None
B01153,M04,2026-01-09 00:10:00,172.95,23.38,88.65,4.49,3.53,13.26,Normal,None
B01154,M01,2026-01-09 00:20:00,220.35,26.73,104.78,4.11,3.4,12.0,Defect,Burn_Through
B01155,M01,2026-01-09 00:30:00,188.11,25.56,86.23,4.37,2.94,10.72,Normal,None
B01156,M02,2026-01-09 00:40:00,188.11,25.71,83.73,4.86,3.4,12.42,Normal,None
B01157,M01,2026-01-09 00:50:00,196.48,23.89,85.19,4.96,3.55,13.49,Normal,None
B01158,M02,2026-01-09 01:00:00,185.5,24.69,90.92,4.42,3.33,12.77,Normal,None
B01159,M02,2026-01-09 01:10:00,228.4,25.4,103.53,3.11,2.91,11.43,Defect,Porosity
B01160,M01,2026-01-09 01:20:00,162.2,24.35,77.37,4.31,2.25,17.64,Defect,Incomplete_Weld
B01161,M03,2026-01-09 01:30:00,177.23,22.85,85.26,4.32,3.53,8.79,Normal,None
B01162,M03,2026-01-09 01:40:00,197.02,24.44,68.17,4.41,2.99,11.41,Normal,None
B01163,M01,2026-01-09 01:50:00,209.41,24.81,88.48,4.81,3.4,12.0,Normal,None
B01164,M03,2026-01-09 02:00:00,204.4,26.48,83.88,5.03,3.1,11.93,Normal,None
B01165,M03,2026-01-09 02:10:00,196.52,24.8,105.84,5.04,3.2,11.15,Normal,None
B01166,M01,2026-01-09 02:20:00,212.61,22.32,88.99,4.44,2.96,11.37,Normal,None
B01167,M01,2026-01-09 02:30:00,194.51,23.95,82.21,4.33,3.39,13.02,Normal,None
B01168,M01,2026-01-09 02:40:00,213.43,24.8,78.07,4.58,2.87,11.5,Normal,None
B01169,M03,2026-01-09 02:50:00,167.56,24.63,87.57,4.6,2.63,14.9,Defect,Incomplete_Weld
B01170,M01,2026-01-09 03:00:00,198.75,24.81,93.96,4.99,3.18,10.26,Normal,None
B01171,M02,2026-01-09 03:10:00,208.78,24.33,91.29,4.56,3.56,11.78,Normal,None
B01172,M02,2026-01-09 03:20:00,180.14,24.47,73.06,4.11,3.43,12.44,Normal,None
B01173,M03,2026-01-09 03:30:00,192.72,24.92,89.49,4.61,3.18,12.49,Normal,None
B01174,M03,2026-01-09 03:40:00,194.72,23.67,73.46,4.31,3.53,12.76,Normal,None
B01175,M04,2026-01-09 03:50:00,195.06,24.6,84.55,4.06,3.34,12.62,Normal,None
B01176,M01,2026-01-09 04:00:00,190.67,25.07,92.39,4.59,3.61,12.81,Normal,None
B01177,M02,2026-01-09 04:10:00,189.83,25.19,85.35,4.3,3.58,11.73,Normal,None
B01178,M01,2026-01-09 04:20:00,190.07,25.09,121.14,4.42,2.21,11.69,Defect,Crack
B01179,M03,2026-01-09 04:30:00,183.35,22.53,75.71,3.65,3.02,11.89,Normal,None
B01180,M04,2026-01-09 04:40:00,209.6,24.62,105.05,2.99,3.07,11.75,Defect,Porosity
B01181,M02,2026-01-09 04:50:00,182.78,25.0,99.26,4.29,3.18,11.99,Normal,None
B01182,M01,2026-01-09 05:00:00,183.21,24.27,86.62,4.51,3.36,10.74,Normal,None
B01183,M04,2026-01-09 05:10:00,177.51,22.56,83.33,4.8,3.49,11.53,Normal,None
B01184,M04,2026-01-09 05:20:00,216.16,27.28,132.14,4.66,3.04,12.74,Defect,Burn_Through
B01185,M03,2026-01-09 05:30:00,193.42,24.53,81.11,4.39,2.72,12.51,Normal,None
B01186,M02,2026-01-09 05:40:00,193.19,23.92,96.46,4.57,3.1,11.92,Normal,None
B01187,M02,2026-01-09 05:50:00,200.47,24.03,88.17,4.81,3.1,11.1,Normal,None
B01188,M01,2026-01-09 06:00:00,154.86,25.63,76.34,4.68,2.7,16.48,Defect,Incomplete_Weld
B01189,M01,2026-01-09 06:10:00,221.45,25.3,103.77,2.61,3.57,12.22,Defect,Porosity
B01190,M01,2026-01-09 06:20:00,187.85,25.44,87.4,4.45,3.01,12.37,Normal,None
B01191,M01,2026-01-09 06:30:00,178.14,22.48,86.91,5.07,2.85,12.04,Normal,None
B01192,M04,2026-01-09 06:40:00,190.72,24.15,79.52,4.53,3.63,12.04,Normal,None
B01193,M02,2026-01-09 06:50:00,180.37,25.23,90.46,4.31,3.35,12.87,Normal,None
B01194,M04,2026-01-09 07:00:00,181.95,23.95,93.28,5.21,3.58,13.52,Normal,None
B01195,M04,2026-01-09 07:10:00,194.17,22.23,80.32,4.78,3.37,12.74,Normal,None
B01196,M04,2026-01-09 07:20:00,197.01,24.82,84.41,4.71,3.33,12.17,Normal,None
B01197,M02,2026-01-09 07:30:00,194.85,26.46,84.73,4.28,3.36,11.42,Normal,None
B01198,M01,2026-01-09 07:40:00,196.73,24.57,84.94,4.52,3.2,11.06,Normal,None
B01199,M04,2026-01-09 07:50:00,219.19,25.56,117.96,4.56,3.32,12.28,Defect,Burn_Through
B01200,M03,2026-01-09 08:00:00,185.59,23.05,87.87,4.65,3.15,11.23,Normal,None
B01201,M04,2026-01-09 08:10:00,238.38,29.29,113.48,4.71,3.37,11.8,Defect,Burn_Through
B01202,M04,2026-01-09 08:20:00,177.91,24.0,68.73,4.51,3.41,10.82,Normal,None
B01203,M02,2026-01-09 08:30:00,184.42,23.57,112.85,4.84,2.23,11.1,Defect,Crack
B01204,M02,2026-01-09 08:40:00,193.91,24.4,85.36,4.11,3.26,11.2,Normal,None
B01205,M01,2026-01-09 08:50:00,194.73,24.97,76.86,4.77,3.26,13.2,Normal,None
B01206,M04,2026-01-09 09:00:00,211.47,26.14,89.48,4.73,2.98,11.52,Normal,None
B01207,M02,2026-01-09 09:10:00,175.52,25.69,78.98,4.92,3.18,12.71,Normal,None
B01208,M03,2026-01-09 09:20:00,187.22,22.15,82.04,4.92,3.25,12.34,Normal,None
B01209,M04,2026-01-09 09:30:00,178.05,25.46,93.26,4.51,3.2,11.68,Normal,None
B01210,M04,2026-01-09 09:40:00,196.29,24.12,88.83,4.4,3.44,13.02,Normal,None
B01211,M01,2026-01-09 09:50:00,179.91,25.91,87.71,4.21,3.23,10.85,Normal,None
B01212,M03,2026-01-09 10:00:00,191.4,25.49,78.16,4.54,3.31,11.37,Normal,None
B01213,M02,2026-01-09 10:10:00,197.78,24.33,94.45,3.86,2.82,11.23,Normal,None
B01214,M02,2026-01-09 10:20:00,198.38,24.36,83.45,3.98,3.47,12.59,Normal,None
B01215,M04,2026-01-09 10:30:00,192.63,25.9,76.84,4.54,3.15,13.3,Normal,None
B01216,M03,2026-01-09 10:40:00,194.74,23.12,80.75,4.48,2.97,10.85,Normal,None
B01217,M04,2026-01-09 10:50:00,197.61,23.23,90.08,4.52,3.31,12.78,Normal,None
B01218,M01,2026-01-09 11:00:00,185.73,23.78,126.49,4.42,2.4,11.95,Defect,Crack
B01219,M01,2026-01-09 11:10:00,211.33,25.11,103.47,3.85,2.76,10.58,Defect,Porosity
B01220,M02,2026-01-09 11:20:00,200.12,20.69,75.44,4.02,3.4,11.49,Normal,None
B01221,M02,2026-01-09 11:30:00,186.52,24.51,89.56,4.48,3.02,11.13,Normal,None
B01222,M04,2026-01-09 11:40:00,187.79,24.73,98.4,3.94,3.31,12.09,Normal,None
B01223,M02,2026-01-09 11:50:00,191.05,24.3,79.6,4.05,3.58,11.96,Normal,None
B01224,M01,2026-01-09 12:00:00,227.53,26.17,125.48,4.02,3.44,10.56,Defect,Burn_Through
B01225,M01,2026-01-09 12:10:00,200.24,24.94,96.27,3.87,3.2,10.99,Normal,None
B01226,M03,2026-01-09 12:20:00,166.53,25.15,81.16,4.62,3.33,12.37,Normal,None
B01227,M01,2026-01-09 12:30:00,179.71,24.34,103.4,4.69,2.21,12.52,Defect,Crack
B01228,M01,2026-01-09 12:40:00,186.99,24.23,94.23,4.1,2.87,11.21,Normal,None
B01229,M02,2026-01-09 12:50:00,202.0,24.76,93.75,4.49,3.05,12.74,Normal,None
B01230,M04,2026-01-09 13:00:00,171.92,24.53,81.62,4.66,3.1,13.64,Normal,None
B01231,M01,2026-01-09 13:10:00,183.1,24.55,86.68,4.7,3.08,12.79,Normal,None
B01232,M04,2026-01-09 13:20:00,218.27,23.81,116.15,3.32,3.28,12.46,Defect,Porosity
B01233,M03,2026-01-09 13:30:00,196.89,24.53,98.16,4.16,3.35,12.74,Normal,None
B01234,M03,2026-01-09 13:40:00,210.81,23.54,81.02,4.07,3.34,11.68,Normal,None
B01235,M04,2026-01-09 13:50:00,190.63,24.83,83.21,4.77,2.68,12.5,Normal,None
B01236,M03,2026-01-09 14:00:00,193.37,25.96,84.87,4.65,3.48,11.23,Normal,None
B01237,M02,2026-01-09 14:10:00,182.31,22.82,89.59,4.47,2.85,10.92,Normal,None
B01238,M01,2026-01-09 14:20:00,196.51,25.08,82.55,4.28,3.48,11.46,Normal,None
B01239,M03,2026-01-09 14:30:00,192.21,23.51,79.19,4.44,3.22,12.63,Normal,None
B01240,M01,2026-01-09 14:40:00,184.82,24.61,84.62,4.71,3.37,11.92,Normal,None
B01241,M04,2026-01-09 14:50:00,187.49,26.79,89.12,4.35,3.11,11.51,Normal,None
B01242,M02,2026-01-09 15:00:00,194.91,24.93,85.38,4.5,3.65,13.16,Normal,None
B01243,M04,2026-01-09 15:10:00,191.79,24.38,96.26,4.37,3.14,11.42,Normal,None
B01244,M03,2026-01-09 15:20:00,184.59,23.63,88.19,4.38,3.18,12.45,Normal,None
B01245,M02,2026-01-09 15:30:00,168.53,25.17,75.19,5.12,3.04,13.51,Normal,None
B01246,M02,2026-01-09 15:40:00,208.87,24.72,87.69,4.14,3.14,11.08,Normal,None
B01247,M04,2026-01-09 15:50:00,186.53,23.58,86.78,5.03,3.22,13.5,Normal,None
B01248,M04,2026-01-09 16:00:00,180.1,24.45,77.87,4.43,2.87,11.72,Normal,None
B01249,M01,2026-01-09 16:10:00,187.97,25.79,79.85,4.7,3.29,12.55,Normal,None
B01250,M04,2026-01-09 16:20:00,205.75,23.28,93.78,4.67,3.65,10.6,Normal,None
B01251,M03,2026-01-09 16:30:00,178.28,23.5,88.55,4.81,3.33,12.43,Normal,None
B01252,M01,2026-01-09 16:40:00,159.84,23.88,98.51,4.5,2.4,15.63,Defect,Incomplete_Weld
B01253,M01,2026-01-09 16:50:00,185.01,24.61,95.41,4.38,3.62,11.81,Normal,None
B01254,M03,2026-01-09 17:00:00,189.51,24.2,76.25,4.35,2.78,12.75,Normal,None
B01255,M02,2026-01-09 17:10:00,173.38,24.39,91.02,5.21,2.76,11.74,Normal,None
B01256,M03,2026-01-09 17:20:00,199.32,24.49,75.36,4.28,3.64,12.0,Normal,None
B01257,M01,2026-01-09 17:30:00,183.56,24.69,83.34,4.7,2.72,11.12,Normal,None
B01258,M03,2026-01-09 17:40:00,210.61,23.67,91.07,5.19,3.35,13.14,Normal,None
B01259,M01,2026-01-09 17:50:00,181.78,24.12,82.05,4.22,3.22,11.05,Normal,None
B01260,M03,2026-01-09 18:00:00,197.24,25.13,77.63,5.04,3.04,12.37,Normal,None
B01261,M01,2026-01-09 18:10:00,185.05,24.9,86.14,4.71,3.43,12.66,Normal,None
B01262,M04,2026-01-09 18:20:00,199.38,24.75,87.37,4.26,3.09,13.49,Normal,None
B01263,M03,2026-01-09 18:30:00,179.09,22.86,81.95,4.9,3.67,11.51,Normal,None
B01264,M04,2026-01-09 18:40:00,192.15,24.43,80.35,4.24,2.95,13.97,Normal,None
B01265,M02,2026-01-09 18:50:00,199.5,24.8,81.84,4.75,3.44,10.92,Normal,None
B01266,M01,2026-01-09 19:00:00,186.23,25.31,82.04,4.5,3.34,11.38,Normal,None
B01267,M02,2026-01-09 19:10:00,182.83,24.92,88.26,4.07,3.19,11.98,Normal,None
B01268,M03,2026-01-09 19:20:00,210.93,25.51,110.43,4.03,3.21,12.2,Defect,Porosity
B01269,M03,2026-01-09 19:30:00,174.11,25.3,95.87,4.34,2.93,13.32,Normal,None
B01270,M01,2026-01-09 19:40:00,171.79,23.92,80.09,4.16,3.57,12.22,Normal,None
B01271,M04,2026-01-09 19:50:00,201.83,24.97,94.28,3.96,2.96,13.17,Normal,None
B01272,M04,2026-01-09 20:00:00,220.06,24.35,93.34,3.13,3.06,10.73,Defect,Porosity
B01273,M04,2026-01-09 20:10:00,207.84,24.4,94.53,3.93,3.06,12.84,Defect,Porosity
B01274,M03,2026-01-09 20:20:00,201.87,22.89,80.2,4.12,2.88,12.45,Normal,None
B01275,M03,2026-01-09 20:30:00,174.42,25.22,88.33,4.74,3.08,10.74,Normal,None
B01276,M03,2026-01-09 20:40:00,175.5,25.69,86.79,4.57,3.09,11.15,Normal,None
B01277,M02,2026-01-09 20:50:00,191.45,26.73,87.12,4.67,2.73,11.98,Normal,None
B01278,M03,2026-01-09 21:00:00,196.29,23.99,96.6,4.57,2.68,13.35,Normal,None
B01279,M04,2026-01-09 21:10:00,199.52,23.49,74.84,4.23,3.6,10.12,Normal,None
B01280,M04,2026-01-09 21:20:00,166.85,25.19,90.24,4.3,2.77,16.35,Defect,Incomplete_Weld
B01281,M02,2026-01-09 21:30:00,187.72,25.21,87.13,4.33,2.94,12.68,Normal,None
B01282,M02,2026-01-09 21:40:00,161.25,24.34,88.08,4.26,3.58,11.95,Normal,None
B01283,M03,2026-01-09 21:50:00,192.34,23.64,87.68,4.72,2.97,11.59,Normal,None
B01284,M01,2026-01-09 22:00:00,193.32,21.96,82.39,4.3,2.92,11.83,Normal,None
B01285,M03,2026-01-09 22:10:00,183.68,22.38,91.32,5.27,2.66,10.65,Normal,None
B01286,M02,2026-01-09 22:20:00,198.9,25.1,91.71,4.82,3.26,13.17,Normal,None
B01287,M02,2026-01-09 22:30:00,184.72,23.75,78.87,4.41,3.57,11.54,Normal,None
B01288,M02,2026-01-09 22:40:00,163.67,23.48,91.47,4.72,3.46,11.82,Normal,None
B01289,M02,2026-01-09 22:50:00,193.74,24.31,91.33,4.82,3.06,12.05,Normal,None
B01290,M01,2026-01-09 23:00:00,202.63,23.26,91.95,4.31,3.18,11.17,Normal,None
B01291,M03,2026-01-09 23:10:00,206.07,25.56,96.26,3.91,3.42,11.04,Normal,None
B01292,M01,2026-01-09 23:20:00,187.69,23.89,82.16,4.09,2.96,11.76,Normal,None
B01293,M04,2026-01-09 23:30:00,175.28,25.46,125.89,4.36,2.54,13.91,Defect,Crack
B01294,M01,2026-01-09 23:40:00,183.27,22.4,81.95,5.11,3.22,12.28,Normal,None
B01295,M03,2026-01-09 23:50:00,185.28,24.53,89.66,4.07,3.36,10.8,Normal,None
B01296,M03,2026-01-10 00:00:00,201.79,24.61,88.95,4.33,3.04,11.65,Normal,None
B01297,M03,2026-01-10 00:10:00,192.19,24.06,81.56,4.5,3.29,11.95,Normal,None
B01298,M01,2026-01-10 00:20:00,175.09,26.14,93.43,4.46,2.9,13.44,Normal,None
B01299,M02,2026-01-10 00:30:00,178.51,24.44,88.74,4.44,2.99,13.0,Normal,None
B01300,M04,2026-01-10 00:40:00,165.43,25.24,78.85,4.48,2.42,15.78,Defect,Incomplete_Weld
B01301,M03,2026-01-10 00:50:00,184.7,22.37,82.57,4.85,3.02,12.85,Normal,None
B01302,M02,2026-01-10 01:00:00,238.61,23.11,110.47,3.21,3.1,11.14,Defect,Porosity
B01303,M04,2026-01-10 01:10:00,191.31,23.3,82.27,4.29,2.83,11.99,Normal,None
B01304,M01,2026-01-10 01:20:00,188.05,25.06,92.21,4.26,3.17,14.94,Normal,None
B01305,M03,2026-01-10 01:30:00,189.7,25.28,87.63,4.73,3.15,12.07,Normal,None
B01306,M04,2026-01-10 01:40:00,204.14,24.59,100.94,3.2,3.09,9.73,Defect,Porosity
B01307,M04,2026-01-10 01:50:00,206.98,26.36,74.66,4.29,3.17,11.15,Normal,None
B01308,M01,2026-01-10 02:00:00,179.5,22.85,93.27,4.72,2.93,12.45,Normal,None
B01309,M02,2026-01-10 02:10:00,178.37,24.71,94.56,4.26,3.03,11.85,Normal,None
B01310,M04,2026-01-10 02:20:00,192.24,22.88,73.24,4.95,3.49,12.71,Normal,None
B01311,M02,2026-01-10 02:30:00,182.14,24.88,90.51,4.37,3.17,13.0,Normal,None
B01312,M04,2026-01-10 02:40:00,174.68,24.12,87.92,4.43,2.82,12.09,Normal,None
B01313,M02,2026-01-10 02:50:00,185.09,24.37,93.95,4.5,3.0,11.3,Normal,None
B01314,M03,2026-01-10 03:00:00,163.88,26.24,93.18,3.95,3.14,12.14,Normal,None
B01315,M03,2026-01-10 03:10:00,164.16,23.29,92.58,4.52,2.32,15.8,Defect,Incomplete_Weld
B01316,M03,2026-01-10 03:20:00,182.52,23.36,74.16,4.69,2.92,12.14,Normal,None
B01317,M03,2026-01-10 03:30:00,172.97,24.86,78.79,4.57,2.67,11.77,Normal,None
B01318,M04,2026-01-10 03:40:00,186.78,23.74,86.86,4.33,3.42,12.02,Normal,None
B01319,M03,2026-01-10 03:50:00,191.18,24.01,134.01,4.42,2.59,12.24,Defect,Crack
B01320,M03,2026-01-10 04:00:00,192.8,24.35,85.58,4.7,3.15,13.49,Normal,None
B01321,M02,2026-01-10 04:10:00,191.01,26.36,77.77,4.73,3.09,12.37,Normal,None
B01322,M04,2026-01-10 04:20:00,188.83,24.71,87.62,4.64,3.66,12.19,Normal,None
B01323,M02,2026-01-10 04:30:00,193.4,25.19,77.5,4.7,3.05,11.37,Normal,None
B01324,M03,2026-01-10 04:40:00,187.13,24.24,91.84,4.63,3.41,13.35,Normal,None
B01325,M01,2026-01-10 04:50:00,190.5,23.07,89.25,4.64,3.09,14.1,Normal,None
B01326,M03,2026-01-10 05:00:00,180.24,22.85,94.24,4.92,2.87,14.34,Normal,None
B01327,M04,2026-01-10 05:10:00,173.37,23.7,88.49,4.46,3.34,11.94,Normal,None
B01328,M02,2026-01-10 05:20:00,192.57,25.41,81.65,4.41,3.16,10.68,Normal,None
B01329,M03,2026-01-10 05:30:00,164.26,25.35,95.41,4.43,3.18,13.22,Normal,None
B01330,M03,2026-01-10 05:40:00,216.28,23.77,79.61,4.63,3.25,13.2,Normal,None
B01331,M03,2026-01-10 05:50:00,178.07,23.97,88.85,4.28,2.73,12.44,Normal,None
B01332,M02,2026-01-10 06:00:00,170.99,23.22,89.62,4.71,2.43,12.47,Defect,Incomplete_Weld
B01333,M01,2026-01-10 06:10:00,162.39,22.84,75.7,4.65,2.52,14.81,Defect,Incomplete_Weld
B01334,M03,2026-01-10 06:20:00,169.55,24.27,93.43,4.48,2.77,15.48,Defect,Incomplete_Weld
B01335,M02,2026-01-10 06:30:00,192.82,24.03,92.29,4.29,3.18,11.87,Normal,None
B01336,M01,2026-01-10 06:40:00,202.17,23.6,75.64,4.74,3.09,11.14,Normal,None
B01337,M03,2026-01-10 06:50:00,190.51,24.97,97.2,4.33,2.77,10.5,Normal,None
B01338,M04,2026-01-10 07:00:00,200.02,23.5,115.5,3.63,3.25,10.59,Defect,Porosity
B01339,M02,2026-01-10 07:10:00,199.78,24.73,97.78,4.69,2.87,13.54,Normal,None
B01340,M03,2026-01-10 07:20:00,183.62,24.2,76.02,4.01,3.71,13.28,Normal,None
B01341,M04,2026-01-10 07:30:00,184.76,26.17,98.17,4.15,3.2,11.45,Normal,None
B01342,M04,2026-01-10 07:40:00,208.32,26.07,94.45,4.57,3.68,12.68,Normal,None
B01343,M02,2026-01-10 07:50:00,200.61,23.69,118.06,4.29,2.47,12.24,Defect,Crack
B01344,M03,2026-01-10 08:00:00,198.89,24.33,94.66,4.54,3.13,13.05,Normal,None
B01345,M04,2026-01-10 08:10:00,195.5,25.59,89.99,3.82,3.28,10.83,Normal,None
B01346,M01,2026-01-10 08:20:00,181.96,24.12,88.15,4.18,2.64,10.91,Normal,None
B01347,M03,2026-01-10 08:30:00,182.79,23.9,86.8,4.45,2.63,11.74,Normal,None
B01348,M02,2026-01-10 08:40:00,193.42,25.24,86.35,4.35,3.35,10.44,Normal,None
B01349,M04,2026-01-10 08:50:00,201.61,23.49,92.08,4.41,2.96,12.91,Normal,None
B01350,M04,2026-01-10 09:00:00,193.03,25.14,75.46,4.8,3.3,12.1,Normal,None
B01351,M04,2026-01-10 09:10:00,198.32,25.35,80.33,4.1,2.78,13.06,Normal,None
B01352,M04,2026-01-10 09:20:00,252.29,25.58,116.12,4.18,3.1,11.08,Defect,Burn_Through
B01353,M02,2026-01-10 09:30:00,181.18,22.92,85.67,4.27,3.33,10.77,Normal,None
B01354,M03,2026-01-10 09:40:00,193.63,23.78,80.78,4.37,3.3,10.45,Normal,None
B01355,M01,2026-01-10 09:50:00,189.67,24.97,77.09,4.66,2.91,12.89,Normal,None
B01356,M03,2026-01-10 10:00:00,184.92,26.1,76.33,3.96,2.94,12.65,Normal,None
B01357,M04,2026-01-10 10:10:00,197.23,24.45,91.7,4.11,2.72,11.6,Normal,None
B01358,M01,2026-01-10 10:20:00,159.69,25.16,82.56,4.46,1.9,16.21,Defect,Incomplete_Weld
B01359,M01,2026-01-10 10:30:00,211.2,23.72,92.61,4.84,3.02,10.55,Normal,None
B01360,M02,2026-01-10 10:40:00,172.02,23.35,92.94,4.24,3.42,11.51,Normal,None
B01361,M04,2026-01-10 10:50:00,184.85,24.88,89.82,4.37,2.68,12.01,Normal,None
B01362,M02,2026-01-10 11:00:00,201.52,24.44,80.01,4.65,3.08,13.62,Normal,None
B01363,M03,2026-01-10 11:10:00,202.19,26.12,81.77,4.27,3.12,12.31,Normal,None
B01364,M04,2026-01-10 11:20:00,188.23,24.37,85.17,4.63,3.06,12.56,Normal,None
B01365,M02,2026-01-10 11:30:00,194.4,26.43,100.89,3.79,2.86,9.88,Defect,Porosity
B01366,M04,2026-01-10 11:40:00,231.44,25.65,113.19,3.45,2.92,11.85,Defect,Porosity
B01367,M01,2026-01-10 11:50:00,180.32,24.37,80.2,3.97,3.32,11.39,Normal,None
B01368,M02,2026-01-10 12:00:00,176.44,23.69,81.18,4.37,2.92,11.65,Normal,None
B01369,M02,2026-01-10 12:10:00,194.8,24.94,82.99,4.34,3.4,13.73,Normal,None
B01370,M04,2026-01-10 12:20:00,192.19,25.75,76.55,4.27,3.24,11.51,Normal,None
B01371,M04,2026-01-10 12:30:00,184.67,25.27,89.56,4.55,3.38,11.59,Normal,None
B01372,M03,2026-01-10 12:40:00,182.65,23.85,92.67,4.83,3.72,11.56,Normal,None
B01373,M03,2026-01-10 12:50:00,176.26,23.96,89.12,4.67,3.92,12.41,Normal,None
B01374,M04,2026-01-10 13:00:00,208.55,24.61,83.19,4.25,3.16,12.34,Normal,None
B01375,M03,2026-01-10 13:10:00,198.23,25.18,88.33,4.43,3.31,11.8,Normal,None
B01376,M03,2026-01-10 13:20:00,195.8,24.01,75.82,4.52,3.2,10.22,Normal,None
B01377,M03,2026-01-10 13:30:00,189.33,23.85,82.19,4.79,2.83,13.23,Normal,None
B01378,M01,2026-01-10 13:40:00,190.6,21.65,84.88,4.64,3.49,13.32,Normal,None
B01379,M01,2026-01-10 13:50:00,193.77,23.65,87.09,4.52,2.9,12.04,Normal,None
B01380,M03,2026-01-10 14:00:00,192.73,24.98,84.7,4.51,3.19,12.58,Normal,None
B01381,M01,2026-01-10 14:10:00,195.55,23.4,81.34,4.12,3.01,11.7,Normal,None
B01382,M02,2026-01-10 14:20:00,186.46,25.49,88.36,4.4,3.16,12.83,Normal,None
B01383,M01,2026-01-10 14:30:00,185.1,24.9,76.48,4.49,3.31,12.43,Normal,None
B01384,M04,2026-01-10 14:40:00,199.65,23.69,95.76,5.61,3.08,13.42,Normal,None
B01385,M04,2026-01-10 14:50:00,182.02,23.4,117.37,4.69,2.48,12.31,Defect,Crack
B01386,M01,2026-01-10 15:00:00,211.7,24.63,106.4,3.35,3.12,11.56,Defect,Porosity
B01387,M02,2026-01-10 15:10:00,215.06,23.07,101.46,3.34,2.61,10.61,Defect,Porosity
B01388,M01,2026-01-10 15:20:00,191.16,25.08,86.75,4.29,3.16,12.63,Normal,None
B01389,M01,2026-01-10 15:30:00,203.18,24.16,83.96,4.73,3.27,12.55,Normal,None
B01390,M01,2026-01-10 15:40:00,171.41,25.45,67.71,4.84,3.7,13.0,Normal,None
B01391,M02,2026-01-10 15:50:00,181.51,23.24,90.97,4.31,3.34,11.17,Normal,None
B01392,M01,2026-01-10 16:00:00,215.63,26.86,132.57,4.4,2.66,11.42,Defect,Burn_Through
B01393,M03,2026-01-10 16:10:00,203.14,25.43,84.91,4.67,3.36,10.65,Normal,None
B01394,M04,2026-01-10 16:20:00,182.78,24.86,85.77,4.12,3.12,13.82,Normal,None
B01395,M01,2026-01-10 16:30:00,185.96,24.83,93.88,4.59,2.75,10.38,Normal,None
B01396,M02,2026-01-10 16:40:00,201.54,25.08,76.88,4.24,3.26,13.31,Normal,None
B01397,M03,2026-01-10 16:50:00,211.38,23.46,105.57,3.56,2.75,9.96,Defect,Porosity
B01398,M02,2026-01-10 17:00:00,201.99,25.25,91.46,3.95,3.0,11.41,Normal,None
B01399,M04,2026-01-10 17:10:00,199.23,24.28,89.46,3.97,3.15,12.57,Normal,None
B01400,M04,2026-01-10 17:20:00,192.71,24.96,90.61,4.54,3.15,11.12,Normal,None
B01401,M03,2026-01-10 17:30:00,204.29,24.03,84.92,5.19,2.96,13.65,Normal,None
B01402,M02,2026-01-10 17:40:00,189.06,24.08,77.74,4.08,3.06,12.39,Normal,None
B01403,M01,2026-01-10 17:50:00,200.09,24.22,92.42,5.05,3.66,9.96,Normal,None
B01404,M01,2026-01-10 18:00:00,198.23,25.52,98.7,4.58,3.32,12.57,Normal,None
B01405,M02,2026-01-10 18:10:00,196.69,23.74,98.07,4.61,3.44,13.15,Normal,None
B01406,M02,2026-01-10 18:20:00,216.18,24.61,107.49,3.33,3.02,10.09,Defect,Porosity
B01407,M04,2026-01-10 18:30:00,226.94,26.66,121.86,3.91,3.13,12.08,Defect,Burn_Through
B01408,M02,2026-01-10 18:40:00,235.91,26.54,103.96,3.44,3.12,10.14,Defect,Porosity
B01409,M04,2026-01-10 18:50:00,187.62,24.83,88.15,4.99,3.41,11.91,Normal,None
B01410,M03,2026-01-10 19:00:00,200.14,24.21,86.6,4.82,2.93,10.87,Normal,None
B01411,M02,2026-01-10 19:10:00,194.13,26.29,81.57,4.54,3.6,10.59,Normal,None
B01412,M02,2026-01-10 19:20:00,196.52,24.17,84.12,4.47,2.92,12.92,Normal,None
B01413,M04,2026-01-10 19:30:00,216.9,24.74,85.11,4.61,3.47,13.0,Normal,None
B01414,M02,2026-01-10 19:40:00,192.53,23.23,98.37,4.61,2.63,11.86,Normal,None
B01415,M01,2026-01-10 19:50:00,148.34,25.24,97.5,4.34,2.6,15.91,Defect,Incomplete_Weld
B01416,M04,2026-01-10 20:00:00,216.84,29.93,139.32,4.68,3.18,13.35,Defect,Burn_Through
B01417,M04,2026-01-10 20:10:00,188.93,23.63,76.77,4.64,3.27,13.14,Normal,None
B01418,M03,2026-01-10 20:20:00,190.42,24.57,85.1,3.89,3.35,10.94,Normal,None
B01419,M04,2026-01-10 20:30:00,181.78,25.09,90.15,4.82,3.12,12.34,Normal,None
B01420,M04,2026-01-10 20:40:00,194.26,23.44,78.86,4.72,2.87,12.65,Normal,None
B01421,M01,2026-01-10 20:50:00,211.2,26.68,137.88,4.67,2.85,12.76,Defect,Burn_Through
B01422,M02,2026-01-10 21:00:00,198.32,23.8,84.56,4.66,3.36,11.24,Normal,None
B01423,M01,2026-01-10 21:10:00,238.65,25.05,135.36,4.89,2.89,12.66,Defect,Burn_Through
B01424,M01,2026-01-10 21:20:00,189.19,22.86,77.92,4.5,3.22,12.35,Normal,None
B01425,M02,2026-01-10 21:30:00,170.65,24.56,80.38,4.76,3.08,12.2,Normal,None
B01426,M01,2026-01-10 21:40:00,186.85,22.41,86.94,4.6,3.6,10.84,Normal,None
B01427,M02,2026-01-10 21:50:00,202.29,24.73,86.28,4.37,2.99,11.62,Normal,None
B01428,M03,2026-01-10 22:00:00,204.12,24.9,83.0,4.65,3.5,11.86,Normal,None
B01429,M01,2026-01-10 22:10:00,191.0,25.01,89.13,4.43,3.05,13.01,Normal,None
B01430,M02,2026-01-10 22:20:00,230.94,26.61,114.08,3.05,3.11,9.88,Defect,Porosity
B01431,M04,2026-01-10 22:30:00,188.38,28.44,88.94,4.44,3.25,12.51,Normal,None
B01432,M02,2026-01-10 22:40:00,186.07,25.01,90.07,5.01,2.96,12.61,Normal,None
B01433,M04,2026-01-10 22:50:00,182.89,24.62,87.8,4.78,3.21,11.89,Normal,None
B01434,M04,2026-01-10 23:00:00,206.51,23.84,94.11,4.64,3.25,11.34,Normal,None
B01435,M03,2026-01-10 23:10:00,187.63,24.35,79.77,4.79,3.16,12.53,Normal,None
B01436,M01,2026-01-10 23:20:00,181.46,25.48,85.76,4.12,3.62,12.63,Normal,None
B01437,M01,2026-01-10 23:30:00,185.31,24.17,88.99,4.78,3.87,11.08,Normal,None
B01438,M04,2026-01-10 23:40:00,207.46,24.79,96.04,4.68,2.95,11.47,Normal,None
B01439,M01,2026-01-10 23:50:00,171.93,24.33,86.03,4.49,3.28,12.03,Normal,None
B01440,M03,2026-01-11 00:00:00,204.96,25.17,78.14,4.11,3.03,12.33,Normal,None
B01441,M03,2026-01-11 00:10:00,191.04,24.97,95.31,4.4,3.26,11.21,Normal,None
B01442,M02,2026-01-11 00:20:00,193.06,25.3,88.68,4.28,3.37,12.75,Normal,None
B01443,M02,2026-01-11 00:30:00,191.93,24.59,83.11,4.8,3.17,10.99,Normal,None
B01444,M04,2026-01-11 00:40:00,178.13,25.29,94.13,4.21,3.28,12.2,Normal,None
B01445,M02,2026-01-11 00:50:00,180.39,23.89,78.15,4.38,3.39,13.05,Normal,None
B01446,M04,2026-01-11 01:00:00,184.32,24.4,86.73,4.25,3.48,11.11,Normal,None
B01447,M02,2026-01-11 01:10:00,206.21,24.24,81.59,4.81,2.8,13.82,Normal,None
B01448,M02,2026-01-11 01:20:00,186.72,26.18,87.67,4.12,3.05,12.1,Normal,None
B01449,M03,2026-01-11 01:30:00,185.47,23.06,74.5,4.26,3.15,11.86,Normal,None
B01450,M04,2026-01-11 01:40:00,177.17,25.09,89.69,4.61,3.8,13.07,Normal,None
B01451,M03,2026-01-11 01:50:00,182.39,25.7,82.52,3.79,3.39,11.71,Normal,None
B01452,M02,2026-01-11 02:00:00,188.54,25.94,85.99,4.13,3.11,13.0,Normal,None
B01453,M01,2026-01-11 02:10:00,174.61,23.97,89.84,4.66,3.22,13.28,Normal,None
B01454,M04,2026-01-11 02:20:00,178.44,24.48,89.72,4.64,2.48,11.67,Normal,None
B01455,M03,2026-01-11 02:30:00,239.36,27.78,115.83,4.8,3.42,9.99,Defect,Burn_Through
B01456,M03,2026-01-11 02:40:00,188.29,25.17,81.52,4.51,3.39,12.34,Normal,None
B01457,M03,2026-01-11 02:50:00,189.49,26.07,80.46,4.76,2.85,11.02,Normal,None
B01458,M03,2026-01-11 03:00:00,187.85,24.43,82.88,4.89,3.33,11.59,Normal,None
B01459,M02,2026-01-11 03:10:00,193.65,25.34,85.86,4.84,3.52,10.54,Normal,None
B01460,M02,2026-01-11 03:20:00,158.35,24.67,80.43,4.35,2.3,14.31,Defect,Incomplete_Weld
B01461,M02,2026-01-11 03:30:00,198.61,25.92,88.71,4.5,3.69,9.97,Normal,None
B01462,M03,2026-01-11 03:40:00,179.48,23.85,81.87,4.66,3.23,10.29,Normal,None
B01463,M02,2026-01-11 03:50:00,197.48,25.49,84.58,4.45,3.03,12.23,Normal,None
B01464,M04,2026-01-11 04:00:00,188.34,23.18,85.6,4.34,3.47,13.32,Normal,None
B01465,M02,2026-01-11 04:10:00,212.89,23.32,118.53,4.56,2.05,12.41,Defect,Crack
B01466,M01,2026-01-11 04:20:00,183.23,22.4,93.4,4.32,3.39,12.03,Normal,None
B01467,M03,2026-01-11 04:30:00,173.33,25.78,85.84,4.56,3.09,12.86,Normal,None
B01468,M02,2026-01-11 04:40:00,248.17,27.33,139.64,5.52,3.21,10.48,Defect,Burn_Through
B01469,M01,2026-01-11 04:50:00,174.29,24.72,91.94,4.47,3.48,12.08,Normal,None
B01470,M03,2026-01-11 05:00:00,172.42,25.27,89.04,4.74,3.42,12.84,Normal,None
B01471,M04,2026-01-11 05:10:00,195.54,25.72,89.96,4.3,3.58,11.88,Normal,None
B01472,M01,2026-01-11 05:20:00,187.6,24.33,89.51,4.35,3.47,12.88,Normal,None
B01473,M01,2026-01-11 05:30:00,212.0,24.16,76.46,5.03,3.09,10.87,Normal,None
B01474,M01,2026-01-11 05:40:00,195.17,23.6,83.18,4.38,3.77,11.55,Normal,None
B01475,M04,2026-01-11 05:50:00,192.8,24.3,70.05,4.34,2.93,10.72,Normal,None
B01476,M01,2026-01-11 06:00:00,170.67,25.26,76.21,4.37,2.99,12.89,Normal,None
B01477,M04,2026-01-11 06:10:00,184.76,23.87,86.16,4.14,3.24,12.28,Normal,None
B01478,M01,2026-01-11 06:20:00,203.0,23.57,87.27,4.39,2.9,12.4,Normal,None
B01479,M01,2026-01-11 06:30:00,204.99,25.23,88.35,4.64,3.2,13.17,Normal,None
B01480,M01,2026-01-11 06:40:00,165.53,24.09,76.47,4.46,2.97,13.28,Normal,None
B01481,M03,2026-01-11 06:50:00,193.17,25.37,78.93,4.4,2.81,11.38,Normal,None
B01482,M03,2026-01-11 07:00:00,197.84,24.5,88.36,4.04,3.35,12.94,Normal,None
B01483,M02,2026-01-11 07:10:00,186.64,24.31,86.4,4.22,3.07,12.22,Normal,None
B01484,M01,2026-01-11 07:20:00,205.93,24.36,66.26,4.51,3.13,11.43,Normal,None
B01485,M01,2026-01-11 07:30:00,186.39,24.72,93.93,4.54,3.24,11.02,Normal,None
B01486,M03,2026-01-11 07:40:00,195.18,23.29,85.48,4.69,3.36,11.24,Normal,None
B01487,M03,2026-01-11 07:50:00,181.2,23.71,120.11,4.26,2.33,12.71,Defect,Crack
B01488,M01,2026-01-11 08:00:00,197.05,24.71,91.07,4.84,3.12,12.37,Normal,None
B01489,M04,2026-01-11 08:10:00,152.0,23.14,92.58,4.29,2.54,15.56,Defect,Incomplete_Weld
B01490,M03,2026-01-11 08:20:00,200.83,23.31,78.62,4.14,3.35,12.05,Normal,None
B01491,M01,2026-01-11 08:30:00,178.89,24.92,115.93,4.83,2.29,12.18,Defect,Crack
B01492,M04,2026-01-11 08:40:00,189.98,24.76,73.14,4.91,3.16,11.12,Normal,None
B01493,M02,2026-01-11 08:50:00,193.03,21.9,88.63,4.8,3.29,12.18,Normal,None
B01494,M03,2026-01-11 09:00:00,180.8,24.38,86.89,4.29,2.98,12.92,Normal,None
B01495,M02,2026-01-11 09:10:00,176.2,25.52,79.05,4.61,3.47,11.5,Normal,None
B01496,M02,2026-01-11 09:20:00,207.79,23.73,86.96,4.48,2.83,10.83,Normal,None
B01497,M02,2026-01-11 09:30:00,174.76,25.24,84.83,4.15,3.23,12.75,Normal,None
B01498,M04,2026-01-11 09:40:00,216.4,27.34,133.39,4.35,3.3,10.69,Defect,Burn_Through
B01499,M02,2026-01-11 09:50:00,192.86,25.63,85.35,4.78,3.15,11.7,Normal,None
B01500,M01,2026-01-11 10:00:00,222.66,23.72,106.34,3.72,2.94,12.06,Defect,Porosity
B01501,M03,2026-01-11 10:10:00,221.37,28.72,135.19,4.9,3.0,14.2,Defect,Burn_Through
B01502,M04,2026-01-11 10:20:00,191.36,25.04,86.05,4.05,3.14,12.25,Normal,None
B01503,M02,2026-01-11 10:30:00,177.09,24.94,86.09,4.57,3.21,12.68,Normal,None
B01504,M04,2026-01-11 10:40:00,196.22,22.63,87.36,4.76,3.35,12.67,Normal,None
B01505,M01,2026-01-11 10:50:00,176.9,25.48,93.04,4.83,3.3,12.12,Normal,None
B01506,M04,2026-01-11 11:00:00,185.05,22.97,87.11,4.76,3.0,11.7,Normal,None
B01507,M03,2026-01-11 11:10:00,196.65,22.65,75.42,4.51,3.26,12.4,Normal,None
B01508,M04,2026-01-11 11:20:00,175.79,23.36,80.07,4.88,2.92,11.91,Normal,None
B01509,M04,2026-01-11 11:30:00,201.68,22.27,84.58,4.23,3.38,10.94,Normal,None
B01510,M03,2026-01-11 11:40:00,175.48,24.36,79.92,5.01,2.72,12.97,Normal,None
B01511,M03,2026-01-11 11:50:00,180.38,25.17,78.75,4.32,2.8,11.18,Normal,None
B01512,M01,2026-01-11 12:00:00,193.35,23.84,93.07,4.25,3.4,13.42,Normal,None
B01513,M04,2026-01-11 12:10:00,186.96,25.26,89.53,4.91,3.28,13.77,Normal,None
B01514,M04,2026-01-11 12:20:00,180.66,24.4,86.59,4.33,3.19,12.09,Normal,None
B01515,M03,2026-01-11 12:30:00,203.59,25.46,77.95,4.32,3.04,12.32,Normal,None
B01516,M03,2026-01-11 12:40:00,184.04,23.23,93.8,4.74,3.06,12.38,Normal,None
B01517,M01,2026-01-11 12:50:00,182.34,25.03,80.84,4.27,3.29,11.4,Normal,None
B01518,M04,2026-01-11 13:00:00,190.89,24.34,83.5,4.43,3.43,13.34,Normal,None
B01519,M04,2026-01-11 13:10:00,171.86,23.38,75.38,5.0,3.4,12.36,Normal,None
B01520,M01,2026-01-11 13:20:00,192.63,25.42,72.64,4.1,2.99,13.9,Normal,None
B01521,M03,2026-01-11 13:30:00,201.52,23.69,84.13,4.7,3.44,11.6,Normal,None
B01522,M02,2026-01-11 13:40:00,204.51,25.06,68.67,4.47,2.91,12.22,Normal,None
B01523,M03,2026-01-11 13:50:00,185.91,23.86,80.76,4.19,3.3,13.52,Normal,None
B01524,M02,2026-01-11 14:00:00,197.73,24.15,66.67,4.65,3.19,11.97,Normal,None
B01525,M01,2026-01-11 14:10:00,185.99,23.5,96.94,4.61,2.99,12.55,Normal,None
B01526,M02,2026-01-11 14:20:00,178.74,26.18,84.55,5.06,3.32,14.06,Normal,None
B01527,M03,2026-01-11 14:30:00,191.69,23.25,89.13,4.57,3.03,13.55,Normal,None
B01528,M04,2026-01-11 14:40:00,178.91,23.54,87.87,4.69,3.12,13.26,Normal,None
B01529,M04,2026-01-11 14:50:00,174.28,25.99,87.35,5.04,3.48,12.42,Normal,None
B01530,M03,2026-01-11 15:00:00,202.34,23.99,88.27,4.21,2.88,13.6,Normal,None
B01531,M02,2026-01-11 15:10:00,188.45,23.64,85.8,4.87,2.73,13.45,Normal,None
B01532,M04,2026-01-11 15:20:00,173.74,23.92,79.76,4.7,3.31,11.82,Normal,None
B01533,M03,2026-01-11 15:30:00,193.6,23.88,81.65,3.79,3.44,13.38,Normal,None
B01534,M02,2026-01-11 15:40:00,199.19,25.43,100.46,4.7,3.42,11.89,Normal,None
B01535,M03,2026-01-11 15:50:00,191.86,25.46,76.53,4.65,3.12,9.97,Normal,None
B01536,M02,2026-01-11 16:00:00,204.21,25.94,90.12,4.58,3.29,12.01,Normal,None
B01537,M02,2026-01-11 16:10:00,195.36,25.14,77.75,4.02,3.26,11.62,Normal,None
B01538,M03,2026-01-11 16:20:00,183.74,24.92,89.63,4.5,3.24,12.48,Normal,None
B01539,M04,2026-01-11 16:30:00,181.59,23.96,102.78,4.51,2.54,12.1,Normal,None
B01540,M03,2026-01-11 16:40:00,201.98,25.54,83.33,5.08,3.66,12.68,Normal,None
B01541,M03,2026-01-11 16:50:00,194.83,24.66,84.76,4.55,2.83,10.71,Normal,None
B01542,M02,2026-01-11 17:00:00,174.06,24.74,77.64,4.82,3.42,13.45,Normal,None
B01543,M03,2026-01-11 17:10:00,204.48,24.44,80.37,4.18,3.15,12.53,Normal,None
B01544,M04,2026-01-11 17:20:00,189.6,24.42,78.64,5.37,3.11,12.1,Normal,None
B01545,M02,2026-01-11 17:30:00,205.07,24.27,84.1,4.99,3.23,12.54,Normal,None
B01546,M02,2026-01-11 17:40:00,192.05,25.34,95.0,4.91,3.14,12.6,Normal,None
B01547,M01,2026-01-11 17:50:00,186.23,25.3,77.78,4.36,3.17,12.98,Normal,None
B01548,M01,2026-01-11 18:00:00,186.86,25.29,74.68,5.22,3.2,12.31,Normal,None
B01549,M03,2026-01-11 18:10:00,182.76,25.17,83.81,4.47,2.97,12.8,Normal,None
B01550,M03,2026-01-11 18:20:00,180.39,23.47,79.95,4.74,2.08,13.15,Defect,Incomplete_Weld
B01551,M01,2026-01-11 18:30:00,186.64,23.2,92.86,4.4,3.07,11.78,Normal,None
B01552,M03,2026-01-11 18:40:00,176.22,23.19,110.85,4.66,2.19,12.51,Defect,Crack
B01553,M04,2026-01-11 18:50:00,190.4,23.63,81.24,4.55,2.93,10.94,Normal,None
B01554,M03,2026-01-11 19:00:00,175.28,25.06,91.3,4.68,3.2,12.75,Normal,None
B01555,M04,2026-01-11 19:10:00,189.14,23.51,92.47,4.78,2.75,13.49,Normal,None
B01556,M02,2026-01-11 19:20:00,194.83,24.31,78.71,4.62,3.25,12.31,Normal,None
B01557,M01,2026-01-11 19:30:00,208.38,23.84,93.97,4.36,3.43,10.08,Normal,None
B01558,M04,2026-01-11 19:40:00,160.67,24.73,88.06,3.7,2.46,16.33,Defect,Incomplete_Weld
B01559,M02,2026-01-11 19:50:00,174.65,25.42,71.34,4.31,3.2,12.71,Normal,None
B01560,M01,2026-01-11 20:00:00,184.81,24.54,84.96,5.01,2.94,12.74,Normal,None
B01561,M04,2026-01-11 20:10:00,180.95,24.85,82.03,4.83,3.71,12.99,Normal,None
B01562,M01,2026-01-11 20:20:00,192.75,24.15,100.47,4.84,3.2,13.77,Normal,None
B01563,M04,2026-01-11 20:30:00,175.22,25.39,83.47,4.45,3.48,13.13,Normal,None
B01564,M03,2026-01-11 20:40:00,197.61,25.04,86.49,4.54,3.12,11.32,Normal,None
B01565,M04,2026-01-11 20:50:00,190.88,26.03,74.31,4.25,3.31,12.87,Normal,None
B01566,M02,2026-01-11 21:00:00,200.78,23.3,77.7,4.5,2.98,12.75,Normal,None
B01567,M01,2026-01-11 21:10:00,189.76,25.09,86.98,4.05,3.18,12.42,Normal,None
B01568,M01,2026-01-11 21:20:00,188.32,25.23,93.92,4.09,3.31,11.01,Normal,None
B01569,M02,2026-01-11 21:30:00,167.61,24.22,94.72,4.51,2.51,17.18,Defect,Incomplete_Weld
B01570,M04,2026-01-11 21:40:00,186.56,24.25,87.42,4.09,3.27,12.31,Normal,None
B01571,M02,2026-01-11 21:50:00,190.31,22.79,86.53,5.03,2.9,8.92,Normal,None
B01572,M01,2026-01-11 22:00:00,194.83,24.86,121.08,4.08,2.52,11.77,Defect,Crack
B01573,M04,2026-01-11 22:10:00,192.62,23.97,79.08,4.06,3.24,11.82,Normal,None
B01574,M02,2026-01-11 22:20:00,197.95,24.2,98.51,5.09,2.81,11.0,Normal,None
B01575,M04,2026-01-11 22:30:00,191.46,23.36,95.99,4.17,3.25,12.92,Normal,None
B01576,M03,2026-01-11 22:40:00,181.17,25.83,75.93,4.39,3.08,13.35,Normal,None
B01577,M04,2026-01-11 22:50:00,191.67,23.65,73.26,4.21,3.23,11.63,Normal,None
B01578,M04,2026-01-11 23:00:00,188.57,26.73,86.74,4.81,3.09,13.67,Normal,None
B01579,M04,2026-01-11 23:10:00,184.16,23.88,85.1,3.95,3.27,11.37,Normal,None
B01580,M02,2026-01-11 23:20:00,188.33,26.15,75.88,4.3,2.9,12.93,Normal,None
B01581,M03,2026-01-11 23:30:00,188.82,24.32,87.89,4.68,3.53,12.58,Normal,None
B01582,M01,2026-01-11 23:40:00,196.32,24.66,93.42,4.6,3.49,12.7,Normal,None
B01583,M01,2026-01-11 23:50:00,200.89,25.38,83.93,4.49,3.14,11.13,Normal,None
B01584,M04,2026-01-12 00:00:00,188.67,24.68,77.75,4.81,2.88,9.68,Normal,None
B01585,M02,2026-01-12 00:10:00,204.16,24.28,77.18,4.32,3.16,10.44,Normal,None
B01586,M04,2026-01-12 00:20:00,202.16,24.79,82.89,4.56,3.16,11.07,Normal,None
B01587,M02,2026-01-12 00:30:00,175.74,25.65,92.52,4.57,2.72,12.1,Normal,None
B01588,M03,2026-01-12 00:40:00,193.17,25.51,90.4,4.18,3.42,11.57,Normal,None
B01589,M01,2026-01-12 00:50:00,159.38,24.3,84.28,4.76,2.13,16.69,Defect,Incomplete_Weld
B01590,M01,2026-01-12 01:00:00,199.74,23.51,80.88,4.45,3.67,11.57,Normal,None
B01591,M02,2026-01-12 01:10:00,183.19,24.95,78.39,4.77,3.18,9.95,Normal,None
B01592,M01,2026-01-12 01:20:00,205.97,23.46,90.34,3.78,3.61,12.49,Normal,None
B01593,M03,2026-01-12 01:30:00,201.16,24.93,74.25,4.9,3.44,12.5,Normal,None
B01594,M04,2026-01-12 01:40:00,196.98,26.2,88.93,5.06,2.72,12.33,Normal,None
B01595,M03,2026-01-12 01:50:00,195.91,25.52,92.15,4.71,3.09,11.66,Normal,None
B01596,M01,2026-01-12 02:00:00,206.64,24.45,117.67,3.64,3.19,12.04,Defect,Porosity
B01597,M02,2026-01-12 02:10:00,155.19,25.07,96.77,4.59,2.44,15.97,Defect,Incomplete_Weld
B01598,M04,2026-01-12 02:20:00,216.44,23.56,89.67,4.64,2.96,12.77,Normal,None
B01599,M02,2026-01-12 02:30:00,180.44,24.3,77.62,4.88,3.7,13.03,Normal,None
B01600,M03,2026-01-12 02:40:00,191.84,23.36,73.82,4.32,3.16,11.22,Normal,None
B01601,M03,2026-01-12 02:50:00,198.84,23.89,82.18,4.74,3.39,11.12,Normal,None
B01602,M03,2026-01-12 03:00:00,188.09,23.72,83.26,4.14,3.24,11.68,Normal,None
B01603,M02,2026-01-12 03:10:00,189.51,23.58,90.97,4.16,3.53,12.69,Normal,None
B01604,M01,2026-01-12 03:20:00,228.5,27.41,108.56,4.48,3.33,11.84,Defect,Burn_Through
B01605,M02,2026-01-12 03:30:00,177.23,24.28,75.01,4.42,2.32,16.26,Defect,Incomplete_Weld
B01606,M01,2026-01-12 03:40:00,198.04,24.76,77.46,4.49,2.88,12.92,Normal,None
B01607,M01,2026-01-12 03:50:00,194.34,24.26,81.54,4.65,3.34,10.6,Normal,None
B01608,M01,2026-01-12 04:00:00,213.91,26.49,78.47,4.97,3.11,10.81,Normal,None
B01609,M02,2026-01-12 04:10:00,204.71,23.24,86.9,4.61,2.87,12.04,Normal,None
B01610,M02,2026-01-12 04:20:00,189.81,24.89,83.35,4.78,2.69,12.68,Normal,None
B01611,M04,2026-01-12 04:30:00,180.77,25.04,101.77,4.44,3.23,13.41,Normal,None
B01612,M02,2026-01-12 04:40:00,238.37,25.01,102.92,2.93,3.62,12.69,Defect,Porosity
B01613,M02,2026-01-12 04:50:00,163.87,23.18,79.86,4.54,3.03,12.15,Normal,None
B01614,M02,2026-01-12 05:00:00,193.52,24.5,90.75,4.45,3.1,12.31,Normal,None
B01615,M01,2026-01-12 05:10:00,189.1,23.51,89.07,4.53,3.15,12.07,Normal,None
B01616,M03,2026-01-12 05:20:00,180.64,24.49,99.78,4.47,2.58,11.28,Defect,Crack
B01617,M02,2026-01-12 05:30:00,204.81,25.73,87.36,4.26,2.96,14.34,Normal,None
B01618,M01,2026-01-12 05:40:00,195.52,23.93,74.99,3.98,3.25,12.91,Normal,None
B01619,M04,2026-01-12 05:50:00,189.5,23.68,101.69,4.66,3.02,10.98,Normal,None
B01620,M03,2026-01-12 06:00:00,199.46,23.08,99.49,5.35,2.93,11.69,Normal,None
B01621,M04,2026-01-12 06:10:00,190.49,25.02,101.07,4.28,3.16,12.53,Normal,None
B01622,M01,2026-01-12 06:20:00,201.85,23.27,96.74,4.42,2.94,13.37,Normal,None
B01623,M04,2026-01-12 06:30:00,172.67,24.83,85.05,4.41,3.25,12.31,Normal,None
B01624,M02,2026-01-12 06:40:00,183.95,25.32,77.31,4.54,3.73,13.3,Normal,None
B01625,M03,2026-01-12 06:50:00,238.27,26.5,105.4,4.44,3.62,12.34,Defect,Burn_Through
B01626,M04,2026-01-12 07:00:00,192.77,23.25,83.15,4.67,3.23,12.35,Normal,None
B01627,M03,2026-01-12 07:10:00,194.45,24.9,81.14,3.97,3.38,12.29,Normal,None
B01628,M01,2026-01-12 07:20:00,187.23,23.09,91.98,4.61,3.21,12.81,Normal,None
B01629,M02,2026-01-12 07:30:00,199.06,24.52,75.65,3.9,3.01,12.79,Normal,None
B01630,M01,2026-01-12 07:40:00,190.95,24.16,90.22,4.42,3.13,10.03,Normal,None
B01631,M01,2026-01-12 07:50:00,196.96,25.8,75.8,4.72,3.23,11.8,Normal,None
B01632,M01,2026-01-12 08:00:00,189.8,24.4,86.59,4.39,3.09,12.85,Normal,None
B01633,M02,2026-01-12 08:10:00,183.79,23.7,89.77,4.85,2.8,12.08,Normal,None
B01634,M04,2026-01-12 08:20:00,181.77,25.29,87.03,4.45,2.91,11.07,Normal,None
B01635,M01,2026-01-12 08:30:00,215.07,26.61,128.09,4.74,3.58,12.45,Defect,Burn_Through
B01636,M02,2026-01-12 08:40:00,193.52,23.67,72.75,4.2,3.12,10.39,Normal,None
B01637,M02,2026-01-12 08:50:00,205.23,24.08,80.18,4.59,3.2,12.94,Normal,None
B01638,M02,2026-01-12 09:00:00,172.41,24.31,82.15,4.88,2.91,12.16,Normal,None
B01639,M02,2026-01-12 09:10:00,186.41,23.13,73.42,4.31,3.07,11.75,Normal,None
B01640,M03,2026-01-12 09:20:00,186.52,24.27,75.21,4.96,2.87,11.3,Normal,None
B01641,M03,2026-01-12 09:30:00,203.83,23.8,102.67,4.21,3.23,11.87,Normal,None
B01642,M01,2026-01-12 09:40:00,219.83,26.94,103.04,3.2,3.22,10.85,Defect,Porosity
B01643,M02,2026-01-12 09:50:00,181.98,26.13,100.71,4.17,3.1,11.56,Normal,None
B01644,M01,2026-01-12 10:00:00,190.13,24.93,93.12,4.24,3.06,11.27,Normal,None
B01645,M02,2026-01-12 10:10:00,203.07,23.35,98.36,4.62,3.62,10.92,Normal,None
B01646,M02,2026-01-12 10:20:00,235.64,25.16,97.78,3.26,3.11,11.84,Defect,Porosity
B01647,M01,2026-01-12 10:30:00,160.04,24.78,86.38,4.96,2.41,19.17,Defect,Incomplete_Weld
B01648,M01,2026-01-12 10:40:00,184.87,22.7,114.26,4.51,2.58,13.78,Defect,Crack
B01649,M01,2026-01-12 10:50:00,210.5,24.34,77.47,4.34,3.13,12.88,Normal,None
B01650,M02,2026-01-12 11:00:00,198.85,24.18,84.53,4.46,3.13,14.05,Normal,None
B01651,M02,2026-01-12 11:10:00,182.03,25.45,77.89,4.62,3.2,12.59,Normal,None
B01652,M03,2026-01-12 11:20:00,193.06,24.14,88.53,4.3,2.89,13.51,Normal,None
B01653,M01,2026-01-12 11:30:00,174.88,25.36,93.38,4.17,3.02,12.92,Normal,None
B01654,M01,2026-01-12 11:40:00,193.61,24.8,74.38,4.31,3.26,11.41,Normal,None
B01655,M03,2026-01-12 11:50:00,188.35,23.75,96.16,4.49,3.43,13.53,Normal,None
B01656,M03,2026-01-12 12:00:00,186.45,25.38,80.84,4.4,3.18,13.24,Normal,None
B01657,M04,2026-01-12 12:10:00,190.05,24.77,76.05,4.65,3.48,11.75,Normal,None
B01658,M04,2026-01-12 12:20:00,186.99,25.47,84.5,4.17,2.96,12.52,Normal,None
B01659,M04,2026-01-12 12:30:00,191.04,24.46,77.16,3.87,2.86,12.35,Normal,None
B01660,M01,2026-01-12 12:40:00,176.71,23.52,88.34,4.61,3.18,11.88,Normal,None
B01661,M04,2026-01-12 12:50:00,185.18,24.34,88.89,4.31,2.71,12.28,Normal,None
B01662,M04,2026-01-12 13:00:00,188.97,24.26,78.11,4.79,2.97,13.35,Normal,None
B01663,M01,2026-01-12 13:10:00,189.7,24.19,83.5,4.3,3.07,10.87,Normal,None
B01664,M02,2026-01-12 13:20:00,191.29,24.32,87.4,4.4,3.61,13.49,Normal,None
B01665,M02,2026-01-12 13:30:00,199.41,24.04,92.87,4.01,2.9,10.08,Normal,None
B01666,M02,2026-01-12 13:40:00,248.03,27.5,119.77,4.58,3.1,13.58,Defect,Burn_Through
B01667,M03,2026-01-12 13:50:00,194.37,23.78,83.27,4.79,3.02,11.89,Normal,None
B01668,M01,2026-01-12 14:00:00,202.76,23.84,89.33,4.39,3.47,13.61,Normal,None
B01669,M03,2026-01-12 14:10:00,175.7,24.55,89.32,4.64,3.02,11.77,Normal,None
B01670,M04,2026-01-12 14:20:00,198.83,24.2,80.26,4.37,3.37,12.97,Normal,None
B01671,M03,2026-01-12 14:30:00,168.77,25.63,90.31,4.75,3.31,12.52,Normal,None
B01672,M04,2026-01-12 14:40:00,174.12,24.81,81.32,4.65,3.19,10.66,Normal,None
B01673,M03,2026-01-12 14:50:00,197.12,24.43,84.33,4.0,2.86,11.52,Normal,None
B01674,M04,2026-01-12 15:00:00,198.71,23.85,75.59,4.23,3.32,13.03,Normal,None
B01675,M04,2026-01-12 15:10:00,188.04,25.52,76.98,4.99,3.43,11.66,Normal,None
B01676,M01,2026-01-12 15:20:00,190.18,25.22,90.47,4.85,3.07,11.38,Normal,None
B01677,M04,2026-01-12 15:30:00,167.61,23.43,81.42,4.59,3.0,11.82,Normal,None
B01678,M04,2026-01-12 15:40:00,192.83,25.22,88.18,4.23,2.86,10.84,Normal,None
B01679,M03,2026-01-12 15:50:00,184.39,23.74,86.56,4.54,2.95,13.67,Normal,None
B01680,M02,2026-01-12 16:00:00,190.42,25.08,75.03,4.36,3.39,12.86,Normal,None
B01681,M02,2026-01-12 16:10:00,193.67,23.96,78.57,4.33,3.31,12.68,Normal,None
B01682,M03,2026-01-12 16:20:00,222.55,26.02,91.67,3.18,3.25,10.96,Defect,Porosity
B01683,M03,2026-01-12 16:30:00,193.03,23.65,128.53,4.91,2.24,11.73,Defect,Crack
B01684,M02,2026-01-12 16:40:00,178.46,22.14,72.29,4.52,3.4,11.51,Normal,None
B01685,M02,2026-01-12 16:50:00,194.28,25.31,92.73,4.47,3.38,11.31,Normal,None
B01686,M04,2026-01-12 17:00:00,239.62,25.22,94.6,3.24,2.92,11.14,Defect,Porosity
B01687,M03,2026-01-12 17:10:00,202.17,24.05,80.61,4.67,2.94,12.18,Normal,None
B01688,M02,2026-01-12 17:20:00,186.37,23.75,119.01,4.06,2.35,13.74,Defect,Crack
B01689,M02,2026-01-12 17:30:00,183.25,23.09,84.68,4.45,3.25,11.82,Normal,None
B01690,M01,2026-01-12 17:40:00,182.71,25.94,82.76,4.41,3.33,12.61,Normal,None
B01691,M02,2026-01-12 17:50:00,201.46,26.55,129.35,4.34,3.23,11.95,Defect,Burn_Through
B01692,M01,2026-01-12 18:00:00,186.0,23.61,88.3,4.22,3.22,13.38,Normal,None
B01693,M03,2026-01-12 18:10:00,195.92,23.45,76.73,4.29,3.11,10.63,Normal,None
B01694,M02,2026-01-12 18:20:00,205.06,23.97,88.99,4.9,3.21,11.74,Normal,None
B01695,M03,2026-01-12 18:30:00,206.77,24.34,77.6,3.09,3.32,12.46,Defect,Porosity
B01696,M04,2026-01-12 18:40:00,209.83,25.19,89.84,4.53,2.94,11.28,Normal,None
B01697,M03,2026-01-12 18:50:00,204.1,24.72,95.1,4.6,3.14,11.48,Normal,None
B01698,M01,2026-01-12 19:00:00,206.38,24.56,91.98,5.02,3.01,11.47,Normal,None
B01699,M01,2026-01-12 19:10:00,193.73,23.73,70.87,4.18,3.0,13.22,Normal,None
B01700,M02,2026-01-12 19:20:00,182.19,23.86,80.61,3.97,3.09,9.93,Normal,None
B01701,M01,2026-01-12 19:30:00,202.39,22.81,88.09,4.75,3.31,12.35,Normal,None
B01702,M02,2026-01-12 19:40:00,226.16,25.21,99.47,2.84,3.32,11.96,Defect,Porosity
B01703,M04,2026-01-12 19:50:00,189.84,22.8,89.42,5.0,3.15,11.31,Normal,None
B01704,M01,2026-01-12 20:00:00,192.72,23.77,74.65,4.6,3.28,11.77,Normal,None
B01705,M02,2026-01-12 20:10:00,205.67,22.95,85.98,4.55,3.52,12.62,Normal,None
B01706,M04,2026-01-12 20:20:00,177.73,23.75,90.96,4.05,3.32,12.52,Normal,None
B01707,M04,2026-01-12 20:30:00,204.45,25.21,83.37,5.26,3.35,12.34,Normal,None
B01708,M02,2026-01-12 20:40:00,193.63,23.58,83.96,4.52,3.35,11.85,Normal,None
B01709,M04,2026-01-12 20:50:00,180.53,25.45,87.62,4.69,3.38,12.56,Normal,None
B01710,M03,2026-01-12 21:00:00,178.31,24.93,86.0,4.34,2.93,13.65,Normal,None
B01711,M04,2026-01-12 21:10:00,195.24,24.55,82.37,4.11,3.05,11.71,Normal,None
B01712,M04,2026-01-12 21:20:00,189.75,24.33,83.64,4.75,2.69,12.17,Normal,None
B01713,M01,2026-01-12 21:30:00,199.38,25.27,84.91,4.62,2.77,11.89,Normal,None
B01714,M01,2026-01-12 21:40:00,197.38,23.95,95.07,4.86,3.07,13.6,Normal,None
B01715,M04,2026-01-12 21:50:00,182.01,27.03,77.17,4.39,2.85,10.28,Normal,None
B01716,M04,2026-01-12 22:00:00,192.64,23.22,82.94,4.61,2.95,12.15,Normal,None
B01717,M02,2026-01-12 22:10:00,188.33,24.68,79.51,4.08,3.56,13.1,Normal,None
B01718,M03,2026-01-12 22:20:00,140.41,26.58,88.72,4.22,2.55,16.84,Defect,Incomplete_Weld
B01719,M03,2026-01-12 22:30:00,187.25,23.69,91.19,4.34,3.02,12.76,Normal,None
B01720,M01,2026-01-12 22:40:00,197.38,27.3,94.03,4.47,2.88,12.23,Normal,None
B01721,M02,2026-01-12 22:50:00,184.03,23.86,64.26,4.42,3.11,10.84,Normal,None
B01722,M01,2026-01-12 23:00:00,213.79,26.52,120.91,4.39,3.1,12.88,Defect,Burn_Through
B01723,M04,2026-01-12 23:10:00,201.37,24.76,87.56,4.66,3.21,11.87,Normal,None
B01724,M02,2026-01-12 23:20:00,190.22,23.04,72.17,4.79,3.56,11.06,Normal,None
B01725,M02,2026-01-12 23:30:00,192.71,24.15,88.95,4.73,3.1,11.96,Normal,None
B01726,M01,2026-01-12 23:40:00,174.72,22.92,91.54,4.13,3.58,12.02,Normal,None
B01727,M01,2026-01-12 23:50:00,251.12,27.67,110.31,4.07,3.24,11.51,Defect,Burn_Through
B01728,M04,2026-01-13 00:00:00,182.56,25.7,78.88,4.03,2.88,11.9,Normal,None
B01729,M03,2026-01-13 00:10:00,198.51,23.38,76.01,4.75,3.43,12.62,Normal,None
B01730,M01,2026-01-13 00:20:00,180.8,25.34,88.5,4.57,3.49,11.17,Normal,None
B01731,M01,2026-01-13 00:30:00,225.34,24.6,103.34,3.58,3.37,12.54,Defect,Porosity
B01732,M04,2026-01-13 00:40:00,171.81,24.57,88.64,4.63,3.51,12.18,Normal,None
B01733,M01,2026-01-13 00:50:00,172.2,23.76,76.69,4.86,2.85,11.53,Normal,None
B01734,M02,2026-01-13 01:00:00,200.05,24.98,78.45,4.49,3.4,13.18,Normal,None
B01735,M04,2026-01-13 01:10:00,185.0,23.94,72.89,4.52,2.89,12.3,Normal,None
B01736,M03,2026-01-13 01:20:00,200.78,25.57,83.44,4.39,3.37,12.2,Normal,None
B01737,M02,2026-01-13 01:30:00,177.12,25.39,93.27,4.37,3.52,11.0,Normal,None
B01738,M02,2026-01-13 01:40:00,189.41,25.43,81.0,4.4,3.13,12.65,Normal,None
B01739,M02,2026-01-13 01:50:00,204.92,23.72,78.67,4.4,3.21,9.63,Normal,None
B01740,M04,2026-01-13 02:00:00,240.67,26.51,127.89,4.44,3.17,11.63,Defect,Burn_Through
B01741,M04,2026-01-13 02:10:00,200.77,23.84,90.42,4.74,3.54,12.29,Normal,None
B01742,M01,2026-01-13 02:20:00,201.15,25.96,86.43,4.62,3.34,11.81,Normal,None
B01743,M02,2026-01-13 02:30:00,200.58,23.59,85.26,4.36,3.07,13.31,Normal,None
B01744,M04,2026-01-13 02:40:00,186.8,22.32,86.92,4.42,3.38,11.73,Normal,None
B01745,M01,2026-01-13 02:50:00,159.9,23.7,81.28,4.99,2.82,14.06,Defect,Incomplete_Weld
B01746,M02,2026-01-13 03:00:00,196.83,23.42,87.9,4.33,3.56,13.51,Normal,None
B01747,M02,2026-01-13 03:10:00,180.84,24.04,93.44,4.07,2.88,11.42,Normal,None
B01748,M02,2026-01-13 03:20:00,185.28,23.1,91.23,4.23,3.17,11.7,Normal,None
B01749,M04,2026-01-13 03:30:00,185.64,25.19,88.7,4.07,3.45,12.94,Normal,None
B01750,M02,2026-01-13 03:40:00,168.15,24.8,88.91,4.51,3.37,13.33,Normal,None
B01751,M02,2026-01-13 03:50:00,194.14,24.73,77.82,4.32,3.06,12.08,Normal,None
B01752,M04,2026-01-13 04:00:00,186.96,24.34,78.43,4.4,3.22,10.54,Normal,None
B01753,M01,2026-01-13 04:10:00,189.78,24.69,89.18,4.18,3.05,11.81,Normal,None
B01754,M04,2026-01-13 04:20:00,185.59,26.08,75.97,4.28,3.39,12.7,Normal,None
B01755,M03,2026-01-13 04:30:00,181.36,25.05,103.49,4.56,3.1,11.8,Normal,None
B01756,M02,2026-01-13 04:40:00,190.06,24.51,97.15,4.83,3.45,10.79,Normal,None
B01757,M04,2026-01-13 04:50:00,199.94,24.79,87.6,4.46,3.5,10.38,Normal,None
B01758,M01,2026-01-13 05:00:00,190.96,22.87,81.29,4.77,3.03,12.86,Normal,None
B01759,M02,2026-01-13 05:10:00,180.28,25.51,84.21,4.65,2.84,12.75,Normal,None
B01760,M03,2026-01-13 05:20:00,194.33,25.63,92.33,5.11,3.67,13.01,Normal,None
B01761,M02,2026-01-13 05:30:00,172.69,24.87,86.15,4.34,2.97,11.38,Normal,None
B01762,M02,2026-01-13 05:40:00,208.99,25.62,125.56,4.41,3.18,12.18,Defect,Burn_Through
B01763,M01,2026-01-13 05:50:00,188.51,24.08,78.32,4.43,3.15,10.64,Normal,None
B01764,M01,2026-01-13 06:00:00,183.37,24.45,83.43,4.43,3.1,12.18,Normal,None
B01765,M02,2026-01-13 06:10:00,182.95,24.15,83.02,4.56,3.25,10.71,Normal,None
B01766,M01,2026-01-13 06:20:00,190.81,24.01,89.62,4.31,3.09,13.45,Normal,None
B01767,M04,2026-01-13 06:30:00,184.12,23.17,94.59,4.88,3.83,12.7,Normal,None
B01768,M02,2026-01-13 06:40:00,187.08,24.6,94.12,4.32,3.38,12.85,Normal,None
B01769,M03,2026-01-13 06:50:00,163.16,23.7,81.94,4.38,3.0,11.84,Normal,None
B01770,M02,2026-01-13 07:00:00,194.49,24.42,75.54,4.9,3.08,11.83,Normal,None
B01771,M04,2026-01-13 07:10:00,204.5,24.05,90.96,4.38,2.88,11.61,Normal,None
B01772,M02,2026-01-13 07:20:00,171.71,25.4,87.96,4.61,2.91,10.31,Normal,None
B01773,M02,2026-01-13 07:30:00,236.72,23.72,109.13,3.2,2.85,12.23,Defect,Porosity
B01774,M04,2026-01-13 07:40:00,197.85,24.21,81.87,4.37,3.1,12.57,Normal,None
B01775,M02,2026-01-13 07:50:00,171.38,24.63,94.01,4.61,3.52,11.43,Normal,None
B01776,M04,2026-01-13 08:00:00,185.26,24.39,99.8,4.31,3.39,11.96,Normal,None
B01777,M04,2026-01-13 08:10:00,197.07,25.68,118.91,4.57,2.65,11.51,Defect,Crack
B01778,M02,2026-01-13 08:20:00,176.92,25.44,78.58,4.42,3.23,12.36,Normal,None
B01779,M04,2026-01-13 08:30:00,184.32,24.71,85.49,4.99,3.34,10.56,Normal,None
B01780,M02,2026-01-13 08:40:00,183.29,23.14,86.02,4.37,2.79,12.2,Normal,None
B01781,M03,2026-01-13 08:50:00,187.72,24.75,81.87,4.13,3.69,11.45,Normal,None
B01782,M03,2026-01-13 09:00:00,205.42,23.68,85.93,4.22,3.29,12.0,Normal,None
B01783,M04,2026-01-13 09:10:00,191.99,23.23,95.77,4.25,3.56,11.85,Normal,None
B01784,M03,2026-01-13 09:20:00,198.12,26.33,81.98,4.32,3.09,12.48,Normal,None
B01785,M02,2026-01-13 09:30:00,231.42,28.6,128.94,4.87,3.57,11.69,Defect,Burn_Through
B01786,M01,2026-01-13 09:40:00,187.22,24.34,82.72,4.53,3.28,14.04,Normal,None
B01787,M01,2026-01-13 09:50:00,184.77,24.6,92.04,4.5,2.97,11.77,Normal,None
B01788,M02,2026-01-13 10:00:00,198.05,24.94,84.53,4.97,3.09,12.51,Normal,None
B01789,M03,2026-01-13 10:10:00,195.24,25.68,70.3,4.53,3.1,12.41,Normal,None
B01790,M04,2026-01-13 10:20:00,203.58,23.31,86.19,4.11,3.26,9.83,Normal,None
B01791,M02,2026-01-13 10:30:00,181.71,25.7,75.38,4.39,3.32,9.85,Normal,None
B01792,M04,2026-01-13 10:40:00,189.5,24.85,115.62,4.48,2.44,11.78,Defect,Crack
B01793,M04,2026-01-13 10:50:00,197.79,23.74,86.92,4.84,3.9,11.81,Normal,None
B01794,M02,2026-01-13 11:00:00,194.62,26.03,86.22,4.57,3.48,11.41,Normal,None
B01795,M01,2026-01-13 11:10:00,200.05,24.55,80.65,4.52,3.56,13.07,Normal,None
B01796,M04,2026-01-13 11:20:00,204.12,24.57,92.94,4.91,2.91,14.65,Normal,None
B01797,M03,2026-01-13 11:30:00,189.04,25.04,92.16,4.6,2.97,10.97,Normal,None
B01798,M04,2026-01-13 11:40:00,166.83,23.4,80.74,4.68,2.91,12.99,Normal,None
B01799,M03,2026-01-13 11:50:00,196.31,25.39,75.05,4.56,2.76,12.28,Normal,None
B01800,M01,2026-01-13 12:00:00,186.0,24.8,97.75,4.45,3.12,9.73,Normal,None
B01801,M01,2026-01-13 12:10:00,197.55,24.16,85.91,4.49,2.68,10.86,Normal,None
B01802,M03,2026-01-13 12:20:00,195.82,24.48,83.44,4.8,3.03,10.43,Normal,None
B01803,M04,2026-01-13 12:30:00,185.29,24.97,82.18,4.63,3.41,12.1,Normal,None
B01804,M02,2026-01-13 12:40:00,188.41,24.41,88.44,4.3,3.37,11.25,Normal,None
B01805,M01,2026-01-13 12:50:00,207.09,25.63,94.12,3.92,2.98,12.88,Normal,None
B01806,M01,2026-01-13 13:00:00,196.66,23.43,91.15,4.48,3.43,11.64,Normal,None
B01807,M04,2026-01-13 13:10:00,197.18,25.86,91.07,4.48,3.34,12.87,Normal,None
B01808,M02,2026-01-13 13:20:00,228.85,27.28,123.95,4.43,3.05,12.68,Defect,Burn_Through
B01809,M02,2026-01-13 13:30:00,195.06,25.08,84.73,4.3,2.92,12.71,Normal,None
B01810,M02,2026-01-13 13:40:00,178.02,23.91,85.29,4.53,3.13,12.29,Normal,None
B01811,M01,2026-01-13 13:50:00,181.69,23.88,92.29,4.7,3.45,12.2,Normal,None
B01812,M02,2026-01-13 14:00:00,180.4,24.74,93.14,4.48,2.86,11.85,Normal,None
B01813,M04,2026-01-13 14:10:00,207.51,23.41,91.63,4.66,2.99,12.89,Normal,None
B01814,M01,2026-01-13 14:20:00,186.92,24.02,75.85,4.49,2.83,13.93,Normal,None
B01815,M02,2026-01-13 14:30:00,178.27,24.4,84.2,4.56,3.06,14.69,Normal,None
B01816,M04,2026-01-13 14:40:00,148.05,26.06,89.08,4.33,1.91,13.94,Defect,Incomplete_Weld
B01817,M03,2026-01-13 14:50:00,182.09,23.65,82.4,4.27,3.19,11.16,Normal,None
B01818,M04,2026-01-13 15:00:00,195.92,25.97,78.46,4.51,3.44,11.07,Normal,None
B01819,M02,2026-01-13 15:10:00,205.03,24.66,83.32,4.44,3.49,12.83,Normal,None
B01820,M02,2026-01-13 15:20:00,200.92,24.05,76.2,4.27,3.23,13.16,Normal,None
B01821,M02,2026-01-13 15:30:00,231.97,26.25,110.31,4.52,3.43,13.01,Defect,Burn_Through
B01822,M01,2026-01-13 15:40:00,201.24,23.92,82.11,4.54,3.15,11.38,Normal,None
B01823,M02,2026-01-13 15:50:00,153.97,24.53,78.8,4.73,2.04,17.54,Defect,Incomplete_Weld
B01824,M03,2026-01-13 16:00:00,195.56,24.62,82.87,4.65,3.15,11.31,Normal,None
B01825,M02,2026-01-13 16:10:00,169.41,24.01,85.53,4.61,3.81,12.42,Normal,None
B01826,M02,2026-01-13 16:20:00,189.61,24.05,78.11,3.94,3.31,11.03,Normal,None
B01827,M04,2026-01-13 16:30:00,188.5,24.57,92.14,4.01,3.41,10.63,Normal,None
B01828,M01,2026-01-13 16:40:00,196.57,22.1,86.2,4.65,3.6,11.66,Normal,None
B01829,M01,2026-01-13 16:50:00,165.13,23.81,81.46,4.63,2.59,15.58,Defect,Incomplete_Weld
B01830,M03,2026-01-13 17:00:00,204.74,25.01,88.93,4.97,3.32,11.47,Normal,None
B01831,M02,2026-01-13 17:10:00,169.07,24.37,90.2,4.38,3.0,9.84,Normal,None
B01832,M03,2026-01-13 17:20:00,196.41,23.1,94.49,4.7,3.07,12.59,Normal,None
B01833,M02,2026-01-13 17:30:00,180.25,24.68,91.52,4.56,3.14,13.88,Normal,None
B01834,M04,2026-01-13 17:40:00,148.55,25.14,78.26,4.83,2.5,15.82,Defect,Incomplete_Weld
B01835,M04,2026-01-13 17:50:00,181.68,25.01,81.64,4.49,3.14,12.17,Normal,None
B01836,M03,2026-01-13 18:00:00,218.1,25.59,98.58,4.08,3.26,12.78,Normal,None
B01837,M02,2026-01-13 18:10:00,207.4,23.31,81.84,4.46,2.92,12.35,Normal,None
B01838,M04,2026-01-13 18:20:00,182.9,23.89,107.02,4.69,3.71,13.59,Normal,None
B01839,M02,2026-01-13 18:30:00,207.2,24.04,95.26,4.33,2.93,12.81,Normal,None
B01840,M01,2026-01-13 18:40:00,175.96,25.13,77.05,4.89,3.29,12.11,Normal,None
B01841,M01,2026-01-13 18:50:00,204.65,25.47,62.38,4.14,3.23,12.1,Normal,None
B01842,M03,2026-01-13 19:00:00,200.45,24.6,91.04,4.34,2.93,10.38,Normal,None
B01843,M02,2026-01-13 19:10:00,165.8,23.8,76.68,4.23,3.39,9.64,Normal,None
B01844,M04,2026-01-13 19:20:00,189.35,23.89,79.85,4.4,3.03,11.38,Normal,None
B01845,M04,2026-01-13 19:30:00,189.42,23.46,93.22,4.25,3.14,11.35,Normal,None
B01846,M04,2026-01-13 19:40:00,190.18,24.3,83.7,4.07,3.08,12.16,Normal,None
B01847,M01,2026-01-13 19:50:00,173.3,24.76,74.29,4.66,3.15,11.33,Normal,None
B01848,M01,2026-01-13 20:00:00,186.2,24.89,93.37,4.0,3.49,13.26,Normal,None
B01849,M03,2026-01-13 20:10:00,176.14,26.19,80.09,4.92,3.21,12.49,Normal,None
B01850,M03,2026-01-13 20:20:00,192.82,25.15,86.71,4.73,3.47,11.24,Normal,None
B01851,M02,2026-01-13 20:30:00,207.08,24.8,74.8,5.13,3.56,11.16,Normal,None
B01852,M04,2026-01-13 20:40:00,218.24,26.15,103.82,3.31,3.39,13.34,Defect,Porosity
B01853,M03,2026-01-13 20:50:00,183.51,25.17,84.0,4.04,3.02,11.84,Normal,None
B01854,M03,2026-01-13 21:00:00,189.36,23.73,88.9,4.38,2.83,13.24,Normal,None
B01855,M01,2026-01-13 21:10:00,196.18,24.47,95.73,4.64,3.26,12.15,Normal,None
B01856,M02,2026-01-13 21:20:00,201.13,24.55,91.43,4.71,3.08,12.37,Normal,None
B01857,M02,2026-01-13 21:30:00,182.16,24.8,80.87,4.66,3.25,13.56,Normal,None
B01858,M03,2026-01-13 21:40:00,212.05,24.45,100.53,3.79,3.34,11.99,Defect,Porosity
B01859,M01,2026-01-13 21:50:00,188.11,23.63,79.45,4.55,2.94,14.0,Normal,None
B01860,M02,2026-01-13 22:00:00,186.4,24.31,89.25,4.49,2.53,11.8,Normal,None
B01861,M04,2026-01-13 22:10:00,190.66,24.71,88.56,4.47,3.13,10.43,Normal,None
B01862,M02,2026-01-13 22:20:00,183.85,23.55,84.52,4.04,2.72,10.45,Normal,None
B01863,M02,2026-01-13 22:30:00,177.02,25.92,66.42,4.78,2.91,12.99,Normal,None
B01864,M02,2026-01-13 22:40:00,202.0,23.6,102.79,3.91,3.17,12.33,Normal,None
B01865,M03,2026-01-13 22:50:00,180.84,22.42,84.21,4.21,3.6,12.49,Normal,None
B01866,M02,2026-01-13 23:00:00,183.95,24.29,86.68,4.85,2.98,12.9,Normal,None
B01867,M02,2026-01-13 23:10:00,195.08,24.19,91.76,4.42,2.74,13.3,Normal,None
B01868,M01,2026-01-13 23:20:00,191.8,23.34,83.7,4.51,3.01,11.83,Normal,None
B01869,M02,2026-01-13 23:30:00,234.01,27.64,117.93,4.36,3.31,12.17,Defect,Burn_Through
B01870,M01,2026-01-13 23:40:00,189.42,22.69,87.23,4.81,3.23,12.27,Normal,None
B01871,M04,2026-01-13 23:50:00,201.5,24.23,87.94,4.53,3.26,12.7,Normal,None
B01872,M02,2026-01-14 00:00:00,188.87,23.65,90.13,4.88,3.38,12.38,Normal,None
B01873,M03,2026-01-14 00:10:00,193.85,24.38,85.84,4.55,3.22,12.76,Normal,None
B01874,M02,2026-01-14 00:20:00,202.21,24.86,77.17,4.7,2.74,13.28,Normal,None
B01875,M02,2026-01-14 00:30:00,204.93,25.07,92.04,4.27,3.34,12.3,Normal,None
B01876,M04,2026-01-14 00:40:00,195.14,24.5,82.73,4.45,3.29,12.14,Normal,None
B01877,M04,2026-01-14 00:50:00,199.62,24.86,74.16,4.58,3.32,12.19,Normal,None
B01878,M03,2026-01-14 01:00:00,188.37,23.93,83.29,4.45,3.45,10.91,Normal,None
B01879,M02,2026-01-14 01:10:00,219.65,25.34,85.26,4.0,2.87,12.17,Normal,None
B01880,M01,2026-01-14 01:20:00,189.46,24.08,70.28,4.04,3.44,11.74,Normal,None
B01881,M03,2026-01-14 01:30:00,174.08,22.38,97.21,4.29,2.94,11.72,Normal,None
B01882,M04,2026-01-14 01:40:00,161.5,22.69,75.87,4.34,2.64,14.91,Defect,Incomplete_Weld
B01883,M03,2026-01-14 01:50:00,228.09,26.62,120.82,4.91,2.48,11.78,Defect,Burn_Through
B01884,M01,2026-01-14 02:00:00,186.04,24.13,76.07,4.74,2.84,12.4,Normal,None
B01885,M02,2026-01-14 02:10:00,191.06,25.27,91.18,4.39,3.06,12.4,Normal,None
B01886,M02,2026-01-14 02:20:00,191.21,25.81,80.87,4.04,3.53,12.18,Normal,None
B01887,M04,2026-01-14 02:30:00,200.85,22.44,86.6,4.71,3.48,13.15,Normal,None
B01888,M01,2026-01-14 02:40:00,175.65,23.85,78.47,4.32,3.22,12.74,Normal,None
B01889,M03,2026-01-14 02:50:00,191.36,25.82,82.42,4.21,3.43,13.49,Normal,None
B01890,M01,2026-01-14 03:00:00,197.03,24.85,83.39,3.95,3.45,13.05,Normal,None
B01891,M04,2026-01-14 03:10:00,190.59,24.57,91.03,4.26,2.83,10.94,Normal,None
B01892,M02,2026-01-14 03:20:00,177.02,26.13,84.71,4.98,3.1,11.4,Normal,None
B01893,M03,2026-01-14 03:30:00,186.16,24.57,120.67,4.56,2.4,12.83,Defect,Crack
B01894,M02,2026-01-14 03:40:00,167.98,24.68,91.98,4.94,3.48,10.72,Normal,None
B01895,M02,2026-01-14 03:50:00,184.03,25.55,83.32,4.58,3.38,13.84,Normal,None
B01896,M02,2026-01-14 04:00:00,171.3,23.75,82.42,4.91,2.89,12.56,Normal,None
B01897,M01,2026-01-14 04:10:00,189.83,23.87,85.93,4.41,3.21,11.67,Normal,None
B01898,M03,2026-01-14 04:20:00,193.29,25.5,82.44,4.83,3.44,12.02,Normal,None
B01899,M04,2026-01-14 04:30:00,192.37,24.83,95.89,4.12,3.61,11.05,Normal,None
B01900,M03,2026-01-14 04:40:00,181.36,24.39,77.28,4.41,3.57,13.91,Normal,None
B01901,M03,2026-01-14 04:50:00,206.12,26.38,116.12,4.09,2.58,11.59,Defect,Crack
B01902,M04,2026-01-14 05:00:00,187.45,24.22,117.47,3.73,3.0,11.94,Defect,Crack
B01903,M02,2026-01-14 05:10:00,200.93,24.21,89.69,4.89,3.31,11.47,Normal,None
B01904,M03,2026-01-14 05:20:00,188.95,26.8,89.62,5.36,3.2,11.01,Normal,None
B01905,M03,2026-01-14 05:30:00,186.26,23.21,76.0,4.94,3.04,10.73,Normal,None
B01906,M04,2026-01-14 05:40:00,195.49,24.41,84.48,4.19,3.28,14.77,Normal,None
B01907,M03,2026-01-14 05:50:00,183.41,26.08,86.32,4.97,3.2,12.8,Normal,None
B01908,M01,2026-01-14 06:00:00,194.01,23.23,84.84,4.23,3.49,12.64,Normal,None
B01909,M04,2026-01-14 06:10:00,186.51,24.07,73.29,4.41,3.19,12.64,Normal,None
B01910,M01,2026-01-14 06:20:00,191.61,24.83,86.77,4.58,3.37,12.58,Normal,None
B01911,M02,2026-01-14 06:30:00,192.9,24.74,93.62,4.81,3.09,10.52,Normal,None
B01912,M02,2026-01-14 06:40:00,215.78,27.11,116.57,4.36,3.2,11.82,Defect,Burn_Through
B01913,M02,2026-01-14 06:50:00,197.42,24.34,90.0,4.73,3.37,12.3,Normal,None
B01914,M03,2026-01-14 07:00:00,188.89,24.68,97.51,4.25,3.52,11.7,Normal,None
B01915,M03,2026-01-14 07:10:00,198.23,24.5,80.92,4.78,3.45,12.95,Normal,None
B01916,M04,2026-01-14 07:20:00,203.35,25.23,82.31,3.99,3.44,11.04,Normal,None
B01917,M03,2026-01-14 07:30:00,204.86,24.32,82.31,4.15,3.33,11.59,Normal,None
B01918,M04,2026-01-14 07:40:00,190.57,23.14,128.34,4.4,2.74,13.79,Defect,Crack
B01919,M02,2026-01-14 07:50:00,241.01,26.3,118.74,4.27,2.78,12.58,Defect,Burn_Through
B01920,M01,2026-01-14 08:00:00,195.86,24.45,105.63,3.09,3.46,12.88,Defect,Porosity
B01921,M03,2026-01-14 08:10:00,185.27,25.34,71.97,4.47,3.11,12.38,Normal,None
B01922,M02,2026-01-14 08:20:00,188.08,23.82,91.08,4.65,3.19,12.08,Normal,None
B01923,M01,2026-01-14 08:30:00,191.22,25.01,79.99,4.38,3.03,13.18,Normal,None
B01924,M01,2026-01-14 08:40:00,165.6,26.05,82.38,4.49,2.67,14.71,Defect,Incomplete_Weld
B01925,M02,2026-01-14 08:50:00,195.56,24.07,83.47,4.28,2.74,12.18,Normal,None
B01926,M03,2026-01-14 09:00:00,192.56,24.75,93.09,4.81,3.08,11.23,Normal,None
B01927,M04,2026-01-14 09:10:00,176.77,24.68,88.53,4.63,2.28,16.07,Defect,Incomplete_Weld
B01928,M03,2026-01-14 09:20:00,183.75,23.14,89.2,4.38,3.32,11.82,Normal,None
B01929,M03,2026-01-14 09:30:00,179.65,23.4,86.8,4.29,3.02,12.94,Normal,None
B01930,M01,2026-01-14 09:40:00,183.19,25.45,82.18,4.29,3.04,10.81,Normal,None
B01931,M01,2026-01-14 09:50:00,209.91,24.94,87.16,4.89,3.29,12.36,Normal,None
B01932,M01,2026-01-14 10:00:00,178.0,23.96,87.71,4.62,3.3,12.73,Normal,None
B01933,M04,2026-01-14 10:10:00,172.76,24.22,84.08,4.61,2.4,12.19,Normal,None
B01934,M01,2026-01-14 10:20:00,170.01,21.59,76.4,4.22,2.65,11.69,Normal,None
B01935,M04,2026-01-14 10:30:00,191.09,23.02,88.17,4.67,3.1,11.33,Normal,None
B01936,M02,2026-01-14 10:40:00,229.97,24.97,100.29,3.33,3.35,12.12,Defect,Porosity
B01937,M02,2026-01-14 10:50:00,189.58,23.86,88.89,4.63,2.87,13.16,Normal,None
B01938,M03,2026-01-14 11:00:00,172.73,24.95,93.74,4.91,3.63,10.65,Normal,None
B01939,M01,2026-01-14 11:10:00,187.48,24.72,74.81,4.33,3.06,10.6,Normal,None
B01940,M01,2026-01-14 11:20:00,199.02,26.47,106.47,4.72,2.96,12.05,Defect,Crack
B01941,M01,2026-01-14 11:30:00,168.71,24.18,84.22,5.09,2.95,11.39,Normal,None
B01942,M03,2026-01-14 11:40:00,177.19,26.85,86.57,4.75,3.5,10.98,Normal,None
B01943,M04,2026-01-14 11:50:00,171.49,24.46,119.44,4.72,2.34,11.69,Defect,Crack
B01944,M03,2026-01-14 12:00:00,177.86,23.87,89.33,4.34,3.39,12.55,Normal,None
B01945,M01,2026-01-14 12:10:00,204.38,27.13,130.24,4.42,3.41,12.8,Defect,Burn_Through
B01946,M04,2026-01-14 12:20:00,202.95,24.36,95.41,4.79,3.34,13.73,Normal,None
B01947,M01,2026-01-14 12:30:00,200.64,23.06,86.18,4.66,3.48,12.76,Normal,None
B01948,M04,2026-01-14 12:40:00,189.99,25.41,89.48,4.07,3.29,11.91,Normal,None
B01949,M04,2026-01-14 12:50:00,163.66,25.85,100.78,4.53,3.25,10.75,Normal,None
B01950,M01,2026-01-14 13:00:00,183.47,22.64,94.07,4.65,3.09,13.14,Normal,None
B01951,M03,2026-01-14 13:10:00,174.19,25.86,79.94,4.9,2.35,14.8,Defect,Incomplete_Weld
B01952,M02,2026-01-14 13:20:00,168.78,26.32,93.54,4.14,2.34,15.64,Defect,Incomplete_Weld
B01953,M04,2026-01-14 13:30:00,180.62,27.17,75.68,4.71,3.41,13.13,Normal,None
B01954,M04,2026-01-14 13:40:00,187.93,23.26,91.7,4.31,3.43,12.84,Normal,None
B01955,M02,2026-01-14 13:50:00,195.57,26.53,85.63,3.95,3.05,10.55,Normal,None
B01956,M02,2026-01-14 14:00:00,179.55,24.77,82.9,4.7,3.0,13.48,Normal,None
B01957,M02,2026-01-14 14:10:00,185.28,25.8,85.21,4.61,2.77,12.05,Normal,None
B01958,M01,2026-01-14 14:20:00,175.34,25.14,81.47,4.64,3.15,11.44,Normal,None
B01959,M03,2026-01-14 14:30:00,181.0,21.75,95.07,5.04,2.74,11.86,Normal,None
B01960,M02,2026-01-14 14:40:00,185.91,24.22,91.42,4.28,3.19,11.81,Normal,None
B01961,M01,2026-01-14 14:50:00,192.54,24.83,77.86,4.33,3.29,12.24,Normal,None
B01962,M01,2026-01-14 15:00:00,218.1,24.1,100.03,4.17,3.15,12.32,Normal,None
B01963,M01,2026-01-14 15:10:00,182.64,25.96,90.65,4.55,2.93,13.13,Normal,None
B01964,M03,2026-01-14 15:20:00,209.69,25.28,83.72,4.52,3.36,12.6,Normal,None
B01965,M04,2026-01-14 15:30:00,211.16,25.06,88.03,4.46,3.22,12.64,Normal,None
B01966,M04,2026-01-14 15:40:00,192.02,24.47,113.35,4.68,2.45,11.92,Defect,Crack
B01967,M03,2026-01-14 15:50:00,166.23,24.53,88.8,4.25,2.81,11.81,Normal,None
B01968,M04,2026-01-14 16:00:00,173.82,25.09,78.97,4.69,3.18,11.62,Normal,None
B01969,M01,2026-01-14 16:10:00,191.79,26.13,73.76,4.59,3.03,12.55,Normal,None
B01970,M01,2026-01-14 16:20:00,228.84,26.2,140.58,4.2,3.31,11.22,Defect,Burn_Through
B01971,M04,2026-01-14 16:30:00,189.86,24.43,89.03,4.59,3.3,12.92,Normal,None
B01972,M04,2026-01-14 16:40:00,195.95,26.61,83.8,4.56,3.33,13.35,Normal,None
B01973,M03,2026-01-14 16:50:00,188.07,23.11,86.24,4.98,3.63,10.43,Normal,None
B01974,M03,2026-01-14 17:00:00,178.06,22.39,84.07,4.53,3.42,12.17,Normal,None
B01975,M04,2026-01-14 17:10:00,193.56,23.45,83.41,4.97,3.56,12.15,Normal,None
B01976,M04,2026-01-14 17:20:00,183.88,24.44,100.83,4.91,3.5,12.53,Normal,None
B01977,M03,2026-01-14 17:30:00,175.75,25.04,70.64,4.49,3.58,13.82,Normal,None
B01978,M02,2026-01-14 17:40:00,189.47,23.59,85.99,4.71,3.04,12.72,Normal,None
B01979,M03,2026-01-14 17:50:00,198.96,25.55,88.12,4.36,2.83,11.88,Normal,None
B01980,M02,2026-01-14 18:00:00,178.16,23.59,94.49,4.54,3.17,10.59,Normal,None
B01981,M03,2026-01-14 18:10:00,188.83,24.27,79.17,4.7,2.91,12.9,Normal,None
B01982,M01,2026-01-14 18:20:00,187.67,25.53,115.31,4.8,1.89,12.57,Defect,Crack
B01983,M01,2026-01-14 18:30:00,190.41,25.01,79.77,4.88,2.44,12.71,Normal,None
B01984,M04,2026-01-14 18:40:00,195.6,22.88,86.99,4.03,3.15,13.26,Normal,None
B01985,M01,2026-01-14 18:50:00,190.07,24.79,80.73,4.52,3.13,11.74,Normal,None
B01986,M01,2026-01-14 19:00:00,198.57,23.84,78.84,4.66,3.42,11.82,Normal,None
B01987,M02,2026-01-14 19:10:00,181.67,23.47,85.46,4.23,3.27,9.4,Normal,None
B01988,M01,2026-01-14 19:20:00,183.53,23.14,84.97,4.07,2.99,13.64,Normal,None
B01989,M03,2026-01-14 19:30:00,193.5,22.56,85.37,4.3,3.41,12.43,Normal,None
B01990,M02,2026-01-14 19:40:00,184.47,25.61,93.91,4.63,2.77,12.3,Normal,None
B01991,M04,2026-01-14 19:50:00,204.65,26.88,83.77,4.58,3.32,11.9,Normal,None
B01992,M04,2026-01-14 20:00:00,185.59,23.66,85.31,4.66,3.32,12.27,Normal,None
B01993,M02,2026-01-14 20:10:00,182.59,25.43,102.28,4.95,3.24,13.54,Defect,Crack
B01994,M01,2026-01-14 20:20:00,194.93,24.66,82.56,4.82,3.3,13.07,Normal,None
B01995,M03,2026-01-14 20:30:00,192.95,25.92,90.57,4.28,3.45,10.81,Normal,None
B01996,M02,2026-01-14 20:40:00,184.12,25.18,80.14,4.18,2.92,11.02,Normal,None
B01997,M01,2026-01-14 20:50:00,183.8,25.69,87.43,4.75,2.92,10.34,Normal,None
B01998,M02,2026-01-14 21:00:00,203.57,24.39,83.4,4.78,3.62,12.96,Normal,None
B01999,M04,2026-01-14 21:10:00,153.75,22.36,80.53,4.98,2.87,15.69,Defect,Incomplete_Weld
B02000,M03,2026-01-14 21:20:00,181.13,24.49,118.85,4.47,2.43,12.22,Defect,Crack
B02001,M01,2026-01-14 21:30:00,190.51,22.43,85.36,4.07,3.17,15.14,Normal,None
B02002,M01,2026-01-14 21:40:00,178.26,25.94,93.88,4.57,3.08,10.59,Normal,None
B02003,M03,2026-01-14 21:50:00,202.62,24.13,117.4,4.66,2.49,12.48,Defect,Crack
B02004,M04,2026-01-14 22:00:00,185.46,23.6,76.14,4.27,3.37,11.52,Normal,None
B02005,M03,2026-01-14 22:10:00,182.04,25.47,90.71,4.58,2.78,12.09,Normal,None
B02006,M04,2026-01-14 22:20:00,189.08,23.98,84.38,4.31,3.4,13.09,Normal,None
B02007,M01,2026-01-14 22:30:00,204.06,23.61,77.84,4.65,2.99,10.78,Normal,None
B02008,M02,2026-01-14 22:40:00,203.72,25.45,82.02,4.23,3.25,11.28,Normal,None
B02009,M04,2026-01-14 22:50:00,196.8,23.18,71.92,4.77,2.92,12.79,Normal,None
B02010,M03,2026-01-14 23:00:00,205.32,23.43,83.32,5.2,2.7,12.5,Normal,None
B02011,M03,2026-01-14 23:10:00,169.88,24.08,74.87,4.32,3.33,13.02,Normal,None
B02012,M04,2026-01-14 23:20:00,155.44,22.98,78.5,4.37,2.42,14.12,Defect,Incomplete_Weld
B02013,M04,2026-01-14 23:30:00,180.1,22.94,92.73,4.72,2.84,11.64,Normal,None
B02014,M01,2026-01-14 23:40:00,204.7,24.62,100.67,4.65,2.77,11.2,Normal,None
B02015,M02,2026-01-14 23:50:00,205.95,24.01,69.88,4.57,3.08,11.09,Normal,None
B02016,M01,2026-01-15 00:00:00,162.45,25.52,91.7,4.46,3.49,11.5,Normal,None
B02017,M01,2026-01-15 00:10:00,186.45,25.4,79.49,4.85,3.3,11.71,Normal,None
B02018,M03,2026-01-15 00:20:00,185.43,25.18,88.03,4.19,3.3,12.06,Normal,None
B02019,M02,2026-01-15 00:30:00,187.13,24.08,85.51,4.64,3.22,11.9,Normal,None
B02020,M03,2026-01-15 00:40:00,194.9,23.51,91.28,4.06,2.86,10.25,Normal,None
B02021,M02,2026-01-15 00:50:00,198.33,23.76,85.29,3.76,3.36,11.71,Normal,None
B02022,M04,2026-01-15 01:00:00,194.27,25.59,84.39,4.69,3.36,11.84,Normal,None
B02023,M01,2026-01-15 01:10:00,191.96,24.43,75.88,4.08,3.07,12.84,Normal,None
B02024,M02,2026-01-15 01:20:00,189.75,23.63,91.79,4.55,3.33,12.15,Normal,None
B02025,M02,2026-01-15 01:30:00,197.98,23.02,92.43,3.99,3.04,11.48,Normal,None
B02026,M03,2026-01-15 01:40:00,195.14,23.68,86.22,4.66,3.03,11.06,Normal,None
B02027,M02,2026-01-15 01:50:00,184.56,25.79,94.74,4.58,3.3,12.06,Normal,None
B02028,M03,2026-01-15 02:00:00,207.66,21.53,85.46,4.31,2.91,11.99,Normal,None
B02029,M03,2026-01-15 02:10:00,178.79,23.79,75.89,4.79,2.88,13.4,Normal,None
B02030,M03,2026-01-15 02:20:00,231.32,28.49,120.33,4.49,3.52,12.6,Defect,Burn_Through
B02031,M02,2026-01-15 02:30:00,176.01,24.38,93.37,4.56,3.0,12.16,Normal,None
B02032,M03,2026-01-15 02:40:00,193.14,23.72,85.88,4.44,3.39,10.23,Normal,None
B02033,M02,2026-01-15 02:50:00,239.48,26.43,115.31,4.58,3.08,11.76,Defect,Burn_Through
B02034,M04,2026-01-15 03:00:00,180.24,25.12,100.32,4.11,3.03,12.99,Normal,None
B02035,M02,2026-01-15 03:10:00,192.91,25.45,78.4,4.53,3.46,11.51,Normal,None
B02036,M04,2026-01-15 03:20:00,184.98,23.03,73.06,4.63,3.0,13.32,Normal,None
B02037,M03,2026-01-15 03:30:00,200.78,24.33,84.02,4.63,3.08,12.7,Normal,None
B02038,M03,2026-01-15 03:40:00,195.41,23.81,85.04,4.2,3.41,9.96,Normal,None
B02039,M03,2026-01-15 03:50:00,188.71,24.18,76.79,4.46,3.01,12.84,Normal,None
B02040,M04,2026-01-15 04:00:00,186.34,24.86,87.17,4.33,3.19,13.08,Normal,None
B02041,M04,2026-01-15 04:10:00,178.94,23.92,83.93,4.87,3.26,11.76,Normal,None
B02042,M04,2026-01-15 04:20:00,193.51,23.77,80.13,4.79,3.1,10.81,Normal,None
B02043,M03,2026-01-15 04:30:00,185.37,25.15,77.81,4.54,3.14,11.31,Normal,None
B02044,M02,2026-01-15 04:40:00,186.11,24.23,85.52,4.45,3.21,13.14,Normal,None
B02045,M03,2026-01-15 04:50:00,180.46,22.42,81.6,4.59,3.41,11.06,Normal,None
B02046,M04,2026-01-15 05:00:00,204.33,22.31,81.65,4.09,2.83,10.54,Normal,None
B02047,M03,2026-01-15 05:10:00,198.63,23.58,78.55,4.81,3.23,12.24,Normal,None
B02048,M02,2026-01-15 05:20:00,197.0,23.54,77.89,4.57,3.15,12.64,Normal,None
B02049,M02,2026-01-15 05:30:00,192.48,23.56,94.17,4.49,3.59,14.02,Normal,None
B02050,M04,2026-01-15 05:40:00,210.56,24.79,78.84,4.77,3.47,11.41,Normal,None
B02051,M04,2026-01-15 05:50:00,198.79,23.84,83.45,4.81,3.25,11.27,Normal,None
B02052,M03,2026-01-15 06:00:00,177.36,23.52,80.35,4.2,3.01,12.02,Normal,None
B02053,M01,2026-01-15 06:10:00,192.26,24.01,91.75,4.83,2.85,13.82,Normal,None
B02054,M03,2026-01-15 06:20:00,207.72,23.93,93.59,4.37,3.14,12.98,Normal,None
B02055,M02,2026-01-15 06:30:00,167.04,23.89,75.94,4.23,2.09,15.22,Defect,Incomplete_Weld
B02056,M03,2026-01-15 06:40:00,193.74,24.45,88.23,4.37,3.14,10.73,Normal,None
B02057,M03,2026-01-15 06:50:00,189.23,24.02,75.85,5.09,3.2,12.11,Normal,None
B02058,M01,2026-01-15 07:00:00,194.5,24.39,87.67,4.27,2.99,12.12,Normal,None
B02059,M04,2026-01-15 07:10:00,186.51,25.5,83.34,4.81,3.58,11.82,Normal,None
B02060,M01,2026-01-15 07:20:00,174.93,24.81,91.51,4.41,3.35,12.78,Normal,None
B02061,M01,2026-01-15 07:30:00,182.32,25.18,89.07,4.77,3.43,11.8,Normal,None
B02062,M01,2026-01-15 07:40:00,217.77,24.27,89.5,4.31,3.04,12.51,Normal,None
B02063,M04,2026-01-15 07:50:00,191.85,24.32,80.65,4.6,3.17,9.77,Normal,None
B02064,M03,2026-01-15 08:00:00,197.92,25.31,88.12,4.59,2.96,10.4,Normal,None
B02065,M04,2026-01-15 08:10:00,187.35,23.62,97.04,4.45,3.24,13.16,Normal,None
B02066,M01,2026-01-15 08:20:00,189.57,23.79,87.64,4.82,3.58,11.36,Normal,None
B02067,M03,2026-01-15 08:30:00,184.37,25.85,70.14,5.04,3.11,11.92,Normal,None
B02068,M01,2026-01-15 08:40:00,188.12,22.13,77.06,4.43,3.05,12.92,Normal,None
B02069,M02,2026-01-15 08:50:00,200.03,24.76,125.33,4.44,2.42,11.86,Defect,Crack
B02070,M04,2026-01-15 09:00:00,200.36,25.14,83.68,4.05,3.1,12.07,Normal,None
B02071,M04,2026-01-15 09:10:00,198.81,25.36,123.29,4.63,1.98,12.07,Defect,Crack
B02072,M02,2026-01-15 09:20:00,189.73,25.15,78.61,4.32,2.88,12.16,Normal,None
B02073,M03,2026-01-15 09:30:00,182.82,23.15,81.51,3.96,3.43,11.49,Normal,None
B02074,M03,2026-01-15 09:40:00,213.04,23.7,94.07,4.78,3.31,13.58,Normal,None
B02075,M03,2026-01-15 09:50:00,182.51,24.52,84.53,4.6,3.0,12.15,Normal,None
B02076,M02,2026-01-15 10:00:00,196.77,25.05,88.39,4.22,3.31,10.51,Normal,None
B02077,M04,2026-01-15 10:10:00,185.2,22.73,91.96,4.62,3.1,12.26,Normal,None
B02078,M01,2026-01-15 10:20:00,169.24,23.95,82.19,4.21,2.96,12.6,Normal,None
B02079,M02,2026-01-15 10:30:00,182.52,25.97,88.61,3.94,3.11,11.75,Normal,None
B02080,M04,2026-01-15 10:40:00,207.29,23.99,91.77,4.36,3.48,12.0,Normal,None
B02081,M04,2026-01-15 10:50:00,163.8,21.94,73.79,4.9,2.79,14.05,Normal,None
B02082,M02,2026-01-15 11:00:00,179.58,24.13,86.71,4.35,3.4,12.85,Normal,None
B02083,M01,2026-01-15 11:10:00,210.06,24.69,86.05,3.83,3.37,11.59,Normal,None
B02084,M02,2026-01-15 11:20:00,193.63,25.39,93.84,4.75,3.02,13.15,Normal,None
B02085,M02,2026-01-15 11:30:00,196.74,24.69,96.63,4.63,2.1,12.58,Defect,Crack
B02086,M02,2026-01-15 11:40:00,189.1,22.99,88.27,4.25,3.56,12.0,Normal,None
B02087,M02,2026-01-15 11:50:00,203.45,24.06,93.17,4.92,2.9,10.32,Normal,None
B02088,M01,2026-01-15 12:00:00,189.77,23.65,82.44,4.69,3.36,12.91,Normal,None
B02089,M01,2026-01-15 12:10:00,192.85,24.77,76.5,4.23,3.62,13.02,Normal,None
B02090,M03,2026-01-15 12:20:00,203.32,24.89,86.81,4.22,3.69,12.03,Normal,None
B02091,M02,2026-01-15 12:30:00,200.44,26.32,85.76,4.71,3.32,12.34,Normal,None
B02092,M04,2026-01-15 12:40:00,198.93,21.94,88.46,4.96,3.09,13.31,Normal,None
B02093,M01,2026-01-15 12:50:00,212.85,28.5,133.21,4.44,2.76,12.57,Defect,Burn_Through
B02094,M01,2026-01-15 13:00:00,199.52,25.69,80.73,4.3,2.81,12.73,Normal,None
B02095,M03,2026-01-15 13:10:00,207.24,24.45,88.48,4.22,3.14,13.17,Normal,None
B02096,M03,2026-01-15 13:20:00,174.91,25.65,88.91,5.11,3.35,13.58,Normal,None
B02097,M04,2026-01-15 13:30:00,208.39,24.92,85.13,4.28,3.07,14.07,Normal,None
B02098,M01,2026-01-15 13:40:00,190.66,25.24,91.02,4.74,3.34,13.34,Normal,None
B02099,M02,2026-01-15 13:50:00,197.5,25.49,102.96,4.01,2.97,13.32,Normal,None
B02100,M04,2026-01-15 14:00:00,201.55,25.0,121.63,4.77,2.41,11.77,Defect,Crack
B02101,M03,2026-01-15 14:10:00,228.97,24.98,100.3,3.28,3.15,11.93,Defect,Porosity
B02102,M04,2026-01-15 14:20:00,181.24,24.21,88.07,4.48,3.4,11.19,Normal,None
B02103,M03,2026-01-15 14:30:00,198.79,24.47,91.82,4.36,3.52,11.48,Normal,None
B02104,M04,2026-01-15 14:40:00,197.43,24.61,87.24,4.53,3.41,12.58,Normal,None
B02105,M01,2026-01-15 14:50:00,198.66,23.35,73.38,4.35,2.79,10.47,Normal,None
B02106,M04,2026-01-15 15:00:00,185.32,25.98,86.35,4.69,3.63,11.67,Normal,None
B02107,M01,2026-01-15 15:10:00,182.93,24.0,96.93,4.43,3.26,12.25,Normal,None
B02108,M01,2026-01-15 15:20:00,198.21,23.67,89.84,4.18,3.07,11.7,Normal,None
B02109,M04,2026-01-15 15:30:00,179.59,25.18,76.16,4.5,3.46,13.51,Normal,None
B02110,M01,2026-01-15 15:40:00,171.79,22.22,75.83,4.59,3.17,11.9,Normal,None
B02111,M01,2026-01-15 15:50:00,189.74,24.2,72.86,4.57,3.59,12.75,Normal,None
B02112,M03,2026-01-15 16:00:00,170.07,23.22,90.86,4.59,3.13,12.41,Normal,None
B02113,M01,2026-01-15 16:10:00,181.45,25.56,107.23,4.32,1.91,12.75,Defect,Crack
B02114,M04,2026-01-15 16:20:00,173.93,24.68,84.19,4.3,2.78,11.05,Normal,None
B02115,M04,2026-01-15 16:30:00,181.72,23.34,83.69,4.72,3.69,12.26,Normal,None
B02116,M03,2026-01-15 16:40:00,183.57,24.07,82.85,4.08,2.99,12.79,Normal,None
B02117,M03,2026-01-15 16:50:00,154.24,24.89,82.82,4.37,2.77,15.23,Defect,Incomplete_Weld
B02118,M03,2026-01-15 17:00:00,197.76,23.97,92.11,4.28,3.07,10.07,Normal,None
B02119,M03,2026-01-15 17:10:00,197.83,23.78,86.9,4.46,2.77,11.13,Normal,None
B02120,M02,2026-01-15 17:20:00,186.22,22.13,85.36,4.28,3.13,12.77,Normal,None
B02121,M02,2026-01-15 17:30:00,186.92,24.6,72.86,4.69,2.61,10.56,Normal,None
B02122,M03,2026-01-15 17:40:00,177.95,26.04,87.12,5.11,2.83,13.12,Normal,None
B02123,M02,2026-01-15 17:50:00,198.43,25.18,82.7,4.35,3.35,12.85,Normal,None
B02124,M04,2026-01-15 18:00:00,177.12,23.65,75.7,3.81,3.25,12.26,Normal,None
B02125,M03,2026-01-15 18:10:00,189.23,23.57,84.42,4.26,3.34,10.87,Normal,None
B02126,M04,2026-01-15 18:20:00,166.31,24.98,85.63,4.71,3.22,11.03,Normal,None
B02127,M02,2026-01-15 18:30:00,195.52,26.75,90.17,4.75,3.39,12.19,Normal,None
B02128,M04,2026-01-15 18:40:00,195.17,23.22,82.33,4.93,3.16,13.82,Normal,None
B02129,M03,2026-01-15 18:50:00,194.38,23.57,86.8,5.17,2.88,12.45,Normal,None
B02130,M04,2026-01-15 19:00:00,176.76,24.88,87.58,4.58,2.89,11.42,Normal,None
B02131,M04,2026-01-15 19:10:00,188.22,25.04,81.97,4.65,3.64,11.98,Normal,None
B02132,M04,2026-01-15 19:20:00,184.81,24.25,91.45,4.44,3.42,11.2,Normal,None
B02133,M04,2026-01-15 19:30:00,186.41,25.15,80.57,4.27,3.05,12.6,Normal,None
B02134,M01,2026-01-15 19:40:00,198.45,24.36,90.97,4.6,2.81,11.8,Normal,None
B02135,M01,2026-01-15 19:50:00,190.53,24.43,86.81,3.93,3.43,11.66,Normal,None
B02136,M01,2026-01-15 20:00:00,192.35,23.24,98.79,4.41,3.37,11.42,Normal,None
B02137,M01,2026-01-15 20:10:00,205.63,25.83,119.74,4.23,3.13,12.59,Defect,Crack
B02138,M02,2026-01-15 20:20:00,177.87,26.21,75.99,5.44,3.46,11.71,Normal,None
B02139,M03,2026-01-15 20:30:00,190.45,24.68,88.23,4.38,3.49,12.67,Normal,None
B02140,M03,2026-01-15 20:40:00,196.14,25.81,75.0,4.47,3.14,12.15,Normal,None
B02141,M03,2026-01-15 20:50:00,179.28,24.59,84.94,4.12,3.44,14.3,Normal,None
B02142,M02,2026-01-15 21:00:00,226.36,24.98,134.17,4.3,3.23,12.38,Defect,Burn_Through
B02143,M04,2026-01-15 21:10:00,164.69,24.25,93.44,4.52,3.18,11.99,Normal,None
B02144,M02,2026-01-15 21:20:00,211.91,24.02,82.81,4.37,2.62,12.25,Normal,None
B02145,M03,2026-01-15 21:30:00,171.48,25.0,79.36,4.92,2.91,11.33,Normal,None
B02146,M04,2026-01-15 21:40:00,164.48,24.06,90.88,3.88,2.7,17.46,Defect,Incomplete_Weld
B02147,M01,2026-01-15 21:50:00,196.01,23.89,89.2,4.21,2.81,10.97,Normal,None
B02148,M04,2026-01-15 22:00:00,200.11,25.9,85.95,4.4,3.21,13.74,Normal,None
B02149,M03,2026-01-15 22:10:00,191.26,24.82,93.4,4.84,3.28,13.45,Normal,None
B02150,M02,2026-01-15 22:20:00,184.47,25.07,76.9,4.37,3.52,13.92,Normal,None
B02151,M03,2026-01-15 22:30:00,185.9,23.92,88.15,4.68,3.32,9.95,Normal,None
B02152,M04,2026-01-15 22:40:00,179.77,25.15,87.16,4.99,3.44,10.45,Normal,None
B02153,M02,2026-01-15 22:50:00,198.72,24.71,92.74,4.4,3.56,14.06,Normal,None
B02154,M02,2026-01-15 23:00:00,192.73,25.33,85.78,4.49,3.24,11.17,Normal,None
B02155,M03,2026-01-15 23:10:00,175.01,25.61,96.73,4.73,3.75,10.46,Normal,None
B02156,M04,2026-01-15 23:20:00,189.12,23.66,87.16,4.33,3.14,11.51,Normal,None
B02157,M03,2026-01-15 23:30:00,199.09,25.4,88.13,4.32,3.1,11.89,Normal,None
B02158,M02,2026-01-15 23:40:00,201.1,24.49,79.87,4.5,3.06,12.61,Normal,None
B02159,M04,2026-01-15 23:50:00,200.25,25.13,88.14,4.44,2.91,11.64,Normal,None
B02160,M04,2026-01-16 00:00:00,173.02,24.26,85.55,4.61,3.05,10.0,Normal,None
B02161,M03,2026-01-16 00:10:00,191.4,22.65,88.16,4.48,3.06,12.27,Normal,None
B02162,M02,2026-01-16 00:20:00,179.29,22.62,93.29,4.07,3.06,11.13,Normal,None
B02163,M01,2026-01-16 00:30:00,193.69,23.74,83.17,4.74,3.13,12.93,Normal,None
B02164,M04,2026-01-16 00:40:00,210.16,24.06,97.57,3.37,3.39,11.95,Defect,Porosity
B02165,M04,2026-01-16 00:50:00,183.36,23.47,79.66,3.92,3.67,12.34,Normal,None
B02166,M01,2026-01-16 01:00:00,187.51,25.13,82.41,4.6,3.41,14.35,Normal,None
B02167,M01,2026-01-16 01:10:00,200.79,24.6,83.78,4.22,2.95,11.54,Normal,None
B02168,M03,2026-01-16 01:20:00,239.99,26.87,101.71,4.46,3.38,12.69,Defect,Burn_Through
B02169,M04,2026-01-16 01:30:00,209.44,25.28,94.9,3.68,3.38,11.47,Defect,Porosity
B02170,M03,2026-01-16 01:40:00,198.79,25.35,86.24,4.46,3.25,12.88,Normal,None
B02171,M03,2026-01-16 01:50:00,184.36,23.71,86.76,4.49,2.81,12.34,Normal,None
B02172,M02,2026-01-16 02:00:00,204.67,23.6,87.68,4.42,3.18,13.8,Normal,None
B02173,M01,2026-01-16 02:10:00,174.69,24.73,75.67,4.49,3.41,11.81,Normal,None
B02174,M04,2026-01-16 02:20:00,191.06,22.3,84.09,4.53,3.32,12.53,Normal,None
B02175,M04,2026-01-16 02:30:00,207.01,25.45,94.53,4.55,3.02,12.93,Normal,None
B02176,M01,2026-01-16 02:40:00,186.73,25.87,82.7,4.49,3.31,11.87,Normal,None
B02177,M03,2026-01-16 02:50:00,189.26,24.56,83.25,5.06,3.23,12.42,Normal,None
B02178,M01,2026-01-16 03:00:00,185.12,23.73,84.4,4.95,2.74,13.28,Normal,None
B02179,M02,2026-01-16 03:10:00,188.76,23.05,91.44,4.45,3.08,12.7,Normal,None
B02180,M04,2026-01-16 03:20:00,197.82,24.85,84.27,4.24,3.44,12.48,Normal,None
B02181,M01,2026-01-16 03:30:00,196.34,24.21,86.06,4.48,3.32,10.68,Normal,None
B02182,M04,2026-01-16 03:40:00,190.98,23.89,79.68,4.82,3.14,12.04,Normal,None
B02183,M03,2026-01-16 03:50:00,202.85,24.48,88.66,4.22,3.36,12.11,Normal,None
B02184,M01,2026-01-16 04:00:00,176.27,24.85,71.53,4.66,2.98,10.8,Normal,None
B02185,M04,2026-01-16 04:10:00,199.86,24.91,93.85,4.51,2.87,13.02,Normal,None
B02186,M03,2026-01-16 04:20:00,196.98,23.21,77.17,4.91,3.4,11.66,Normal,None
B02187,M04,2026-01-16 04:30:00,175.51,23.76,87.13,4.39,3.67,11.2,Normal,None
B02188,M03,2026-01-16 04:40:00,190.63,26.35,95.32,5.05,2.94,11.41,Normal,None
B02189,M01,2026-01-16 04:50:00,179.71,24.31,81.62,5.18,2.96,11.28,Normal,None
B02190,M02,2026-01-16 05:00:00,189.49,24.4,84.3,4.86,2.54,12.35,Normal,None
B02191,M03,2026-01-16 05:10:00,202.53,23.28,85.09,4.47,3.2,11.61,Normal,None
B02192,M04,2026-01-16 05:20:00,190.9,24.23,77.02,4.32,3.27,12.89,Normal,None
B02193,M02,2026-01-16 05:30:00,209.12,27.14,76.77,4.75,2.94,11.67,Normal,None
B02194,M04,2026-01-16 05:40:00,188.05,22.93,60.78,5.09,3.4,11.68,Normal,None
B02195,M04,2026-01-16 05:50:00,200.2,24.1,76.36,4.94,3.21,12.18,Normal,None
B02196,M04,2026-01-16 06:00:00,201.65,26.11,87.13,4.56,3.05,11.85,Normal,None
B02197,M04,2026-01-16 06:10:00,189.03,24.71,88.48,4.61,3.39,13.75,Normal,None
B02198,M04,2026-01-16 06:20:00,194.45,25.92,80.07,3.94,3.07,11.32,Normal,None
B02199,M02,2026-01-16 06:30:00,193.39,24.33,79.73,4.23,3.43,13.52,Normal,None
B02200,M02,2026-01-16 06:40:00,191.88,22.25,79.15,3.89,3.96,12.93,Normal,None
B02201,M01,2026-01-16 06:50:00,217.62,24.52,112.92,3.54,2.91,10.88,Defect,Porosity
B02202,M04,2026-01-16 07:00:00,201.49,25.61,81.79,4.77,2.99,12.31,Normal,None
B02203,M04,2026-01-16 07:10:00,179.22,23.26,91.87,5.33,3.16,9.1,Normal,None
B02204,M03,2026-01-16 07:20:00,195.72,23.57,86.12,4.46,3.09,12.9,Normal,None
B02205,M02,2026-01-16 07:30:00,197.2,24.68,86.31,4.75,3.33,11.32,Normal,None
B02206,M01,2026-01-16 07:40:00,181.71,23.79,78.69,4.45,3.13,10.55,Normal,None
B02207,M02,2026-01-16 07:50:00,174.26,24.97,82.66,5.25,3.07,11.64,Normal,None
B02208,M02,2026-01-16 08:00:00,195.81,26.29,82.82,4.65,3.07,11.66,Normal,None
B02209,M02,2026-01-16 08:10:00,190.24,25.19,75.42,4.07,3.9,13.64,Normal,None
B02210,M01,2026-01-16 08:20:00,196.13,24.78,89.56,4.64,2.93,12.59,Normal,None
B02211,M02,2026-01-16 08:30:00,190.77,25.42,78.47,4.21,3.28,12.45,Normal,None
B02212,M04,2026-01-16 08:40:00,193.36,24.41,81.93,4.38,3.45,13.41,Normal,None
B02213,M02,2026-01-16 08:50:00,172.07,24.78,90.36,4.85,3.82,12.49,Normal,None
B02214,M01,2026-01-16 09:00:00,233.77,26.13,108.72,3.76,2.96,11.5,Defect,Porosity
B02215,M04,2026-01-16 09:10:00,184.59,25.64,85.17,4.54,3.35,10.92,Normal,None
B02216,M03,2026-01-16 09:20:00,190.73,23.02,73.07,4.51,3.13,11.92,Normal,None
B02217,M03,2026-01-16 09:30:00,172.34,22.97,85.79,4.36,2.87,12.56,Normal,None
B02218,M01,2026-01-16 09:40:00,187.06,24.01,108.34,4.55,2.1,10.72,Defect,Crack
B02219,M04,2026-01-16 09:50:00,190.29,25.76,80.92,4.36,3.0,12.55,Normal,None
B02220,M02,2026-01-16 10:00:00,202.25,23.81,74.36,4.15,3.07,11.61,Normal,None
B02221,M01,2026-01-16 10:10:00,237.03,23.76,108.48,3.1,3.65,10.5,Defect,Porosity
B02222,M03,2026-01-16 10:20:00,214.82,25.65,92.54,4.53,3.26,13.33,Normal,None
B02223,M03,2026-01-16 10:30:00,176.66,25.58,89.88,5.07,3.09,11.19,Normal,None
B02224,M04,2026-01-16 10:40:00,160.87,24.29,87.42,4.8,1.96,14.62,Defect,Incomplete_Weld
B02225,M04,2026-01-16 10:50:00,192.92,23.7,75.58,4.64,2.86,10.96,Normal,None
B02226,M02,2026-01-16 11:00:00,188.22,24.46,123.88,3.92,2.38,12.26,Defect,Crack
B02227,M02,2026-01-16 11:10:00,182.09,24.34,76.32,4.63,3.46,11.42,Normal,None
B02228,M04,2026-01-16 11:20:00,189.08,23.52,83.92,4.52,3.0,13.6,Normal,None
B02229,M03,2026-01-16 11:30:00,182.88,23.38,90.31,4.97,2.93,13.08,Normal,None
B02230,M01,2026-01-16 11:40:00,210.35,25.61,81.84,4.39,3.42,12.67,Normal,None
B02231,M01,2026-01-16 11:50:00,185.97,24.13,91.06,4.8,3.33,11.63,Normal,None
B02232,M03,2026-01-16 12:00:00,186.17,24.75,81.49,4.76,3.47,11.21,Normal,None
B02233,M01,2026-01-16 12:10:00,186.73,24.44,96.46,3.9,2.8,11.9,Normal,None
B02234,M04,2026-01-16 12:20:00,172.18,25.42,97.49,4.4,3.33,13.42,Normal,None
B02235,M03,2026-01-16 12:30:00,238.74,27.78,110.43,4.56,3.29,10.91,Defect,Burn_Through
B02236,M01,2026-01-16 12:40:00,187.66,24.25,92.54,4.34,3.18,12.47,Normal,None
B02237,M03,2026-01-16 12:50:00,179.7,25.19,83.2,4.57,2.99,10.07,Normal,None
B02238,M04,2026-01-16 13:00:00,187.9,23.99,81.4,4.64,3.28,11.91,Normal,None
B02239,M01,2026-01-16 13:10:00,186.14,24.05,85.51,5.07,3.08,11.13,Normal,None
B02240,M02,2026-01-16 13:20:00,182.0,24.63,80.35,4.79,3.34,10.15,Normal,None
B02241,M01,2026-01-16 13:30:00,192.39,26.19,82.5,4.77,3.4,11.69,Normal,None
B02242,M01,2026-01-16 13:40:00,189.08,24.34,74.06,3.97,3.32,10.46,Normal,None
B02243,M01,2026-01-16 13:50:00,190.95,25.24,89.87,4.62,3.62,12.03,Normal,None
B02244,M02,2026-01-16 14:00:00,186.15,24.87,84.11,4.31,3.4,12.06,Normal,None
B02245,M02,2026-01-16 14:10:00,186.38,23.87,71.68,4.26,2.97,12.34,Normal,None
B02246,M01,2026-01-16 14:20:00,230.86,26.2,116.05,4.22,3.21,10.61,Defect,Burn_Through
B02247,M02,2026-01-16 14:30:00,200.25,23.86,98.4,5.0,3.1,11.01,Normal,None
B02248,M03,2026-01-16 14:40:00,189.88,24.37,88.53,4.2,3.02,12.24,Normal,None
B02249,M01,2026-01-16 14:50:00,217.78,24.41,96.7,4.14,3.4,10.69,Defect,Burn_Through
B02250,M04,2026-01-16 15:00:00,193.09,25.35,81.69,4.6,3.15,13.15,Normal,None
B02251,M02,2026-01-16 15:10:00,189.62,23.63,83.68,4.88,3.23,11.96,Normal,None
B02252,M04,2026-01-16 15:20:00,189.71,26.6,81.25,4.47,3.13,12.75,Normal,None
B02253,M02,2026-01-16 15:30:00,199.75,23.86,91.36,4.72,3.21,13.2,Normal,None
B02254,M04,2026-01-16 15:40:00,209.13,25.34,99.71,4.42,3.37,10.86,Normal,None
B02255,M04,2026-01-16 15:50:00,181.35,25.12,73.0,4.29,3.15,12.83,Normal,None
B02256,M04,2026-01-16 16:00:00,201.73,24.05,124.53,3.45,3.45,12.06,Defect,Porosity
B02257,M01,2026-01-16 16:10:00,184.19,22.26,86.06,4.55,3.48,12.0,Normal,None
B02258,M01,2026-01-16 16:20:00,200.96,25.11,83.25,5.09,2.64,10.01,Normal,None
B02259,M02,2026-01-16 16:30:00,197.49,25.06,86.68,4.7,3.39,12.46,Normal,None
B02260,M04,2026-01-16 16:40:00,192.65,22.82,101.93,5.17,2.92,13.42,Normal,None
B02261,M01,2026-01-16 16:50:00,175.61,24.71,77.11,4.74,3.24,12.01,Normal,None
B02262,M03,2026-01-16 17:00:00,177.0,24.04,125.34,4.91,2.25,11.18,Defect,Crack
B02263,M01,2026-01-16 17:10:00,181.95,25.73,96.46,4.53,3.1,11.98,Normal,None
B02264,M01,2026-01-16 17:20:00,193.09,25.36,82.7,5.18,3.45,10.94,Normal,None
B02265,M04,2026-01-16 17:30:00,179.54,25.46,75.55,4.33,2.87,10.38,Normal,None
B02266,M01,2026-01-16 17:40:00,154.45,25.29,102.7,4.09,3.33,10.34,Normal,None
B02267,M04,2026-01-16 17:50:00,214.98,24.88,94.86,4.12,3.55,11.66,Normal,None
B02268,M04,2026-01-16 18:00:00,194.85,24.08,88.49,4.37,3.34,13.75,Normal,None
B02269,M01,2026-01-16 18:10:00,191.22,24.37,70.3,4.59,3.19,12.13,Normal,None
B02270,M02,2026-01-16 18:20:00,179.98,24.57,67.95,4.08,3.5,14.01,Normal,None
B02271,M01,2026-01-16 18:30:00,187.26,24.19,94.8,4.16,3.51,13.19,Normal,None
B02272,M01,2026-01-16 18:40:00,196.03,25.39,93.38,4.65,3.17,12.99,Normal,None
B02273,M04,2026-01-16 18:50:00,186.11,24.28,73.25,4.53,3.32,12.56,Normal,None
B02274,M02,2026-01-16 19:00:00,187.5,24.86,89.03,4.56,2.87,11.69,Normal,None
B02275,M02,2026-01-16 19:10:00,187.19,25.51,85.91,4.52,3.36,12.78,Normal,None
B02276,M02,2026-01-16 19:20:00,183.47,24.45,80.62,4.73,3.11,12.02,Normal,None
B02277,M03,2026-01-16 19:30:00,172.64,23.91,87.44,4.84,3.36,10.95,Normal,None
B02278,M02,2026-01-16 19:40:00,187.09,26.18,91.78,4.68,3.51,12.07,Normal,None
B02279,M03,2026-01-16 19:50:00,217.48,24.06,120.26,3.41,2.65,14.14,Defect,Porosity
B02280,M03,2026-01-16 20:00:00,180.51,26.47,107.01,4.7,2.36,13.94,Defect,Crack
B02281,M04,2026-01-16 20:10:00,207.7,24.24,82.19,4.61,3.37,11.95,Normal,None
B02282,M04,2026-01-16 20:20:00,174.8,25.64,85.49,4.43,3.22,13.14,Normal,None
B02283,M01,2026-01-16 20:30:00,179.12,25.7,81.94,4.01,3.28,13.01,Normal,None
B02284,M04,2026-01-16 20:40:00,195.04,25.11,96.62,4.95,2.93,12.41,Normal,None
B02285,M03,2026-01-16 20:50:00,178.92,25.69,90.39,4.32,2.96,10.91,Normal,None
B02286,M02,2026-01-16 21:00:00,180.77,25.51,78.45,4.11,3.32,11.91,Normal,None
B02287,M01,2026-01-16 21:10:00,181.26,24.99,85.27,4.75,3.38,12.4,Normal,None
B02288,M02,2026-01-16 21:20:00,184.76,23.16,83.04,4.34,3.47,11.01,Normal,None
B02289,M03,2026-01-16 21:30:00,197.61,23.59,101.16,4.66,3.6,10.84,Normal,None
B02290,M02,2026-01-16 21:40:00,192.93,25.89,91.24,4.32,3.21,11.8,Normal,None
B02291,M02,2026-01-16 21:50:00,208.29,22.58,81.21,4.79,3.51,13.3,Normal,None
B02292,M04,2026-01-16 22:00:00,196.4,24.57,90.08,4.77,3.68,11.82,Normal,None
B02293,M02,2026-01-16 22:10:00,183.56,23.79,87.9,4.41,3.07,12.24,Normal,None
B02294,M03,2026-01-16 22:20:00,196.82,24.84,82.04,4.33,3.54,12.37,Normal,None
B02295,M02,2026-01-16 22:30:00,188.53,25.6,96.63,4.56,3.01,12.16,Normal,None
B02296,M03,2026-01-16 22:40:00,182.84,26.35,93.57,4.66,3.39,12.36,Normal,None
B02297,M04,2026-01-16 22:50:00,173.73,24.6,83.93,4.54,3.33,11.85,Normal,None
B02298,M02,2026-01-16 23:00:00,185.93,23.73,84.17,4.21,3.07,11.7,Normal,None
B02299,M01,2026-01-16 23:10:00,200.77,24.4,72.29,4.5,2.98,13.05,Normal,None
B02300,M01,2026-01-16 23:20:00,190.07,23.89,80.26,4.05,3.2,10.81,Normal,None
B02301,M01,2026-01-16 23:30:00,220.45,28.67,108.93,4.83,2.99,12.09,Defect,Burn_Through
B02302,M01,2026-01-16 23:40:00,187.68,24.38,98.39,4.45,3.46,11.76,Normal,None
B02303,M01,2026-01-16 23:50:00,186.4,23.63,86.95,4.4,3.32,13.31,Normal,None
B02304,M03,2026-01-17 00:00:00,190.33,23.07,83.44,4.87,3.28,12.49,Normal,None
B02305,M02,2026-01-17 00:10:00,194.83,25.46,75.49,3.89,3.2,13.23,Normal,None
B02306,M02,2026-01-17 00:20:00,186.41,24.28,90.56,4.83,3.01,11.49,Normal,None
B02307,M02,2026-01-17 00:30:00,176.95,23.92,85.08,4.35,2.92,12.42,Normal,None
B02308,M04,2026-01-17 00:40:00,194.82,24.91,85.38,4.51,3.02,11.22,Normal,None
B02309,M04,2026-01-17 00:50:00,180.28,24.13,94.38,4.83,3.19,11.69,Normal,None
B02310,M03,2026-01-17 01:00:00,180.76,23.4,86.28,4.6,3.14,12.4,Normal,None
B02311,M04,2026-01-17 01:10:00,204.01,25.52,99.59,4.46,2.54,10.88,Normal,None
B02312,M04,2026-01-17 01:20:00,180.17,25.5,83.36,4.59,3.33,12.85,Normal,None
B02313,M03,2026-01-17 01:30:00,168.02,23.93,80.42,4.7,3.08,11.0,Normal,None
B02314,M03,2026-01-17 01:40:00,190.22,24.56,80.76,5.15,2.93,12.31,Normal,None
B02315,M01,2026-01-17 01:50:00,193.25,25.33,91.48,4.35,3.79,11.1,Normal,None
B02316,M04,2026-01-17 02:00:00,180.68,21.5,86.3,4.95,3.39,10.99,Normal,None
B02317,M02,2026-01-17 02:10:00,177.06,22.46,82.94,5.21,3.38,12.54,Normal,None
B02318,M02,2026-01-17 02:20:00,216.1,24.6,110.24,3.81,3.03,13.53,Defect,Porosity
B02319,M02,2026-01-17 02:30:00,199.43,25.18,114.1,4.71,2.71,9.67,Defect,Crack
B02320,M03,2026-01-17 02:40:00,193.9,26.15,81.3,4.82,3.39,11.69,Normal,None
B02321,M03,2026-01-17 02:50:00,185.45,24.07,82.15,4.87,3.11,11.79,Normal,None
B02322,M02,2026-01-17 03:00:00,189.73,24.75,98.38,4.77,2.97,13.41,Normal,None
B02323,M04,2026-01-17 03:10:00,194.53,24.87,78.96,4.5,3.51,11.73,Normal,None
B02324,M02,2026-01-17 03:20:00,193.07,24.65,78.84,4.4,2.79,12.63,Normal,None
B02325,M01,2026-01-17 03:30:00,236.86,26.93,127.65,4.7,3.06,10.62,Defect,Burn_Through
B02326,M01,2026-01-17 03:40:00,190.75,25.18,92.32,4.81,3.19,13.59,Normal,None
B02327,M01,2026-01-17 03:50:00,187.02,25.24,85.09,4.1,3.48,11.39,Normal,None
B02328,M02,2026-01-17 04:00:00,195.57,25.2,85.96,4.23,3.54,10.15,Normal,None
B02329,M01,2026-01-17 04:10:00,204.2,25.03,82.71,4.56,3.01,11.12,Normal,None
B02330,M03,2026-01-17 04:20:00,219.35,24.73,84.59,4.72,3.31,12.74,Normal,None
B02331,M01,2026-01-17 04:30:00,212.78,25.16,110.62,3.12,3.09,12.36,Defect,Porosity
B02332,M02,2026-01-17 04:40:00,182.63,23.65,81.15,4.29,3.24,12.17,Normal,None
B02333,M01,2026-01-17 04:50:00,182.81,24.38,91.18,4.67,3.65,11.46,Normal,None
B02334,M03,2026-01-17 05:00:00,192.16,25.2,83.83,4.57,3.22,12.95,Normal,None
B02335,M04,2026-01-17 05:10:00,183.14,22.91,115.66,4.35,2.57,13.13,Defect,Crack
B02336,M04,2026-01-17 05:20:00,196.91,24.84,81.94,3.94,3.64,13.26,Normal,None
B02337,M04,2026-01-17 05:30:00,241.53,27.6,117.91,4.5,3.33,12.43,Defect,Burn_Through
B02338,M02,2026-01-17 05:40:00,186.04,23.17,90.66,4.54,3.34,11.05,Normal,None
B02339,M02,2026-01-17 05:50:00,221.87,23.88,107.78,3.12,3.35,12.15,Defect,Porosity
B02340,M04,2026-01-17 06:00:00,200.91,25.65,90.47,3.98,3.1,12.29,Normal,None
B02341,M03,2026-01-17 06:10:00,189.93,23.39,78.77,4.6,3.06,13.4,Normal,None
B02342,M01,2026-01-17 06:20:00,178.99,23.69,84.97,4.37,3.48,13.91,Normal,None
B02343,M02,2026-01-17 06:30:00,202.97,25.44,73.06,4.67,3.42,13.52,Normal,None
B02344,M04,2026-01-17 06:40:00,231.58,28.64,120.36,4.56,2.87,12.6,Defect,Burn_Through
B02345,M04,2026-01-17 06:50:00,184.31,22.54,78.09,4.73,3.44,11.46,Normal,None
B02346,M03,2026-01-17 07:00:00,223.92,23.42,116.08,3.98,3.31,13.12,Defect,Porosity
B02347,M03,2026-01-17 07:10:00,186.0,23.95,85.28,4.65,3.55,11.16,Normal,None
B02348,M02,2026-01-17 07:20:00,220.03,23.11,107.56,3.68,3.73,11.77,Defect,Porosity
B02349,M02,2026-01-17 07:30:00,169.32,24.83,85.72,4.18,3.52,12.69,Normal,None
B02350,M04,2026-01-17 07:40:00,202.38,25.15,92.81,4.31,3.17,10.87,Normal,None
B02351,M03,2026-01-17 07:50:00,183.58,24.65,92.15,4.06,3.06,12.29,Normal,None
B02352,M03,2026-01-17 08:00:00,202.33,25.66,95.67,4.96,3.2,13.57,Normal,None
B02353,M04,2026-01-17 08:10:00,183.47,24.42,74.28,4.56,3.03,12.61,Normal,None
B02354,M01,2026-01-17 08:20:00,182.87,24.15,76.35,4.63,3.09,10.35,Normal,None
B02355,M03,2026-01-17 08:30:00,180.66,24.55,83.95,4.13,3.02,12.67,Normal,None
B02356,M04,2026-01-17 08:40:00,172.45,23.54,80.38,4.49,2.98,11.05,Normal,None
B02357,M03,2026-01-17 08:50:00,194.11,25.2,88.85,4.56,3.12,12.26,Normal,None
B02358,M04,2026-01-17 09:00:00,189.28,23.57,93.95,4.67,3.07,11.86,Normal,None
B02359,M04,2026-01-17 09:10:00,189.35,23.66,88.51,4.54,3.31,11.91,Normal,None
B02360,M03,2026-01-17 09:20:00,187.23,24.89,77.22,4.49,3.01,10.26,Normal,None
B02361,M02,2026-01-17 09:30:00,165.81,25.25,85.61,4.63,3.28,12.22,Normal,None
B02362,M02,2026-01-17 09:40:00,206.68,26.46,116.44,4.0,3.35,11.78,Defect,Porosity
B02363,M02,2026-01-17 09:50:00,199.62,25.49,88.37,4.64,3.05,13.96,Normal,None
B02364,M02,2026-01-17 10:00:00,199.49,24.83,84.92,4.57,3.34,12.63,Normal,None
B02365,M04,2026-01-17 10:10:00,196.75,24.02,107.77,4.35,2.32,12.88,Defect,Crack
B02366,M02,2026-01-17 10:20:00,196.3,24.08,120.84,4.26,2.39,13.13,Defect,Crack
B02367,M01,2026-01-17 10:30:00,187.19,25.41,84.05,3.77,3.3,12.5,Normal,None
B02368,M01,2026-01-17 10:40:00,185.7,24.49,86.99,4.46,3.45,13.17,Normal,None
B02369,M04,2026-01-17 10:50:00,203.09,23.33,85.85,5.14,3.22,11.61,Normal,None
B02370,M01,2026-01-17 11:00:00,197.51,25.2,86.25,3.92,2.99,12.08,Normal,None
B02371,M02,2026-01-17 11:10:00,206.07,23.78,79.83,4.42,3.53,12.51,Normal,None
B02372,M04,2026-01-17 11:20:00,182.79,25.31,74.41,4.44,3.43,11.52,Normal,None
B02373,M01,2026-01-17 11:30:00,204.12,23.14,82.34,4.2,3.03,11.47,Normal,None
B02374,M02,2026-01-17 11:40:00,193.42,25.1,74.47,5.01,3.4,14.26,Normal,None
B02375,M04,2026-01-17 11:50:00,176.61,23.95,88.48,4.63,3.11,11.52,Normal,None
B02376,M01,2026-01-17 12:00:00,181.06,25.91,89.2,4.22,2.91,12.28,Normal,None
B02377,M01,2026-01-17 12:10:00,191.3,24.3,75.94,4.19,3.21,12.56,Normal,None
B02378,M03,2026-01-17 12:20:00,193.22,22.69,93.41,4.19,3.09,12.65,Normal,None
B02379,M01,2026-01-17 12:30:00,186.62,26.58,86.43,4.47,3.04,11.93,Normal,None
B02380,M01,2026-01-17 12:40:00,185.55,23.68,84.92,4.62,2.98,11.08,Normal,None
B02381,M03,2026-01-17 12:50:00,211.96,25.38,69.58,4.08,3.28,12.42,Normal,None
B02382,M03,2026-01-17 13:00:00,202.31,24.44,85.27,4.49,3.45,11.81,Normal,None
B02383,M01,2026-01-17 13:10:00,184.56,24.83,90.2,5.07,3.07,12.63,Normal,None
B02384,M01,2026-01-17 13:20:00,197.09,24.28,82.42,4.81,3.34,11.17,Normal,None
B02385,M01,2026-01-17 13:30:00,176.99,24.33,87.36,4.19,3.2,11.71,Normal,None
B02386,M01,2026-01-17 13:40:00,231.9,28.79,118.79,4.41,3.0,13.07,Defect,Burn_Through
B02387,M04,2026-01-17 13:50:00,181.48,25.3,77.87,4.86,3.2,12.41,Normal,None
B02388,M02,2026-01-17 14:00:00,192.91,23.74,92.61,4.28,3.06,12.6,Normal,None
B02389,M02,2026-01-17 14:10:00,191.84,25.5,84.69,4.7,2.92,12.18,Normal,None
B02390,M01,2026-01-17 14:20:00,181.55,23.88,83.4,4.57,2.75,10.97,Normal,None
B02391,M01,2026-01-17 14:30:00,191.23,25.15,82.92,4.7,3.39,10.79,Normal,None
B02392,M01,2026-01-17 14:40:00,182.69,24.13,80.49,4.66,2.94,11.94,Normal,None
B02393,M02,2026-01-17 14:50:00,175.15,22.79,85.65,4.34,3.31,11.58,Normal,None
B02394,M02,2026-01-17 15:00:00,186.26,23.98,84.72,4.08,2.95,12.07,Normal,None
B02395,M03,2026-01-17 15:10:00,195.26,25.0,89.04,4.31,2.71,13.1,Normal,None
B02396,M02,2026-01-17 15:20:00,183.88,23.69,76.49,4.91,3.16,11.92,Normal,None
B02397,M02,2026-01-17 15:30:00,186.76,23.51,87.27,4.21,3.24,11.73,Normal,None
B02398,M02,2026-01-17 15:40:00,177.43,25.21,85.14,4.59,3.31,10.87,Normal,None
B02399,M01,2026-01-17 15:50:00,247.46,26.04,131.34,4.4,3.33,11.77,Defect,Burn_Through
B02400,M02,2026-01-17 16:00:00,182.67,24.57,92.18,5.19,3.46,11.23,Normal,None
B02401,M04,2026-01-17 16:10:00,194.58,24.52,80.78,4.92,2.92,11.22,Normal,None
B02402,M02,2026-01-17 16:20:00,184.29,25.96,93.31,4.74,2.96,11.19,Normal,None
B02403,M01,2026-01-17 16:30:00,195.75,24.89,84.98,4.58,3.3,12.0,Normal,None
B02404,M03,2026-01-17 16:40:00,185.73,25.23,91.12,4.7,3.16,11.88,Normal,None
B02405,M04,2026-01-17 16:50:00,180.21,24.96,81.05,4.55,2.71,11.51,Normal,None
B02406,M04,2026-01-17 17:00:00,198.99,24.07,80.32,4.43,3.11,12.45,Normal,None
B02407,M02,2026-01-17 17:10:00,165.99,25.82,78.08,4.05,3.57,12.13,Normal,None
B02408,M01,2026-01-17 17:20:00,240.97,29.91,119.6,4.36,3.1,11.92,Defect,Burn_Through
B02409,M02,2026-01-17 17:30:00,199.11,25.79,116.36,4.84,3.05,11.73,Defect,Crack
B02410,M01,2026-01-17 17:40:00,190.76,24.27,85.06,4.44,3.3,11.05,Normal,None
B02411,M04,2026-01-17 17:50:00,189.8,23.81,93.59,3.98,3.35,12.94,Normal,None
B02412,M03,2026-01-17 18:00:00,155.37,23.65,90.89,4.95,2.32,13.42,Defect,Incomplete_Weld
B02413,M03,2026-01-17 18:10:00,219.32,25.17,110.3,4.1,3.12,13.06,Defect,Porosity
B02414,M02,2026-01-17 18:20:00,192.39,24.28,89.1,5.01,3.5,9.93,Normal,None
B02415,M01,2026-01-17 18:30:00,207.84,27.12,117.86,4.49,3.05,10.23,Defect,Burn_Through
B02416,M03,2026-01-17 18:40:00,185.57,26.05,80.43,4.16,3.45,11.27,Normal,None
B02417,M03,2026-01-17 18:50:00,184.46,23.38,95.0,4.29,3.13,12.8,Normal,None
B02418,M02,2026-01-17 19:00:00,153.88,26.26,89.1,4.49,2.52,16.27,Defect,Incomplete_Weld
B02419,M01,2026-01-17 19:10:00,196.0,24.07,88.65,4.29,3.64,12.37,Normal,None
B02420,M02,2026-01-17 19:20:00,196.86,23.7,96.68,4.66,3.11,12.39,Normal,None
B02421,M04,2026-01-17 19:30:00,184.96,25.38,82.67,4.8,2.75,12.04,Normal,None
B02422,M01,2026-01-17 19:40:00,176.25,24.58,76.64,5.21,3.09,11.48,Normal,None
B02423,M02,2026-01-17 19:50:00,204.12,26.7,87.14,4.71,3.09,12.57,Normal,None
B02424,M01,2026-01-17 20:00:00,184.55,24.55,83.66,4.0,3.28,12.87,Normal,None
B02425,M03,2026-01-17 20:10:00,174.6,24.75,94.44,4.67,3.5,13.65,Normal,None
B02426,M01,2026-01-17 20:20:00,190.0,25.77,84.1,4.61,3.64,11.61,Normal,None
B02427,M02,2026-01-17 20:30:00,175.41,25.26,84.42,4.58,2.34,14.87,Defect,Incomplete_Weld
B02428,M02,2026-01-17 20:40:00,199.23,24.69,86.24,5.11,3.29,11.82,Normal,None
B02429,M02,2026-01-17 20:50:00,198.12,26.04,88.84,4.64,2.86,12.71,Normal,None
B02430,M03,2026-01-17 21:00:00,190.98,23.64,76.58,4.64,3.03,11.18,Normal,None
B02431,M02,2026-01-17 21:10:00,189.48,25.6,92.87,4.64,3.15,13.27,Normal,None
B02432,M03,2026-01-17 21:20:00,196.47,23.7,79.73,4.52,3.33,11.0,Normal,None
B02433,M04,2026-01-17 21:30:00,182.63,25.1,83.97,5.02,3.21,10.6,Normal,None
B02434,M03,2026-01-17 21:40:00,197.39,23.75,90.55,4.56,3.1,13.27,Normal,None
B02435,M03,2026-01-17 21:50:00,174.87,24.01,75.04,4.8,2.66,11.38,Normal,None
B02436,M03,2026-01-17 22:00:00,194.02,24.8,72.29,4.0,2.69,12.0,Normal,None
B02437,M01,2026-01-17 22:10:00,247.36,28.06,120.24,4.62,3.18,12.25,Defect,Burn_Through
B02438,M02,2026-01-17 22:20:00,200.16,25.21,89.02,4.53,3.4,11.61,Normal,None
B02439,M03,2026-01-17 22:30:00,194.94,23.33,81.52,4.54,3.2,14.89,Normal,None
B02440,M01,2026-01-17 22:40:00,197.83,25.28,94.58,4.48,3.18,11.7,Normal,None
B02441,M01,2026-01-17 22:50:00,184.26,26.51,77.96,4.76,3.24,12.64,Normal,None
B02442,M01,2026-01-17 23:00:00,250.44,26.68,127.97,4.13,3.19,11.97,Defect,Burn_Through
B02443,M02,2026-01-17 23:10:00,199.74,24.38,103.69,4.06,2.41,12.92,Defect,Crack
B02444,M01,2026-01-17 23:20:00,171.7,26.28,85.55,4.24,2.5,15.37,Defect,Incomplete_Weld
B02445,M01,2026-01-17 23:30:00,191.65,25.25,87.32,4.39,2.94,12.06,Normal,None
B02446,M03,2026-01-17 23:40:00,169.6,24.84,115.01,4.63,2.04,12.56,Defect,Crack
B02447,M01,2026-01-17 23:50:00,205.71,24.62,92.65,4.82,2.98,12.92,Normal,None
B02448,M04,2026-01-18 00:00:00,148.01,21.72,79.72,4.43,2.12,16.09,Defect,Incomplete_Weld
B02449,M03,2026-01-18 00:10:00,192.21,23.75,81.61,4.51,2.83,10.88,Normal,None
B02450,M01,2026-01-18 00:20:00,185.43,24.33,119.59,4.62,2.98,11.6,Defect,Crack
B02451,M03,2026-01-18 00:30:00,198.05,24.67,85.62,4.32,3.25,10.14,Normal,None
B02452,M04,2026-01-18 00:40:00,169.91,24.43,80.3,4.37,2.27,15.87,Defect,Incomplete_Weld
B02453,M02,2026-01-18 00:50:00,166.5,23.15,76.79,4.56,3.3,12.72,Normal,None
B02454,M04,2026-01-18 01:00:00,191.06,25.14,86.1,4.38,3.3,11.94,Normal,None
B02455,M04,2026-01-18 01:10:00,191.39,25.68,89.99,4.11,3.06,12.88,Normal,None
B02456,M01,2026-01-18 01:20:00,207.3,24.1,91.23,4.52,3.16,11.79,Normal,None
B02457,M02,2026-01-18 01:30:00,200.62,24.26,88.16,4.22,2.88,10.74,Normal,None
B02458,M03,2026-01-18 01:40:00,210.75,23.21,101.41,4.41,3.47,11.41,Normal,None
B02459,M03,2026-01-18 01:50:00,176.62,24.54,83.58,4.68,3.12,12.31,Normal,None
B02460,M04,2026-01-18 02:00:00,175.75,23.79,87.67,4.83,3.08,13.17,Normal,None
B02461,M01,2026-01-18 02:10:00,197.31,24.89,75.04,4.47,3.38,13.37,Normal,None
B02462,M04,2026-01-18 02:20:00,243.46,27.75,117.16,4.7,2.93,11.16,Defect,Burn_Through
B02463,M01,2026-01-18 02:30:00,188.48,23.61,92.05,4.73,2.78,13.02,Normal,None
B02464,M01,2026-01-18 02:40:00,205.82,26.13,84.22,4.13,3.17,11.79,Normal,None
B02465,M03,2026-01-18 02:50:00,177.46,24.63,78.64,4.67,3.2,11.61,Normal,None
B02466,M03,2026-01-18 03:00:00,195.04,23.97,92.56,5.33,3.06,12.68,Normal,None
B02467,M04,2026-01-18 03:10:00,179.82,27.1,82.45,4.42,3.33,10.09,Normal,None
B02468,M01,2026-01-18 03:20:00,181.97,24.97,82.79,4.32,2.51,12.51,Normal,None
B02469,M03,2026-01-18 03:30:00,213.36,25.27,90.64,4.14,3.0,10.9,Normal,None
B02470,M01,2026-01-18 03:40:00,180.53,24.09,74.56,4.21,2.99,11.97,Normal,None
B02471,M01,2026-01-18 03:50:00,194.2,24.27,78.33,4.45,3.29,10.25,Normal,None
B02472,M01,2026-01-18 04:00:00,183.37,23.4,90.87,4.45,3.23,11.16,Normal,None
B02473,M01,2026-01-18 04:10:00,188.63,25.28,78.2,4.41,3.82,12.95,Normal,None
B02474,M02,2026-01-18 04:20:00,206.88,23.13,83.28,4.5,3.39,12.74,Normal,None
B02475,M04,2026-01-18 04:30:00,191.33,25.6,90.76,4.61,2.83,12.51,Normal,None
B02476,M04,2026-01-18 04:40:00,192.67,24.23,83.77,4.55,3.62,12.35,Normal,None
B02477,M01,2026-01-18 04:50:00,192.53,24.78,77.48,4.59,3.63,11.83,Normal,None
B02478,M04,2026-01-18 05:00:00,191.71,24.91,91.9,4.45,2.93,12.02,Normal,None
B02479,M03,2026-01-18 05:10:00,192.18,25.45,84.58,4.58,2.54,12.34,Normal,None
B02480,M01,2026-01-18 05:20:00,187.97,25.34,79.43,4.52,3.27,14.12,Normal,None
B02481,M04,2026-01-18 05:30:00,165.72,22.5,75.99,4.69,3.06,12.23,Normal,None
B02482,M03,2026-01-18 05:40:00,191.23,24.14,80.51,4.58,2.96,14.2,Normal,None
B02483,M02,2026-01-18 05:50:00,184.56,23.92,93.18,4.4,3.14,11.46,Normal,None
B02484,M04,2026-01-18 06:00:00,187.66,24.87,77.71,4.49,3.69,12.29,Normal,None
B02485,M04,2026-01-18 06:10:00,192.37,24.08,83.17,4.15,3.12,13.8,Normal,None
B02486,M03,2026-01-18 06:20:00,202.18,24.07,92.24,4.69,3.12,10.52,Normal,None
B02487,M03,2026-01-18 06:30:00,182.62,25.12,87.15,4.44,2.5,11.96,Normal,None
B02488,M03,2026-01-18 06:40:00,140.54,24.35,72.21,5.14,2.23,17.41,Defect,Incomplete_Weld
B02489,M03,2026-01-18 06:50:00,218.99,24.31,84.36,4.58,3.04,12.62,Normal,None
B02490,M03,2026-01-18 07:00:00,222.71,28.28,119.62,4.51,3.32,11.25,Defect,Burn_Through
B02491,M04,2026-01-18 07:10:00,202.57,23.91,86.83,4.83,3.49,9.92,Normal,None
B02492,M01,2026-01-18 07:20:00,204.64,25.35,85.45,4.38,3.01,10.48,Normal,None
B02493,M01,2026-01-18 07:30:00,178.93,24.86,68.51,4.95,3.1,11.08,Normal,None
B02494,M02,2026-01-18 07:40:00,223.93,27.82,118.25,4.75,3.23,14.22,Defect,Burn_Through
B02495,M01,2026-01-18 07:50:00,179.83,25.79,86.1,5.15,3.42,12.62,Normal,None
B02496,M02,2026-01-18 08:00:00,170.07,23.47,73.42,4.34,3.29,11.85,Normal,None
B02497,M04,2026-01-18 08:10:00,192.28,23.69,120.4,4.14,2.29,12.58,Defect,Crack
B02498,M03,2026-01-18 08:20:00,196.35,24.14,83.81,5.28,3.36,13.47,Normal,None
B02499,M03,2026-01-18 08:30:00,194.28,26.34,91.19,4.57,3.56,12.9,Normal,None
B02500,M02,2026-01-18 08:40:00,183.28,24.37,83.33,4.86,3.14,13.39,Normal,None
B02501,M03,2026-01-18 08:50:00,193.66,24.54,88.79,4.86,3.28,12.85,Normal,None
B02502,M02,2026-01-18 09:00:00,176.99,23.18,92.18,4.57,2.68,15.92,Defect,Incomplete_Weld
B02503,M01,2026-01-18 09:10:00,178.73,24.56,86.34,4.1,3.43,10.8,Normal,None
B02504,M03,2026-01-18 09:20:00,191.93,22.47,83.4,4.21,3.27,12.75,Normal,None
B02505,M01,2026-01-18 09:30:00,190.46,24.2,87.14,4.43,2.64,11.61,Normal,None
B02506,M01,2026-01-18 09:40:00,181.71,25.99,78.99,4.58,3.34,11.65,Normal,None
B02507,M02,2026-01-18 09:50:00,194.66,25.3,98.68,4.31,3.52,10.76,Normal,None
B02508,M02,2026-01-18 10:00:00,188.59,25.12,91.48,4.5,3.31,12.34,Normal,None
B02509,M04,2026-01-18 10:10:00,162.82,25.35,86.64,4.56,2.07,12.17,Defect,Incomplete_Weld
B02510,M04,2026-01-18 10:20:00,175.06,23.87,91.18,5.31,2.9,13.23,Normal,None
B02511,M04,2026-01-18 10:30:00,181.72,22.6,81.44,3.93,3.16,11.25,Normal,None
B02512,M01,2026-01-18 10:40:00,198.48,26.32,85.42,4.84,3.11,10.04,Normal,None
B02513,M04,2026-01-18 10:50:00,227.07,29.16,127.44,4.45,3.1,12.41,Defect,Burn_Through
B02514,M01,2026-01-18 11:00:00,202.93,22.13,81.44,4.21,3.57,12.15,Normal,None
B02515,M03,2026-01-18 11:10:00,194.11,24.39,84.09,4.9,3.32,13.16,Normal,None
B02516,M03,2026-01-18 11:20:00,196.63,25.89,73.74,4.42,2.9,12.99,Normal,None
B02517,M03,2026-01-18 11:30:00,201.13,25.5,86.19,4.39,3.31,13.33,Normal,None
B02518,M02,2026-01-18 11:40:00,194.54,26.37,89.65,4.51,3.32,10.74,Normal,None
B02519,M01,2026-01-18 11:50:00,190.8,25.43,76.56,4.34,2.95,11.99,Normal,None
B02520,M04,2026-01-18 12:00:00,184.19,23.48,93.84,4.11,3.64,11.0,Normal,None
B02521,M01,2026-01-18 12:10:00,192.19,24.78,73.75,4.59,2.8,11.33,Normal,None
B02522,M04,2026-01-18 12:20:00,195.49,24.89,92.8,4.57,3.55,10.9,Normal,None
B02523,M04,2026-01-18 12:30:00,182.22,25.64,85.84,4.42,3.27,11.5,Normal,None
B02524,M04,2026-01-18 12:40:00,184.41,24.25,89.71,4.83,3.22,13.17,Normal,None
B02525,M02,2026-01-18 12:50:00,201.73,24.55,132.48,4.47,3.06,12.33,Defect,Crack
B02526,M03,2026-01-18 13:00:00,192.53,24.99,92.58,4.51,3.09,13.77,Normal,None
B02527,M01,2026-01-18 13:10:00,199.95,24.23,94.97,4.95,3.14,13.81,Normal,None
B02528,M04,2026-01-18 13:20:00,187.89,24.73,82.26,4.59,3.12,10.65,Normal,None
B02529,M03,2026-01-18 13:30:00,191.71,24.99,82.06,4.43,3.31,11.87,Normal,None
B02530,M04,2026-01-18 13:40:00,173.62,25.22,88.62,4.8,3.24,12.17,Normal,None
B02531,M02,2026-01-18 13:50:00,183.52,24.49,92.14,4.39,3.08,13.56,Normal,None
B02532,M02,2026-01-18 14:00:00,196.19,25.49,93.35,4.11,3.02,12.98,Normal,None
B02533,M02,2026-01-18 14:10:00,190.95,25.08,89.03,4.28,3.16,12.41,Normal,None
B02534,M04,2026-01-18 14:20:00,255.39,27.48,121.43,4.42,3.12,12.91,Defect,Burn_Through
B02535,M03,2026-01-18 14:30:00,185.02,26.03,83.63,4.54,3.41,11.1,Normal,None
B02536,M03,2026-01-18 14:40:00,178.53,23.03,87.04,4.4,2.9,12.79,Normal,None
B02537,M04,2026-01-18 14:50:00,199.72,25.08,96.47,4.25,3.32,12.22,Normal,None
B02538,M01,2026-01-18 15:00:00,187.11,25.27,78.07,4.81,3.47,10.74,Normal,None
B02539,M04,2026-01-18 15:10:00,194.39,23.47,79.35,4.02,3.21,13.2,Normal,None
B02540,M03,2026-01-18 15:20:00,187.49,24.37,95.2,4.25,3.59,13.87,Normal,None
B02541,M02,2026-01-18 15:30:00,200.55,24.61,87.3,3.75,3.25,10.05,Normal,None
B02542,M01,2026-01-18 15:40:00,195.11,23.19,82.29,4.16,3.61,13.32,Normal,None
B02543,M01,2026-01-18 15:50:00,182.3,22.29,86.46,4.12,2.92,11.38,Normal,None
B02544,M03,2026-01-18 16:00:00,196.34,22.69,90.3,4.4,2.79,10.1,Normal,None
B02545,M03,2026-01-18 16:10:00,203.63,23.71,83.78,4.37,3.14,13.56,Normal,None
B02546,M04,2026-01-18 16:20:00,177.09,25.66,81.34,4.36,3.27,12.96,Normal,None
B02547,M02,2026-01-18 16:30:00,199.12,26.14,83.32,4.16,3.24,11.99,Normal,None
B02548,M01,2026-01-18 16:40:00,190.69,23.85,108.06,4.64,2.8,11.11,Defect,Crack
B02549,M04,2026-01-18 16:50:00,187.55,23.72,83.37,4.24,3.5,12.66,Normal,None
B02550,M01,2026-01-18 17:00:00,228.2,23.87,111.69,3.5,3.52,11.88,Defect,Porosity
B02551,M01,2026-01-18 17:10:00,183.27,25.31,77.76,4.26,3.18,10.65,Normal,None
B02552,M04,2026-01-18 17:20:00,211.68,26.89,82.26,4.19,3.13,11.68,Normal,None
B02553,M02,2026-01-18 17:30:00,181.17,24.7,82.87,4.46,3.69,11.57,Normal,None
B02554,M03,2026-01-18 17:40:00,195.49,25.38,76.31,4.93,3.59,10.14,Normal,None
B02555,M03,2026-01-18 17:50:00,157.13,24.02,83.2,4.75,2.42,14.22,Defect,Incomplete_Weld
B02556,M03,2026-01-18 18:00:00,179.17,23.66,72.49,4.77,3.78,12.22,Normal,None
B02557,M02,2026-01-18 18:10:00,191.23,23.99,84.66,4.38,2.93,10.83,Normal,None
B02558,M04,2026-01-18 18:20:00,177.7,25.97,85.39,4.21,3.3,12.53,Normal,None
B02559,M03,2026-01-18 18:30:00,184.9,24.81,99.13,4.75,3.36,11.48,Normal,None
B02560,M04,2026-01-18 18:40:00,195.63,22.99,83.3,4.53,3.08,13.02,Normal,None
B02561,M03,2026-01-18 18:50:00,201.36,25.14,89.75,4.84,3.32,14.85,Normal,None
B02562,M04,2026-01-18 19:00:00,195.89,24.61,95.11,4.73,2.97,11.52,Normal,None
B02563,M01,2026-01-18 19:10:00,184.79,24.97,84.29,4.99,3.55,12.22,Normal,None
B02564,M01,2026-01-18 19:20:00,189.23,23.96,70.95,4.26,3.24,12.42,Normal,None
B02565,M03,2026-01-18 19:30:00,189.55,23.67,88.46,5.27,3.06,9.57,Normal,None
B02566,M04,2026-01-18 19:40:00,190.24,22.18,81.37,4.83,3.38,10.97,Normal,None
B02567,M04,2026-01-18 19:50:00,198.19,24.75,93.0,4.63,3.14,11.67,Normal,None
B02568,M03,2026-01-18 20:00:00,191.62,23.69,78.96,4.61,3.3,13.36,Normal,None
B02569,M02,2026-01-18 20:10:00,188.97,26.34,114.8,4.24,1.86,12.65,Defect,Crack
B02570,M03,2026-01-18 20:20:00,245.0,27.47,113.23,4.5,3.37,13.07,Defect,Burn_Through
B02571,M01,2026-01-18 20:30:00,187.59,25.65,75.64,3.73,3.09,9.82,Normal,None
B02572,M03,2026-01-18 20:40:00,188.79,24.64,95.93,5.17,3.15,12.2,Normal,None
B02573,M03,2026-01-18 20:50:00,205.66,24.79,92.38,4.73,3.2,10.9,Normal,None
B02574,M04,2026-01-18 21:00:00,194.05,25.26,110.42,4.35,2.03,11.45,Defect,Crack
B02575,M01,2026-01-18 21:10:00,199.35,23.43,86.65,4.74,3.12,11.75,Normal,None
B02576,M03,2026-01-18 21:20:00,187.82,25.43,97.32,4.58,3.25,13.22,Normal,None
B02577,M01,2026-01-18 21:30:00,187.05,25.9,78.64,4.27,3.04,11.87,Normal,None
B02578,M01,2026-01-18 21:40:00,186.58,26.97,86.73,4.77,3.56,12.64,Normal,None
B02579,M01,2026-01-18 21:50:00,195.72,26.34,81.16,4.44,3.45,12.02,Normal,None
B02580,M03,2026-01-18 22:00:00,195.67,22.89,92.44,4.46,3.42,13.09,Normal,None
B02581,M01,2026-01-18 22:10:00,173.09,25.02,81.55,4.78,3.26,11.03,Normal,None
B02582,M04,2026-01-18 22:20:00,186.65,25.95,88.63,4.52,3.45,12.6,Normal,None
B02583,M03,2026-01-18 22:30:00,183.47,24.95,83.19,4.4,3.24,10.57,Normal,None
B02584,M01,2026-01-18 22:40:00,170.82,24.44,79.08,4.12,3.22,13.18,Normal,None
B02585,M01,2026-01-18 22:50:00,210.73,27.1,113.92,4.49,3.11,11.51,Defect,Burn_Through
B02586,M02,2026-01-18 23:00:00,177.99,23.64,71.9,4.66,3.26,10.96,Normal,None
B02587,M01,2026-01-18 23:10:00,192.2,25.2,119.04,4.55,2.51,10.88,Defect,Crack
B02588,M03,2026-01-18 23:20:00,184.46,23.62,87.49,4.6,3.36,12.64,Normal,None
B02589,M01,2026-01-18 23:30:00,178.81,24.59,81.12,4.6,3.1,12.24,Normal,None
B02590,M04,2026-01-18 23:40:00,229.81,23.79,116.25,3.11,3.03,10.24,Defect,Porosity
B02591,M03,2026-01-18 23:50:00,199.65,25.79,87.27,4.59,3.22,12.27,Normal,None
B02592,M04,2026-01-19 00:00:00,189.7,24.57,85.08,4.37,3.1,11.45,Normal,None
B02593,M02,2026-01-19 00:10:00,191.73,24.97,73.96,4.84,2.75,11.98,Normal,None
B02594,M01,2026-01-19 00:20:00,178.68,25.44,87.37,4.62,3.18,12.17,Normal,None
B02595,M03,2026-01-19 00:30:00,194.7,23.85,94.0,4.47,3.09,12.4,Normal,None
B02596,M04,2026-01-19 00:40:00,192.24,23.25,88.68,5.04,3.16,12.37,Normal,None
B02597,M02,2026-01-19 00:50:00,186.29,23.13,88.24,4.4,3.22,11.91,Normal,None
B02598,M04,2026-01-19 01:00:00,193.9,23.12,99.07,4.54,2.9,9.08,Normal,None
B02599,M01,2026-01-19 01:10:00,175.09,25.54,90.35,4.25,3.38,10.71,Normal,None
B02600,M04,2026-01-19 01:20:00,198.69,24.62,75.85,4.67,2.96,12.11,Normal,None
B02601,M01,2026-01-19 01:30:00,186.08,26.44,83.39,4.43,3.35,12.61,Normal,None
B02602,M01,2026-01-19 01:40:00,181.7,24.92,93.91,4.34,2.8,11.58,Normal,None
B02603,M03,2026-01-19 01:50:00,194.96,24.12,90.35,4.92,3.26,10.27,Normal,None
B02604,M03,2026-01-19 02:00:00,185.17,24.31,93.65,4.53,3.13,12.45,Normal,None
B02605,M03,2026-01-19 02:10:00,213.68,24.53,76.94,4.13,3.21,12.16,Normal,None
B02606,M03,2026-01-19 02:20:00,178.7,25.64,83.33,4.62,3.42,10.96,Normal,None
B02607,M01,2026-01-19 02:30:00,184.82,26.16,86.76,4.67,3.67,11.07,Normal,None
B02608,M01,2026-01-19 02:40:00,195.96,26.71,87.23,4.4,3.37,11.02,Normal,None
B02609,M02,2026-01-19 02:50:00,193.76,24.16,86.3,4.29,3.28,12.08,Normal,None
B02610,M03,2026-01-19 03:00:00,177.99,24.12,81.31,3.86,3.34,11.63,Normal,None
B02611,M04,2026-01-19 03:10:00,185.83,23.75,91.56,4.69,3.36,11.11,Normal,None
B02612,M02,2026-01-19 03:20:00,191.08,25.55,85.15,4.77,3.83,10.91,Normal,None
B02613,M03,2026-01-19 03:30:00,200.86,24.48,82.58,4.6,3.21,11.87,Normal,None
B02614,M03,2026-01-19 03:40:00,198.29,23.49,80.91,4.62,3.07,11.58,Normal,None
B02615,M02,2026-01-19 03:50:00,200.05,24.63,79.99,4.28,3.08,12.18,Normal,None
B02616,M01,2026-01-19 04:00:00,204.7,24.77,94.73,4.18,3.38,13.9,Normal,None
B02617,M04,2026-01-19 04:10:00,185.92,25.25,81.48,4.1,3.74,13.16,Normal,None
B02618,M02,2026-01-19 04:20:00,192.51,25.08,80.21,4.9,2.75,13.05,Normal,None
B02619,M02,2026-01-19 04:30:00,178.51,23.81,92.5,4.29,2.86,12.38,Normal,None
B02620,M02,2026-01-19 04:40:00,203.14,24.78,78.79,3.8,3.61,12.39,Normal,None
B02621,M02,2026-01-19 04:50:00,187.36,23.4,88.01,4.86,2.69,10.16,Normal,None
B02622,M04,2026-01-19 05:00:00,216.58,22.97,101.21,4.49,2.96,12.67,Normal,None
B02623,M04,2026-01-19 05:10:00,184.59,23.71,100.51,4.66,3.22,11.49,Normal,None
B02624,M03,2026-01-19 05:20:00,197.3,25.39,97.55,4.45,3.41,12.54,Normal,None
B02625,M02,2026-01-19 05:30:00,165.96,26.77,76.58,4.31,3.23,12.86,Normal,None
B02626,M04,2026-01-19 05:40:00,185.02,22.91,78.9,4.18,3.56,12.76,Normal,None
B02627,M02,2026-01-19 05:50:00,223.85,23.89,107.74,2.93,3.46,11.17,Defect,Porosity
B02628,M01,2026-01-19 06:00:00,188.63,25.34,90.43,4.39,3.06,11.91,Normal,None
B02629,M02,2026-01-19 06:10:00,186.16,22.94,89.29,4.55,3.47,10.98,Normal,None
B02630,M02,2026-01-19 06:20:00,194.09,23.82,81.45,4.26,2.76,12.42,Normal,None
B02631,M02,2026-01-19 06:30:00,232.56,24.85,93.91,3.26,3.03,13.55,Defect,Porosity
B02632,M01,2026-01-19 06:40:00,188.26,25.14,79.29,5.03,2.97,9.72,Normal,None
B02633,M02,2026-01-19 06:50:00,188.25,24.09,87.5,4.53,3.43,12.41,Normal,None
B02634,M04,2026-01-19 07:00:00,192.56,25.13,72.66,4.99,3.2,11.12,Normal,None
B02635,M02,2026-01-19 07:10:00,213.87,25.14,115.82,5.05,2.8,12.99,Defect,Burn_Through
B02636,M03,2026-01-19 07:20:00,189.87,22.68,75.57,4.93,3.42,12.01,Normal,None
B02637,M04,2026-01-19 07:30:00,195.91,25.96,97.64,4.14,2.75,10.91,Normal,None
B02638,M03,2026-01-19 07:40:00,173.09,22.82,86.15,4.44,3.09,10.97,Normal,None
B02639,M03,2026-01-19 07:50:00,202.12,23.64,78.15,4.37,2.84,10.55,Normal,None
B02640,M03,2026-01-19 08:00:00,204.47,26.06,91.7,4.81,3.31,11.32,Normal,None
B02641,M02,2026-01-19 08:10:00,184.17,24.5,73.78,4.32,3.23,12.15,Normal,None
B02642,M03,2026-01-19 08:20:00,184.17,24.69,77.63,4.44,3.18,13.7,Normal,None
B02643,M03,2026-01-19 08:30:00,190.07,24.82,73.34,4.56,3.09,12.03,Normal,None
B02644,M02,2026-01-19 08:40:00,206.41,24.36,91.46,4.9,3.47,10.73,Normal,None
B02645,M04,2026-01-19 08:50:00,190.49,23.84,86.16,4.59,3.46,11.27,Normal,None
B02646,M04,2026-01-19 09:00:00,199.44,25.55,80.7,4.3,2.96,11.89,Normal,None
B02647,M02,2026-01-19 09:10:00,200.36,24.99,80.87,4.58,2.93,11.89,Normal,None
B02648,M02,2026-01-19 09:20:00,173.6,24.53,75.73,4.39,2.84,11.5,Normal,None
B02649,M04,2026-01-19 09:30:00,183.33,25.25,78.22,3.9,3.45,12.84,Normal,None
B02650,M04,2026-01-19 09:40:00,191.61,24.92,76.2,4.42,3.09,8.86,Normal,None
B02651,M03,2026-01-19 09:50:00,198.25,25.44,90.67,4.36,2.93,11.46,Normal,None
B02652,M02,2026-01-19 10:00:00,181.14,25.69,126.34,4.54,2.75,11.75,Defect,Crack
B02653,M03,2026-01-19 10:10:00,192.76,25.16,89.13,4.95,3.17,12.35,Normal,None
B02654,M02,2026-01-19 10:20:00,151.56,25.01,81.9,4.35,2.13,15.6,Defect,Incomplete_Weld
B02655,M04,2026-01-19 10:30:00,194.66,23.46,69.76,4.99,3.22,11.98,Normal,None
B02656,M02,2026-01-19 10:40:00,184.02,24.15,83.41,4.75,3.32,12.65,Normal,None
B02657,M02,2026-01-19 10:50:00,197.79,25.71,77.91,4.39,2.98,13.64,Normal,None
B02658,M02,2026-01-19 11:00:00,196.28,24.4,81.77,4.36,3.19,12.04,Normal,None
B02659,M02,2026-01-19 11:10:00,187.64,24.13,121.1,4.36,2.41,12.85,Defect,Crack
B02660,M04,2026-01-19 11:20:00,235.49,28.05,117.49,4.52,2.94,12.23,Defect,Burn_Through
B02661,M01,2026-01-19 11:30:00,241.69,27.67,121.46,4.81,3.17,11.68,Defect,Burn_Through
B02662,M02,2026-01-19 11:40:00,185.01,24.8,82.61,4.43,3.41,11.61,Normal,None
B02663,M02,2026-01-19 11:50:00,193.68,23.7,82.27,4.51,3.51,11.71,Normal,None
B02664,M01,2026-01-19 12:00:00,195.72,25.49,88.31,4.47,3.0,12.41,Normal,None
B02665,M04,2026-01-19 12:10:00,193.67,24.08,83.47,4.67,3.1,11.35,Normal,None
B02666,M04,2026-01-19 12:20:00,193.26,22.59,75.04,4.69,2.94,10.22,Normal,None
B02667,M01,2026-01-19 12:30:00,180.99,25.05,78.98,3.9,3.43,10.98,Normal,None
B02668,M02,2026-01-19 12:40:00,207.13,24.3,91.4,4.48,3.69,11.09,Normal,None
B02669,M01,2026-01-19 12:50:00,191.49,24.02,77.4,4.88,3.06,13.01,Normal,None
B02670,M03,2026-01-19 13:00:00,196.09,24.77,84.86,4.42,2.84,11.8,Normal,None
B02671,M03,2026-01-19 13:10:00,177.64,24.76,88.27,4.51,1.82,15.73,Defect,Incomplete_Weld
B02672,M01,2026-01-19 13:20:00,183.73,23.75,75.63,3.84,3.53,10.68,Normal,None
B02673,M04,2026-01-19 13:30:00,193.43,25.43,96.09,4.24,3.22,13.1,Normal,None
B02674,M01,2026-01-19 13:40:00,189.97,24.09,88.18,4.56,3.24,12.85,Normal,None
B02675,M01,2026-01-19 13:50:00,190.91,23.47,80.59,4.94,3.3,12.73,Normal,None
B02676,M01,2026-01-19 14:00:00,232.86,24.84,99.03,4.01,3.12,12.45,Defect,Porosity
B02677,M03,2026-01-19 14:10:00,190.42,25.79,101.91,4.54,3.13,13.26,Normal,None
B02678,M02,2026-01-19 14:20:00,186.66,26.25,90.7,4.38,3.33,11.12,Normal,None
B02679,M04,2026-01-19 14:30:00,185.76,22.43,88.65,5.0,3.37,15.33,Normal,None
B02680,M01,2026-01-19 14:40:00,186.75,23.78,84.54,4.54,3.45,11.63,Normal,None
B02681,M04,2026-01-19 14:50:00,180.76,24.21,81.17,4.58,3.31,11.4,Normal,None
B02682,M04,2026-01-19 15:00:00,191.0,24.22,87.77,4.56,3.17,12.15,Normal,None
B02683,M01,2026-01-19 15:10:00,186.52,26.13,72.55,4.97,3.4,12.63,Normal,None
B02684,M04,2026-01-19 15:20:00,194.31,22.09,81.47,4.46,3.75,9.8,Normal,None
B02685,M02,2026-01-19 15:30:00,205.04,24.21,72.67,4.72,3.16,14.12,Normal,None
B02686,M04,2026-01-19 15:40:00,181.49,24.87,74.69,4.63,3.25,9.78,Normal,None
B02687,M01,2026-01-19 15:50:00,216.46,22.22,82.21,3.97,2.69,10.67,Normal,None
B02688,M04,2026-01-19 16:00:00,192.08,23.47,92.97,4.49,3.21,12.4,Normal,None
B02689,M01,2026-01-19 16:10:00,177.33,25.14,88.6,4.06,3.71,12.76,Normal,None
B02690,M03,2026-01-19 16:20:00,190.95,24.57,81.91,4.62,3.04,11.21,Normal,None
B02691,M03,2026-01-19 16:30:00,187.16,25.53,70.49,4.66,3.22,10.45,Normal,None
B02692,M03,2026-01-19 16:40:00,177.21,24.17,84.41,4.43,3.1,14.27,Normal,None
B02693,M02,2026-01-19 16:50:00,186.06,24.58,97.98,4.77,2.77,11.85,Normal,None
B02694,M01,2026-01-19 17:00:00,182.55,23.79,76.26,4.96,3.15,12.28,Normal,None
B02695,M03,2026-01-19 17:10:00,182.22,23.74,90.15,4.21,3.77,12.47,Normal,None
B02696,M02,2026-01-19 17:20:00,185.72,24.37,95.66,4.87,3.24,12.44,Normal,None
B02697,M03,2026-01-19 17:30:00,187.58,24.12,75.04,4.79,2.9,10.95,Normal,None
B02698,M04,2026-01-19 17:40:00,205.84,23.58,81.11,4.49,3.25,12.36,Normal,None
B02699,M01,2026-01-19 17:50:00,191.13,26.05,85.7,4.09,3.39,11.76,Normal,None
B02700,M04,2026-01-19 18:00:00,193.39,24.03,92.14,4.35,3.17,11.31,Normal,None
B02701,M02,2026-01-19 18:10:00,174.69,24.25,87.6,4.29,3.31,13.32,Normal,None
B02702,M02,2026-01-19 18:20:00,190.55,24.02,82.99,4.7,3.22,11.98,Normal,None
B02703,M04,2026-01-19 18:30:00,159.37,24.21,83.38,4.12,2.29,13.79,Defect,Incomplete_Weld
B02704,M02,2026-01-19 18:40:00,198.64,23.36,94.38,4.56,2.67,11.96,Normal,None
B02705,M04,2026-01-19 18:50:00,191.41,26.39,73.84,3.67,3.34,11.83,Normal,None
B02706,M04,2026-01-19 19:00:00,199.08,25.27,73.86,5.17,3.34,12.57,Normal,None
B02707,M03,2026-01-19 19:10:00,173.3,23.87,77.83,4.05,3.08,10.59,Normal,None
B02708,M04,2026-01-19 19:20:00,189.11,25.42,88.81,4.11,2.75,11.88,Normal,None
B02709,M04,2026-01-19 19:30:00,182.86,24.33,103.66,4.5,3.39,13.45,Normal,None
B02710,M03,2026-01-19 19:40:00,178.12,23.92,76.45,4.13,3.25,12.15,Normal,None
B02711,M01,2026-01-19 19:50:00,188.28,24.24,117.6,4.57,2.71,12.39,Defect,Crack
B02712,M04,2026-01-19 20:00:00,179.4,26.03,85.13,4.03,3.66,12.57,Normal,None
B02713,M03,2026-01-19 20:10:00,192.62,26.58,76.25,4.62,3.61,10.72,Normal,None
B02714,M01,2026-01-19 20:20:00,198.89,24.74,79.83,4.75,3.5,11.76,Normal,None
B02715,M04,2026-01-19 20:30:00,174.95,24.34,93.45,4.1,3.51,10.92,Normal,None
B02716,M02,2026-01-19 20:40:00,197.07,23.9,92.02,4.3,3.68,10.78,Normal,None
B02717,M04,2026-01-19 20:50:00,197.81,23.28,76.07,4.9,3.14,11.54,Normal,None
B02718,M04,2026-01-19 21:00:00,195.95,25.55,81.73,5.08,3.27,11.29,Normal,None
B02719,M03,2026-01-19 21:10:00,197.11,24.67,85.17,4.57,3.37,13.17,Normal,None
B02720,M03,2026-01-19 21:20:00,191.78,24.45,127.08,4.35,2.93,13.13,Defect,Crack
B02721,M03,2026-01-19 21:30:00,212.34,22.56,77.71,5.23,2.78,12.26,Normal,None
B02722,M03,2026-01-19 21:40:00,191.9,23.18,121.57,5.05,2.4,12.2,Defect,Crack
B02723,M04,2026-01-19 21:50:00,182.02,25.05,95.14,4.55,3.02,13.47,Normal,None
B02724,M04,2026-01-19 22:00:00,221.86,23.03,75.77,4.44,2.58,12.36,Normal,None
B02725,M02,2026-01-19 22:10:00,190.89,21.77,111.47,4.55,1.9,12.94,Defect,Crack
B02726,M04,2026-01-19 22:20:00,194.27,23.14,122.17,4.45,2.35,11.37,Defect,Crack
B02727,M02,2026-01-19 22:30:00,206.92,26.11,84.04,4.11,3.42,11.69,Normal,None
B02728,M01,2026-01-19 22:40:00,185.41,23.44,90.5,4.14,2.71,11.7,Normal,None
B02729,M01,2026-01-19 22:50:00,197.19,23.53,95.21,4.69,3.23,10.84,Normal,None
B02730,M02,2026-01-19 23:00:00,184.4,27.05,89.21,4.65,2.99,12.94,Normal,None
B02731,M02,2026-01-19 23:10:00,187.76,25.31,81.44,4.95,3.27,10.82,Normal,None
B02732,M04,2026-01-19 23:20:00,180.98,24.8,83.2,4.87,3.57,12.75,Normal,None
B02733,M03,2026-01-19 23:30:00,170.51,24.73,92.62,4.26,3.11,11.32,Normal,None
B02734,M04,2026-01-19 23:40:00,180.32,26.19,93.85,4.2,2.59,9.79,Normal,None
B02735,M02,2026-01-19 23:50:00,198.7,23.52,76.8,4.31,3.2,12.51,Normal,None
B02736,M03,2026-01-20 00:00:00,184.13,25.18,82.78,4.25,3.3,12.0,Normal,None
B02737,M01,2026-01-20 00:10:00,194.34,23.63,92.05,5.04,3.19,11.78,Normal,None
B02738,M02,2026-01-20 00:20:00,194.34,26.32,84.98,4.23,2.56,12.33,Normal,None
B02739,M01,2026-01-20 00:30:00,182.28,25.05,77.99,4.82,3.28,12.69,Normal,None
B02740,M01,2026-01-20 00:40:00,198.59,25.25,90.96,4.63,3.09,10.66,Normal,None
B02741,M02,2026-01-20 00:50:00,186.97,23.03,86.13,4.51,3.1,13.04,Normal,None
B02742,M03,2026-01-20 01:00:00,168.45,22.87,80.92,4.52,3.22,13.07,Normal,None
B02743,M03,2026-01-20 01:10:00,222.52,22.84,111.39,3.66,3.18,12.61,Defect,Porosity
B02744,M04,2026-01-20 01:20:00,190.54,25.06,92.02,4.51,3.19,11.24,Normal,None
B02745,M03,2026-01-20 01:30:00,181.02,23.53,87.05,4.37,2.92,11.27,Normal,None
B02746,M03,2026-01-20 01:40:00,197.72,24.3,82.6,4.43,3.28,10.89,Normal,None
B02747,M02,2026-01-20 01:50:00,194.03,24.8,114.46,5.16,2.49,11.82,Defect,Crack
B02748,M04,2026-01-20 02:00:00,186.38,24.61,88.06,4.75,3.61,13.63,Normal,None
B02749,M01,2026-01-20 02:10:00,198.07,25.1,77.02,4.32,3.05,10.86,Normal,None
B02750,M01,2026-01-20 02:20:00,180.83,25.06,82.58,4.5,3.27,13.28,Normal,None
B02751,M01,2026-01-20 02:30:00,189.06,23.29,80.32,4.76,3.45,11.51,Normal,None
B02752,M04,2026-01-20 02:40:00,198.03,24.97,78.19,4.25,3.28,11.93,Normal,None
B02753,M04,2026-01-20 02:50:00,189.72,23.99,84.32,4.29,3.27,11.05,Normal,None
B02754,M04,2026-01-20 03:00:00,197.08,24.42,85.59,5.04,3.31,10.7,Normal,None
B02755,M03,2026-01-20 03:10:00,198.43,23.53,92.46,3.77,3.11,12.48,Normal,None
B02756,M01,2026-01-20 03:20:00,241.0,28.84,115.18,4.27,3.66,12.15,Defect,Burn_Through
B02757,M01,2026-01-20 03:30:00,179.41,25.77,87.23,4.23,3.39,11.58,Normal,None
B02758,M02,2026-01-20 03:40:00,163.58,25.78,106.47,4.48,2.71,11.68,Defect,Crack
B02759,M04,2026-01-20 03:50:00,190.33,25.37,86.23,4.43,3.38,12.89,Normal,None
B02760,M01,2026-01-20 04:00:00,184.83,26.3,85.1,4.76,3.15,12.46,Normal,None
B02761,M02,2026-01-20 04:10:00,183.77,24.08,118.83,4.45,2.81,10.69,Defect,Crack
B02762,M01,2026-01-20 04:20:00,195.76,22.64,82.17,4.6,2.62,11.51,Normal,None
B02763,M01,2026-01-20 04:30:00,187.11,24.3,88.68,4.18,3.42,10.48,Normal,None
B02764,M01,2026-01-20 04:40:00,203.27,24.65,85.26,4.78,3.29,12.33,Normal,None
B02765,M04,2026-01-20 04:50:00,206.62,23.96,82.92,5.29,3.18,11.12,Normal,None
B02766,M02,2026-01-20 05:00:00,196.98,24.09,66.55,4.76,3.38,11.44,Normal,None
B02767,M04,2026-01-20 05:10:00,198.2,23.94,86.17,4.62,3.41,13.33,Normal,None
B02768,M04,2026-01-20 05:20:00,197.08,23.43,90.07,4.51,3.04,10.61,Normal,None
B02769,M04,2026-01-20 05:30:00,172.13,23.52,83.66,4.29,3.49,10.93,Normal,None
B02770,M02,2026-01-20 05:40:00,194.87,25.27,83.77,4.52,3.62,11.87,Normal,None
B02771,M02,2026-01-20 05:50:00,190.54,26.31,86.95,4.5,3.48,11.18,Normal,None
B02772,M04,2026-01-20 06:00:00,194.94,24.84,104.44,4.79,3.13,11.32,Normal,None
B02773,M03,2026-01-20 06:10:00,240.9,27.68,146.43,4.42,3.46,10.14,Defect,Burn_Through
B02774,M01,2026-01-20 06:20:00,178.72,23.81,85.07,4.51,3.29,11.89,Normal,None
B02775,M03,2026-01-20 06:30:00,189.28,25.9,89.85,4.15,3.06,10.26,Normal,None
B02776,M02,2026-01-20 06:40:00,230.15,27.38,117.97,4.12,3.13,12.82,Defect,Burn_Through
B02777,M03,2026-01-20 06:50:00,181.38,24.52,86.46,4.23,3.43,12.35,Normal,None
B02778,M02,2026-01-20 07:00:00,190.45,22.94,93.31,4.22,3.14,11.48,Normal,None
B02779,M03,2026-01-20 07:10:00,208.89,24.4,80.64,4.72,3.44,14.31,Normal,None
B02780,M04,2026-01-20 07:20:00,183.31,25.25,88.15,4.97,3.94,12.96,Normal,None
B02781,M03,2026-01-20 07:30:00,183.44,23.2,81.99,3.93,3.31,11.49,Normal,None
B02782,M04,2026-01-20 07:40:00,203.81,24.78,69.97,4.06,2.86,12.15,Normal,None
B02783,M04,2026-01-20 07:50:00,186.2,25.21,127.08,4.77,2.66,13.54,Defect,Crack
B02784,M04,2026-01-20 08:00:00,190.84,23.95,69.1,4.84,3.37,13.78,Normal,None
B02785,M02,2026-01-20 08:10:00,190.69,24.12,88.44,4.72,3.09,12.41,Normal,None
B02786,M03,2026-01-20 08:20:00,185.8,23.96,87.49,4.79,3.31,11.85,Normal,None
B02787,M01,2026-01-20 08:30:00,179.21,25.1,73.85,4.21,2.81,11.7,Normal,None
B02788,M01,2026-01-20 08:40:00,183.9,24.0,82.68,4.79,2.84,11.24,Normal,None
B02789,M04,2026-01-20 08:50:00,230.5,27.73,119.85,4.06,2.93,11.23,Defect,Burn_Through
B02790,M04,2026-01-20 09:00:00,185.28,23.6,88.5,4.18,3.14,10.9,Normal,None
B02791,M04,2026-01-20 09:10:00,186.52,24.97,87.09,4.43,3.28,11.2,Normal,None
B02792,M04,2026-01-20 09:20:00,187.77,25.61,94.87,4.37,3.11,12.07,Normal,None
B02793,M04,2026-01-20 09:30:00,186.27,22.51,85.71,4.68,2.92,11.07,Normal,None
B02794,M04,2026-01-20 09:40:00,183.47,23.85,83.47,4.45,3.27,9.75,Normal,None
B02795,M04,2026-01-20 09:50:00,191.29,25.43,85.77,4.51,3.63,11.04,Normal,None
B02796,M03,2026-01-20 10:00:00,196.23,24.43,76.02,4.3,3.36,13.49,Normal,None
B02797,M02,2026-01-20 10:10:00,188.82,24.67,81.83,5.03,3.12,11.36,Normal,None
B02798,M01,2026-01-20 10:20:00,202.03,25.95,85.67,5.09,3.11,12.78,Normal,None
B02799,M01,2026-01-20 10:30:00,194.83,24.36,78.65,4.72,3.53,12.05,Normal,None
B02800,M04,2026-01-20 10:40:00,204.46,24.65,91.09,4.4,3.11,11.64,Normal,None
B02801,M04,2026-01-20 10:50:00,200.75,25.55,85.16,5.02,3.1,12.57,Normal,None
B02802,M04,2026-01-20 11:00:00,169.93,22.92,94.2,4.21,3.16,10.65,Normal,None
B02803,M04,2026-01-20 11:10:00,199.47,25.99,86.2,4.8,3.42,12.02,Normal,None
B02804,M03,2026-01-20 11:20:00,188.58,22.8,89.64,4.47,3.14,11.94,Normal,None
B02805,M01,2026-01-20 11:30:00,207.79,25.89,81.8,4.85,3.06,11.97,Normal,None
B02806,M02,2026-01-20 11:40:00,229.37,26.5,123.73,4.48,2.91,10.34,Defect,Burn_Through
B02807,M03,2026-01-20 11:50:00,181.66,26.15,84.88,5.08,3.28,9.97,Normal,None
B02808,M03,2026-01-20 12:00:00,199.54,25.14,79.88,4.29,2.53,11.16,Normal,None
B02809,M04,2026-01-20 12:10:00,171.27,25.77,77.52,4.27,3.45,11.45,Normal,None
B02810,M04,2026-01-20 12:20:00,179.59,25.39,87.6,4.19,3.28,13.69,Normal,None
B02811,M03,2026-01-20 12:30:00,183.88,25.33,107.53,4.51,2.59,9.5,Defect,Crack
B02812,M01,2026-01-20 12:40:00,180.85,23.91,79.37,5.06,3.07,13.24,Normal,None
B02813,M01,2026-01-20 12:50:00,184.7,24.4,73.04,4.19,3.19,11.67,Normal,None
B02814,M02,2026-01-20 13:00:00,201.45,23.41,89.37,4.79,3.2,12.79,Normal,None
B02815,M01,2026-01-20 13:10:00,202.96,23.68,81.3,4.86,3.09,12.22,Normal,None
B02816,M02,2026-01-20 13:20:00,200.05,25.4,111.02,4.61,2.46,12.71,Defect,Crack
B02817,M04,2026-01-20 13:30:00,183.22,22.36,79.6,4.28,3.07,11.18,Normal,None
B02818,M01,2026-01-20 13:40:00,201.6,23.99,83.98,3.84,2.97,12.97,Normal,None
B02819,M02,2026-01-20 13:50:00,196.18,24.22,76.11,4.82,2.78,13.38,Normal,None
B02820,M02,2026-01-20 14:00:00,175.17,23.09,87.66,4.17,3.48,11.5,Normal,None
B02821,M01,2026-01-20 14:10:00,183.26,23.96,85.66,4.6,3.43,12.27,Normal,None
B02822,M02,2026-01-20 14:20:00,164.67,26.5,71.98,4.62,2.1,16.09,Defect,Incomplete_Weld
B02823,M03,2026-01-20 14:30:00,161.49,23.17,79.19,4.8,3.58,11.63,Normal,None
B02824,M02,2026-01-20 14:40:00,201.95,26.03,83.84,4.3,3.26,13.83,Normal,None
B02825,M03,2026-01-20 14:50:00,192.49,23.22,82.52,4.95,3.2,9.72,Normal,None
B02826,M01,2026-01-20 15:00:00,186.75,25.56,80.58,4.86,3.36,12.47,Normal,None
B02827,M01,2026-01-20 15:10:00,193.83,24.87,90.68,4.54,3.47,12.31,Normal,None
B02828,M04,2026-01-20 15:20:00,181.79,25.36,74.23,4.48,3.59,11.9,Normal,None
B02829,M03,2026-01-20 15:30:00,195.7,25.12,90.01,5.13,2.81,10.88,Normal,None
B02830,M04,2026-01-20 15:40:00,192.94,24.32,96.12,4.46,2.02,12.5,Defect,Crack
B02831,M03,2026-01-20 15:50:00,183.39,23.77,81.24,4.55,3.12,11.43,Normal,None
B02832,M01,2026-01-20 16:00:00,187.38,24.14,83.77,4.3,3.34,11.42,Normal,None
B02833,M03,2026-01-20 16:10:00,202.74,24.88,77.53,4.04,2.84,13.26,Normal,None
B02834,M03,2026-01-20 16:20:00,193.74,25.56,86.82,4.79,2.87,13.63,Normal,None
B02835,M02,2026-01-20 16:30:00,188.18,23.84,93.56,4.08,3.13,12.79,Normal,None
B02836,M03,2026-01-20 16:40:00,186.16,23.58,85.58,4.08,3.05,12.26,Normal,None
B02837,M02,2026-01-20 16:50:00,187.01,24.28,126.49,4.82,2.36,12.1,Defect,Crack
B02838,M03,2026-01-20 17:00:00,217.81,23.95,97.94,2.97,3.31,10.81,Defect,Porosity
B02839,M01,2026-01-20 17:10:00,201.53,26.95,78.5,4.63,3.55,10.8,Normal,None
B02840,M01,2026-01-20 17:20:00,199.42,24.11,93.59,4.74,3.04,11.36,Normal,None
B02841,M04,2026-01-20 17:30:00,181.13,24.39,85.46,4.0,3.4,11.88,Normal,None
B02842,M03,2026-01-20 17:40:00,193.57,24.76,81.87,4.2,3.15,10.48,Normal,None
B02843,M01,2026-01-20 17:50:00,202.78,24.26,87.44,4.91,3.34,11.45,Normal,None
B02844,M03,2026-01-20 18:00:00,172.65,25.48,85.08,4.42,3.35,10.26,Normal,None
B02845,M04,2026-01-20 18:10:00,181.99,23.48,71.03,4.35,2.77,11.92,Normal,None
B02846,M03,2026-01-20 18:20:00,195.43,22.65,84.54,3.97,3.14,11.78,Normal,None
B02847,M03,2026-01-20 18:30:00,205.04,27.61,104.56,4.81,3.64,11.34,Defect,Burn_Through
B02848,M03,2026-01-20 18:40:00,178.03,24.55,74.81,4.62,3.34,10.5,Normal,None
B02849,M03,2026-01-20 18:50:00,172.06,25.45,96.72,4.62,2.66,10.48,Normal,None
B02850,M01,2026-01-20 19:00:00,186.26,25.26,87.97,4.97,3.3,12.69,Normal,None
B02851,M02,2026-01-20 19:10:00,174.64,25.27,79.58,4.63,3.1,11.9,Normal,None
B02852,M04,2026-01-20 19:20:00,190.06,24.31,85.46,4.48,3.1,12.61,Normal,None
B02853,M01,2026-01-20 19:30:00,199.05,22.69,73.72,4.67,3.26,12.52,Normal,None
B02854,M01,2026-01-20 19:40:00,201.59,25.02,63.28,4.6,3.29,10.83,Normal,None
B02855,M04,2026-01-20 19:50:00,197.19,24.65,81.82,4.59,2.7,11.81,Normal,None
B02856,M01,2026-01-20 20:00:00,150.72,23.32,99.93,4.87,2.16,14.43,Defect,Incomplete_Weld
B02857,M04,2026-01-20 20:10:00,190.52,24.17,71.24,4.61,3.2,11.81,Normal,None
B02858,M03,2026-01-20 20:20:00,199.62,24.15,91.78,4.52,3.36,11.36,Normal,None
B02859,M01,2026-01-20 20:30:00,194.3,24.65,84.64,4.63,3.26,10.94,Normal,None
B02860,M04,2026-01-20 20:40:00,196.56,23.73,82.9,4.77,3.26,12.69,Normal,None
B02861,M03,2026-01-20 20:50:00,212.3,26.47,103.51,2.85,3.01,9.86,Defect,Porosity
B02862,M04,2026-01-20 21:00:00,173.56,25.35,77.23,4.29,3.22,12.38,Normal,None
B02863,M04,2026-01-20 21:10:00,179.81,24.88,80.33,5.03,3.14,12.92,Normal,None
B02864,M01,2026-01-20 21:20:00,194.56,24.36,85.0,4.69,3.0,10.43,Normal,None
B02865,M04,2026-01-20 21:30:00,185.55,22.94,83.89,4.56,3.27,13.49,Normal,None
B02866,M04,2026-01-20 21:40:00,184.46,25.22,86.97,4.22,3.08,11.91,Normal,None
B02867,M03,2026-01-20 21:50:00,172.31,25.05,79.16,4.18,3.17,11.48,Normal,None
B02868,M01,2026-01-20 22:00:00,206.22,23.75,88.77,4.75,3.11,11.9,Normal,None
B02869,M04,2026-01-20 22:10:00,183.27,23.58,70.6,4.16,2.8,13.04,Normal,None
B02870,M03,2026-01-20 22:20:00,191.76,24.62,80.65,4.31,3.16,12.06,Normal,None
B02871,M04,2026-01-20 22:30:00,233.49,28.07,137.95,4.35,3.13,10.0,Defect,Burn_Through
B02872,M04,2026-01-20 22:40:00,192.71,21.95,88.87,4.34,3.16,11.3,Normal,None
B02873,M02,2026-01-20 22:50:00,189.4,24.08,90.53,4.65,3.11,10.28,Normal,None
B02874,M03,2026-01-20 23:00:00,195.66,25.76,117.72,4.78,2.51,12.03,Defect,Crack
B02875,M01,2026-01-20 23:10:00,179.3,24.25,87.2,4.35,3.2,12.88,Normal,None
B02876,M04,2026-01-20 23:20:00,198.61,23.83,92.83,4.67,2.94,13.67,Normal,None
B02877,M02,2026-01-20 23:30:00,201.6,23.95,82.08,4.68,3.63,12.28,Normal,None
B02878,M03,2026-01-20 23:40:00,197.12,24.79,69.09,4.7,3.12,13.63,Normal,None
B02879,M04,2026-01-20 23:50:00,218.64,26.8,117.18,4.89,2.95,11.83,Defect,Burn_Through
B02880,M01,2026-01-21 00:00:00,192.51,24.76,83.09,4.74,2.89,12.99,Normal,None
B02881,M03,2026-01-21 00:10:00,193.78,25.28,96.26,4.68,2.93,12.36,Normal,None
B02882,M02,2026-01-21 00:20:00,185.23,22.68,63.76,4.94,3.08,11.31,Normal,None
B02883,M02,2026-01-21 00:30:00,188.05,25.49,85.04,3.85,3.48,11.15,Normal,None
B02884,M03,2026-01-21 00:40:00,188.51,25.45,86.64,4.01,2.9,12.17,Normal,None
B02885,M03,2026-01-21 00:50:00,202.74,25.73,91.09,4.65,3.55,10.25,Normal,None
B02886,M04,2026-01-21 01:00:00,171.84,25.49,84.12,4.37,3.69,12.49,Normal,None
B02887,M01,2026-01-21 01:10:00,215.43,25.1,99.41,4.71,2.53,11.94,Defect,Crack
B02888,M02,2026-01-21 01:20:00,225.74,23.88,113.61,2.67,3.11,11.16,Defect,Porosity
B02889,M01,2026-01-21 01:30:00,184.22,24.12,90.39,4.56,3.0,12.64,Normal,None
B02890,M03,2026-01-21 01:40:00,199.32,23.82,82.23,4.34,3.59,13.34,Normal,None
B02891,M02,2026-01-21 01:50:00,184.27,23.31,80.27,4.36,3.04,11.38,Normal,None
B02892,M02,2026-01-21 02:00:00,193.05,23.88,87.43,5.14,3.1,12.44,Normal,None
B02893,M04,2026-01-21 02:10:00,196.52,27.36,82.07,4.21,3.31,10.82,Normal,None
B02894,M02,2026-01-21 02:20:00,202.6,23.99,85.44,4.71,3.27,13.02,Normal,None
B02895,M03,2026-01-21 02:30:00,185.6,24.94,79.39,4.11,3.45,10.48,Normal,None
B02896,M04,2026-01-21 02:40:00,198.54,25.31,77.35,4.41,2.98,12.97,Normal,None
B02897,M04,2026-01-21 02:50:00,222.46,27.91,111.76,4.48,2.86,12.05,Defect,Burn_Through
B02898,M04,2026-01-21 03:00:00,181.92,25.24,91.11,4.84,2.97,12.04,Normal,None
B02899,M03,2026-01-21 03:10:00,180.78,23.43,81.79,5.2,3.27,11.63,Normal,None
B02900,M03,2026-01-21 03:20:00,212.66,25.5,75.42,3.99,3.08,13.62,Normal,None
B02901,M01,2026-01-21 03:30:00,181.7,23.05,98.89,4.63,3.33,9.12,Normal,None
B02902,M01,2026-01-21 03:40:00,178.73,23.82,71.93,4.54,3.11,11.73,Normal,None
B02903,M01,2026-01-21 03:50:00,180.83,25.32,81.5,4.19,3.49,13.19,Normal,None
B02904,M03,2026-01-21 04:00:00,180.23,23.55,81.78,4.63,3.3,10.84,Normal,None
B02905,M01,2026-01-21 04:10:00,210.02,25.46,83.48,4.76,3.13,11.4,Normal,None
B02906,M01,2026-01-21 04:20:00,184.72,25.48,73.79,4.54,3.31,10.71,Normal,None
B02907,M04,2026-01-21 04:30:00,195.38,24.12,91.35,4.28,2.83,11.24,Normal,None
B02908,M04,2026-01-21 04:40:00,233.51,25.93,106.36,4.73,3.06,11.39,Defect,Burn_Through
B02909,M04,2026-01-21 04:50:00,195.2,24.45,75.98,4.62,3.15,10.03,Normal,None
B02910,M01,2026-01-21 05:00:00,186.53,25.05,80.95,3.8,3.24,13.09,Normal,None
B02911,M03,2026-01-21 05:10:00,184.73,24.08,84.91,4.11,3.06,13.61,Normal,None
B02912,M02,2026-01-21 05:20:00,197.25,23.16,88.99,3.89,3.32,10.9,Normal,None
B02913,M04,2026-01-21 05:30:00,172.9,22.4,78.01,4.63,3.14,12.22,Normal,None
B02914,M03,2026-01-21 05:40:00,164.93,23.18,96.65,4.31,2.1,14.9,Defect,Incomplete_Weld
B02915,M03,2026-01-21 05:50:00,208.39,23.58,96.3,4.12,2.91,11.56,Normal,None
B02916,M03,2026-01-21 06:00:00,200.9,24.36,87.57,4.75,3.81,10.36,Normal,None
B02917,M01,2026-01-21 06:10:00,201.43,23.86,93.88,4.92,3.02,12.55,Normal,None
B02918,M02,2026-01-21 06:20:00,185.66,23.85,88.18,4.72,3.15,12.33,Normal,None
B02919,M03,2026-01-21 06:30:00,242.96,23.67,99.98,3.36,3.62,12.42,Defect,Porosity
B02920,M04,2026-01-21 06:40:00,206.33,23.95,114.79,3.39,3.61,12.78,Defect,Porosity
B02921,M04,2026-01-21 06:50:00,174.39,26.17,85.18,4.48,3.12,15.04,Normal,None
B02922,M01,2026-01-21 07:00:00,203.06,23.98,67.82,4.64,3.99,11.53,Normal,None
B02923,M03,2026-01-21 07:10:00,189.25,24.28,122.01,5.25,2.24,10.59,Defect,Crack
B02924,M01,2026-01-21 07:20:00,189.51,24.49,84.28,4.61,2.99,10.76,Normal,None
B02925,M02,2026-01-21 07:30:00,140.93,23.94,68.47,4.42,2.59,14.97,Defect,Incomplete_Weld
B02926,M01,2026-01-21 07:40:00,196.19,23.9,66.3,4.44,3.57,12.73,Normal,None
B02927,M02,2026-01-21 07:50:00,173.82,22.27,89.62,4.35,3.2,11.82,Normal,None
B02928,M03,2026-01-21 08:00:00,196.33,23.88,84.52,4.87,3.25,12.55,Normal,None
B02929,M01,2026-01-21 08:10:00,166.76,23.48,84.24,4.84,2.81,11.85,Normal,None
B02930,M02,2026-01-21 08:20:00,179.11,24.42,91.36,4.73,3.15,11.64,Normal,None
B02931,M03,2026-01-21 08:30:00,186.21,24.35,90.56,4.73,3.12,11.81,Normal,None
B02932,M04,2026-01-21 08:40:00,168.2,26.38,89.33,4.72,3.42,12.1,Normal,None
B02933,M02,2026-01-21 08:50:00,201.25,24.77,99.56,4.31,3.01,13.12,Normal,None
B02934,M04,2026-01-21 09:00:00,192.16,23.34,85.63,4.82,3.22,11.62,Normal,None
B02935,M04,2026-01-21 09:10:00,180.14,24.29,81.17,4.38,2.99,11.85,Normal,None
B02936,M04,2026-01-21 09:20:00,198.57,24.78,103.7,3.92,3.38,12.69,Normal,None
B02937,M03,2026-01-21 09:30:00,178.43,25.4,84.23,4.95,3.08,11.26,Normal,None
B02938,M03,2026-01-21 09:40:00,189.55,24.61,89.26,4.32,3.16,10.15,Normal,None
B02939,M04,2026-01-21 09:50:00,198.15,24.89,83.29,4.75,3.08,12.36,Normal,None
B02940,M04,2026-01-21 10:00:00,190.95,24.67,79.74,4.39,3.02,11.79,Normal,None
B02941,M01,2026-01-21 10:10:00,196.32,23.98,84.6,4.37,3.04,11.72,Normal,None
B02942,M03,2026-01-21 10:20:00,203.15,24.03,72.24,4.67,3.09,10.18,Normal,None
B02943,M02,2026-01-21 10:30:00,190.51,25.02,76.13,4.26,3.14,12.09,Normal,None
B02944,M04,2026-01-21 10:40:00,188.95,25.27,83.55,4.16,3.06,11.93,Normal,None
B02945,M03,2026-01-21 10:50:00,205.01,25.12,77.55,4.57,3.1,13.66,Normal,None
B02946,M02,2026-01-21 11:00:00,197.4,23.13,74.83,4.3,3.41,13.76,Normal,None
B02947,M01,2026-01-21 11:10:00,196.69,27.56,72.49,4.15,3.47,12.55,Normal,None
B02948,M02,2026-01-21 11:20:00,181.55,22.71,92.88,3.94,3.23,12.11,Normal,None
B02949,M02,2026-01-21 11:30:00,178.21,23.97,90.79,3.77,2.82,11.62,Normal,None
B02950,M02,2026-01-21 11:40:00,187.06,26.01,63.42,4.28,2.65,12.16,Normal,None
B02951,M03,2026-01-21 11:50:00,185.42,24.78,87.32,4.02,2.79,12.42,Normal,None
B02952,M03,2026-01-21 12:00:00,191.74,22.59,81.24,4.17,2.87,12.16,Normal,None
B02953,M01,2026-01-21 12:10:00,198.88,24.38,79.95,4.3,3.03,12.43,Normal,None
B02954,M02,2026-01-21 12:20:00,182.64,22.9,79.38,4.69,3.19,12.49,Normal,None
B02955,M03,2026-01-21 12:30:00,190.18,24.01,90.45,4.47,3.09,10.82,Normal,None
B02956,M04,2026-01-21 12:40:00,195.24,24.19,76.83,4.41,3.54,12.4,Normal,None
B02957,M01,2026-01-21 12:50:00,241.91,25.72,120.08,3.05,2.98,12.02,Defect,Porosity
B02958,M04,2026-01-21 13:00:00,186.08,23.96,73.76,4.6,3.29,10.29,Normal,None
B02959,M03,2026-01-21 13:10:00,243.38,25.11,125.75,4.66,2.94,11.57,Defect,Burn_Through
B02960,M03,2026-01-21 13:20:00,171.18,25.1,104.89,4.7,2.73,10.9,Defect,Crack
B02961,M01,2026-01-21 13:30:00,178.53,24.9,76.33,5.35,2.89,12.24,Normal,None
B02962,M04,2026-01-21 13:40:00,192.05,24.07,75.24,4.5,3.03,12.81,Normal,None
B02963,M04,2026-01-21 13:50:00,218.51,27.81,130.08,4.74,3.52,12.32,Defect,Burn_Through
B02964,M01,2026-01-21 14:00:00,153.63,26.15,69.67,4.87,2.75,15.7,Defect,Incomplete_Weld
B02965,M01,2026-01-21 14:10:00,178.45,24.8,83.4,4.6,3.12,10.66,Normal,None
B02966,M02,2026-01-21 14:20:00,191.64,25.0,72.12,4.15,3.06,12.85,Normal,None
B02967,M01,2026-01-21 14:30:00,206.01,23.98,89.19,4.3,3.33,13.24,Normal,None
B02968,M01,2026-01-21 14:40:00,191.2,25.84,82.94,4.48,3.58,12.23,Normal,None
B02969,M03,2026-01-21 14:50:00,189.27,24.54,99.43,4.98,3.21,11.32,Normal,None
B02970,M01,2026-01-21 15:00:00,198.29,23.92,91.22,4.55,3.27,12.22,Normal,None
B02971,M02,2026-01-21 15:10:00,194.15,24.8,91.54,4.21,3.42,13.11,Normal,None
B02972,M02,2026-01-21 15:20:00,186.87,25.56,62.75,4.22,2.9,10.86,Normal,None
B02973,M04,2026-01-21 15:30:00,190.03,25.03,90.02,4.68,3.24,12.62,Normal,None
B02974,M02,2026-01-21 15:40:00,179.36,24.78,84.5,4.9,2.96,11.61,Normal,None
B02975,M04,2026-01-21 15:50:00,190.48,24.55,86.44,4.33,3.79,11.84,Normal,None
B02976,M02,2026-01-21 16:00:00,188.99,25.11,76.52,4.6,3.13,13.42,Normal,None
B02977,M04,2026-01-21 16:10:00,226.95,28.13,114.5,4.59,3.06,11.99,Defect,Burn_Through
B02978,M04,2026-01-21 16:20:00,183.7,25.52,79.63,4.62,3.69,12.36,Normal,None
B02979,M04,2026-01-21 16:30:00,195.54,26.23,101.47,4.54,3.44,10.6,Normal,None
B02980,M02,2026-01-21 16:40:00,196.42,24.98,121.09,4.14,2.55,11.26,Defect,Crack
B02981,M02,2026-01-21 16:50:00,194.74,24.76,108.73,4.37,1.87,11.7,Defect,Crack
B02982,M03,2026-01-21 17:00:00,192.87,25.18,85.56,4.4,3.41,12.52,Normal,None
B02983,M01,2026-01-21 17:10:00,174.7,24.05,76.3,5.15,3.33,13.57,Normal,None
B02984,M03,2026-01-21 17:20:00,227.06,27.78,122.82,4.91,3.58,10.3,Defect,Burn_Through
B02985,M02,2026-01-21 17:30:00,184.82,25.52,81.38,5.06,2.96,11.58,Normal,None
B02986,M01,2026-01-21 17:40:00,184.79,24.05,82.09,4.34,2.82,13.35,Normal,None
B02987,M04,2026-01-21 17:50:00,188.3,24.93,77.1,4.69,2.97,13.6,Normal,None
B02988,M04,2026-01-21 18:00:00,184.74,25.48,87.78,4.02,3.13,12.25,Normal,None
B02989,M04,2026-01-21 18:10:00,197.17,25.36,89.13,4.27,3.47,10.8,Normal,None
B02990,M02,2026-01-21 18:20:00,201.51,24.45,96.02,4.53,3.08,12.02,Normal,None
B02991,M01,2026-01-21 18:30:00,184.79,25.34,108.13,4.4,2.74,10.88,Defect,Crack
B02992,M01,2026-01-21 18:40:00,191.5,23.79,78.33,4.59,3.71,11.94,Normal,None
B02993,M01,2026-01-21 18:50:00,192.8,25.52,87.47,4.44,3.44,13.14,Normal,None
B02994,M03,2026-01-21 19:00:00,187.24,26.14,88.86,4.47,3.32,12.94,Normal,None
B02995,M04,2026-01-21 19:10:00,179.54,22.84,92.58,4.47,3.03,12.21,Normal,None
B02996,M03,2026-01-21 19:20:00,154.27,24.46,76.4,4.22,1.76,18.18,Defect,Incomplete_Weld
B02997,M04,2026-01-21 19:30:00,195.66,24.66,95.26,4.45,3.3,11.92,Normal,None
B02998,M02,2026-01-21 19:40:00,192.39,24.04,85.9,4.43,3.33,10.42,Normal,None
B02999,M03,2026-01-21 19:50:00,160.29,24.24,85.94,4.13,2.37,15.24,Defect,Incomplete_Weld
B03000,M02,2026-01-21 20:00:00,142.82,23.19,89.73,4.21,1.83,16.69,Defect,Incomplete_Weld
B03001,M01,2026-01-21 20:10:00,186.22,23.0,95.93,4.57,3.35,11.87,Normal,None
B03002,M04,2026-01-21 20:20:00,173.93,25.19,86.15,4.38,2.82,12.89,Normal,None
B03003,M03,2026-01-21 20:30:00,180.45,27.02,79.92,4.4,3.31,11.46,Normal,None
B03004,M01,2026-01-21 20:40:00,162.65,25.47,98.59,4.28,2.37,14.9,Defect,Incomplete_Weld
B03005,M02,2026-01-21 20:50:00,197.45,25.61,80.5,4.67,3.16,12.46,Normal,None
B03006,M03,2026-01-21 21:00:00,192.23,24.31,87.69,4.37,3.2,12.65,Normal,None
B03007,M03,2026-01-21 21:10:00,193.56,25.43,85.39,4.05,3.43,11.8,Normal,None
B03008,M03,2026-01-21 21:20:00,203.04,23.99,83.18,4.31,3.29,12.56,Normal,None
B03009,M04,2026-01-21 21:30:00,179.2,24.42,97.96,4.33,3.02,11.79,Normal,None
B03010,M03,2026-01-21 21:40:00,188.5,23.42,89.9,4.38,3.13,12.49,Normal,None
B03011,M01,2026-01-21 21:50:00,176.05,24.09,76.96,4.16,3.39,12.29,Normal,None
B03012,M03,2026-01-21 22:00:00,179.04,25.15,89.27,4.61,3.17,12.26,Normal,None
B03013,M03,2026-01-21 22:10:00,184.91,24.13,81.41,5.01,3.79,11.81,Normal,None
B03014,M02,2026-01-21 22:20:00,156.24,26.07,76.97,4.18,2.47,15.88,Defect,Incomplete_Weld
B03015,M02,2026-01-21 22:30:00,194.31,23.93,89.73,4.13,3.42,12.1,Normal,None
B03016,M02,2026-01-21 22:40:00,177.81,23.75,83.2,4.8,3.5,13.13,Normal,None
B03017,M03,2026-01-21 22:50:00,185.31,26.27,81.53,5.01,3.2,11.81,Normal,None
B03018,M02,2026-01-21 23:00:00,188.65,24.07,81.16,4.78,3.48,12.2,Normal,None
B03019,M01,2026-01-21 23:10:00,185.2,23.94,94.36,4.64,3.52,9.74,Normal,None
B03020,M03,2026-01-21 23:20:00,200.21,23.2,87.15,4.19,3.25,11.62,Normal,None
B03021,M04,2026-01-21 23:30:00,188.47,25.43,84.57,4.09,3.64,11.6,Normal,None
B03022,M03,2026-01-21 23:40:00,179.58,25.69,82.58,4.71,3.1,12.22,Normal,None
B03023,M01,2026-01-21 23:50:00,177.04,23.6,69.54,4.34,3.25,11.43,Normal,None
B03024,M01,2026-01-22 00:00:00,190.9,24.22,70.93,4.43,3.31,11.56,Normal,None
B03025,M03,2026-01-22 00:10:00,157.34,23.26,83.38,4.9,2.63,15.61,Defect,Incomplete_Weld
B03026,M02,2026-01-22 00:20:00,197.09,24.38,121.21,3.24,3.36,10.71,Defect,Porosity
B03027,M01,2026-01-22 00:30:00,197.37,22.57,80.2,4.55,2.83,11.85,Normal,None
B03028,M04,2026-01-22 00:40:00,192.85,22.48,82.1,4.45,2.96,12.62,Normal,None
B03029,M03,2026-01-22 00:50:00,186.39,25.83,93.05,4.04,3.45,10.32,Normal,None
B03030,M01,2026-01-22 01:00:00,208.01,24.79,101.14,2.81,3.13,13.15,Defect,Porosity
B03031,M03,2026-01-22 01:10:00,189.16,23.47,79.66,4.45,3.41,12.28,Normal,None
B03032,M03,2026-01-22 01:20:00,195.18,23.71,79.95,4.03,3.08,10.02,Normal,None
B03033,M03,2026-01-22 01:30:00,189.03,25.25,80.58,4.8,3.25,11.92,Normal,None
B03034,M04,2026-01-22 01:40:00,171.72,24.31,126.97,4.47,2.6,12.38,Defect,Crack
B03035,M02,2026-01-22 01:50:00,189.86,27.39,83.17,4.26,3.53,11.73,Normal,None
B03036,M02,2026-01-22 02:00:00,190.17,23.75,82.77,4.35,3.43,11.71,Normal,None
B03037,M01,2026-01-22 02:10:00,179.19,24.61,82.61,4.03,3.11,11.05,Normal,None
B03038,M04,2026-01-22 02:20:00,189.85,25.41,77.01,4.68,3.65,10.37,Normal,None
B03039,M01,2026-01-22 02:30:00,174.29,25.49,87.26,4.29,3.27,12.57,Normal,None
B03040,M01,2026-01-22 02:40:00,179.79,24.24,81.74,4.74,3.25,12.02,Normal,None
B03041,M04,2026-01-22 02:50:00,194.36,24.73,83.47,4.18,3.1,11.7,Normal,None
B03042,M01,2026-01-22 03:00:00,192.81,25.29,91.57,3.99,3.07,9.6,Normal,None
B03043,M02,2026-01-22 03:10:00,195.96,26.08,104.69,3.89,2.4,12.74,Defect,Crack
B03044,M01,2026-01-22 03:20:00,237.91,23.32,115.82,3.6,2.89,12.19,Defect,Porosity
B03045,M01,2026-01-22 03:30:00,194.64,25.08,69.52,4.55,3.14,13.14,Normal,None
B03046,M04,2026-01-22 03:40:00,173.15,25.08,69.42,5.09,3.04,9.99,Normal,None
B03047,M04,2026-01-22 03:50:00,219.45,24.11,107.35,3.74,3.33,11.26,Defect,Porosity
B03048,M02,2026-01-22 04:00:00,182.46,22.22,85.42,4.35,3.46,10.89,Normal,None
B03049,M04,2026-01-22 04:10:00,188.15,24.68,97.45,4.29,2.59,12.86,Normal,None
B03050,M01,2026-01-22 04:20:00,199.75,25.43,84.17,4.6,3.04,11.62,Normal,None
B03051,M02,2026-01-22 04:30:00,197.47,24.33,91.77,4.81,3.4,12.77,Normal,None
B03052,M02,2026-01-22 04:40:00,164.2,21.96,77.52,4.61,2.37,14.63,Defect,Incomplete_Weld
B03053,M01,2026-01-22 04:50:00,197.94,23.28,91.33,4.55,3.16,11.98,Normal,None
B03054,M01,2026-01-22 05:00:00,196.59,24.89,79.54,4.74,3.02,12.37,Normal,None
B03055,M02,2026-01-22 05:10:00,186.97,23.39,84.74,5.06,3.15,11.76,Normal,None
B03056,M04,2026-01-22 05:20:00,185.77,23.33,93.34,4.61,3.23,14.16,Normal,None
B03057,M03,2026-01-22 05:30:00,203.19,25.72,77.52,4.43,3.26,11.18,Normal,None
B03058,M02,2026-01-22 05:40:00,195.01,23.27,91.32,4.33,3.23,10.07,Normal,None
B03059,M03,2026-01-22 05:50:00,180.71,25.52,88.75,4.82,3.49,12.49,Normal,None
B03060,M03,2026-01-22 06:00:00,191.09,24.98,78.83,4.3,3.38,11.98,Normal,None
B03061,M02,2026-01-22 06:10:00,195.84,24.69,92.67,4.72,3.41,13.11,Normal,None
B03062,M03,2026-01-22 06:20:00,184.78,25.25,98.01,4.48,3.55,11.09,Normal,None
B03063,M04,2026-01-22 06:30:00,184.63,24.93,82.55,4.99,3.36,13.24,Normal,None
B03064,M01,2026-01-22 06:40:00,192.42,23.53,85.57,4.9,3.3,12.05,Normal,None
B03065,M01,2026-01-22 06:50:00,190.43,21.95,86.9,4.6,3.09,12.96,Normal,None
B03066,M04,2026-01-22 07:00:00,179.57,23.52,73.7,4.22,3.26,12.1,Normal,None
B03067,M01,2026-01-22 07:10:00,189.23,24.56,85.53,4.12,3.4,11.96,Normal,None
B03068,M02,2026-01-22 07:20:00,178.42,24.59,72.41,4.64,3.36,10.37,Normal,None
B03069,M02,2026-01-22 07:30:00,186.07,24.19,87.93,4.48,2.93,13.72,Normal,None
B03070,M03,2026-01-22 07:40:00,189.34,24.31,83.98,4.58,3.34,12.57,Normal,None
B03071,M04,2026-01-22 07:50:00,185.79,23.45,82.11,4.22,3.72,11.84,Normal,None
B03072,M02,2026-01-22 08:00:00,201.92,24.91,102.04,4.99,3.11,12.07,Normal,None
B03073,M02,2026-01-22 08:10:00,176.72,23.82,92.0,4.47,3.19,12.06,Normal,None
B03074,M03,2026-01-22 08:20:00,183.46,23.93,82.49,4.8,3.02,11.12,Normal,None
B03075,M02,2026-01-22 08:30:00,193.87,22.3,85.22,4.71,2.98,10.1,Normal,None
B03076,M02,2026-01-22 08:40:00,198.19,25.42,83.43,4.43,3.75,11.05,Normal,None
B03077,M03,2026-01-22 08:50:00,183.15,23.84,85.99,4.6,3.27,12.31,Normal,None
B03078,M04,2026-01-22 09:00:00,178.25,24.52,95.67,4.7,3.09,10.14,Normal,None
B03079,M03,2026-01-22 09:10:00,179.37,23.36,82.34,4.12,3.54,13.08,Normal,None
B03080,M03,2026-01-22 09:20:00,188.73,25.16,90.67,3.74,3.37,10.99,Normal,None
B03081,M03,2026-01-22 09:30:00,200.69,23.15,87.62,4.75,3.22,12.6,Normal,None
B03082,M02,2026-01-22 09:40:00,220.12,29.41,124.97,4.51,3.19,12.49,Defect,Burn_Through
B03083,M01,2026-01-22 09:50:00,168.74,24.17,75.41,4.34,3.11,11.36,Normal,None
B03084,M02,2026-01-22 10:00:00,175.26,24.1,110.06,3.97,2.33,10.87,Defect,Crack
B03085,M01,2026-01-22 10:10:00,197.59,24.95,85.82,4.24,3.53,11.86,Normal,None
B03086,M04,2026-01-22 10:20:00,186.68,25.83,85.65,4.33,3.49,11.2,Normal,None
B03087,M03,2026-01-22 10:30:00,196.33,24.39,81.23,4.5,3.31,11.92,Normal,None
B03088,M03,2026-01-22 10:40:00,231.82,26.93,125.96,4.44,3.53,12.54,Defect,Burn_Through
B03089,M03,2026-01-22 10:50:00,230.75,26.17,100.88,4.2,2.8,12.86,Defect,Burn_Through
B03090,M01,2026-01-22 11:00:00,210.34,25.07,113.46,3.43,3.71,13.86,Defect,Porosity
B03091,M03,2026-01-22 11:10:00,208.91,25.83,95.13,4.72,2.9,11.45,Normal,None
B03092,M02,2026-01-22 11:20:00,177.54,23.06,83.97,4.83,3.19,13.74,Normal,None
B03093,M04,2026-01-22 11:30:00,184.53,24.44,77.12,4.45,3.18,11.85,Normal,None
B03094,M04,2026-01-22 11:40:00,190.85,25.64,79.16,4.43,3.41,10.12,Normal,None
B03095,M01,2026-01-22 11:50:00,181.67,23.9,86.15,4.72,3.19,10.78,Normal,None
B03096,M02,2026-01-22 12:00:00,186.08,22.9,84.05,4.37,3.53,12.06,Normal,None
B03097,M03,2026-01-22 12:10:00,198.38,23.14,76.84,4.24,3.06,11.71,Normal,None
B03098,M02,2026-01-22 12:20:00,188.67,24.99,86.1,4.45,3.37,11.18,Normal,None
B03099,M04,2026-01-22 12:30:00,191.76,21.88,88.07,4.74,2.87,10.48,Normal,None
B03100,M04,2026-01-22 12:40:00,199.48,25.51,80.35,4.4,3.03,11.49,Normal,None
B03101,M01,2026-01-22 12:50:00,185.15,22.33,82.37,4.3,3.35,12.71,Normal,None
B03102,M02,2026-01-22 13:00:00,180.55,23.96,86.59,4.18,3.14,11.93,Normal,None
B03103,M02,2026-01-22 13:10:00,189.43,23.73,84.15,4.36,3.56,12.68,Normal,None
B03104,M01,2026-01-22 13:20:00,177.29,23.62,79.35,5.15,2.95,11.64,Normal,None
B03105,M04,2026-01-22 13:30:00,189.88,24.29,69.81,4.7,3.39,12.11,Normal,None
B03106,M02,2026-01-22 13:40:00,188.14,24.33,90.05,4.81,3.57,12.52,Normal,None
B03107,M04,2026-01-22 13:50:00,214.53,24.41,85.02,4.31,2.45,12.88,Normal,None
B03108,M02,2026-01-22 14:00:00,199.55,24.5,81.23,4.71,3.08,10.26,Normal,None
B03109,M02,2026-01-22 14:10:00,190.81,25.52,78.23,4.21,3.0,11.79,Normal,None
B03110,M04,2026-01-22 14:20:00,191.53,23.83,113.49,4.41,2.66,11.96,Defect,Crack
B03111,M03,2026-01-22 14:30:00,188.53,23.82,78.15,4.5,2.95,11.5,Normal,None
B03112,M04,2026-01-22 14:40:00,183.84,23.51,84.94,4.7,3.36,11.34,Normal,None
B03113,M02,2026-01-22 14:50:00,193.84,22.45,75.13,4.12,2.9,12.25,Normal,None
B03114,M01,2026-01-22 15:00:00,179.1,24.28,89.81,4.48,3.0,12.73,Normal,None
B03115,M04,2026-01-22 15:10:00,196.85,24.28,63.08,3.97,3.13,13.31,Normal,None
B03116,M02,2026-01-22 15:20:00,183.59,25.62,81.97,4.61,3.05,12.72,Normal,None
B03117,M01,2026-01-22 15:30:00,183.8,26.43,99.11,4.33,3.15,12.89,Normal,None
B03118,M03,2026-01-22 15:40:00,210.04,23.37,82.38,4.18,3.02,10.78,Normal,None
B03119,M04,2026-01-22 15:50:00,190.77,25.38,91.38,4.77,2.94,11.15,Normal,None
B03120,M01,2026-01-22 16:00:00,187.97,25.41,82.57,4.62,2.91,13.19,Normal,None
B03121,M04,2026-01-22 16:10:00,179.32,25.05,88.23,4.01,3.4,12.09,Normal,None
B03122,M02,2026-01-22 16:20:00,186.39,24.22,87.52,4.19,2.95,12.38,Normal,None
B03123,M02,2026-01-22 16:30:00,201.88,24.27,97.35,4.83,3.08,12.45,Normal,None
B03124,M02,2026-01-22 16:40:00,189.52,23.92,86.6,4.5,3.04,14.68,Normal,None
B03125,M01,2026-01-22 16:50:00,197.28,24.5,109.95,4.65,2.39,10.98,Defect,Crack
B03126,M02,2026-01-22 17:00:00,184.57,23.74,74.59,4.88,3.32,12.88,Normal,None
B03127,M01,2026-01-22 17:10:00,212.77,27.37,120.79,2.76,3.06,13.39,Defect,Porosity
B03128,M02,2026-01-22 17:20:00,202.49,23.86,69.05,4.86,3.44,10.1,Normal,None
B03129,M01,2026-01-22 17:30:00,190.14,25.44,88.14,4.49,3.05,11.57,Normal,None
B03130,M04,2026-01-22 17:40:00,190.93,24.46,95.82,4.66,2.52,12.35,Normal,None
B03131,M02,2026-01-22 17:50:00,203.36,25.3,84.89,4.74,3.25,12.02,Normal,None
B03132,M02,2026-01-22 18:00:00,237.21,24.19,119.87,2.55,3.07,11.84,Defect,Porosity
B03133,M03,2026-01-22 18:10:00,193.72,24.6,88.44,4.45,2.6,12.0,Normal,None
B03134,M03,2026-01-22 18:20:00,185.75,23.67,75.13,4.63,3.22,12.33,Normal,None
B03135,M03,2026-01-22 18:30:00,199.65,23.88,86.41,4.35,3.13,11.84,Normal,None
B03136,M04,2026-01-22 18:40:00,184.19,26.23,88.77,4.75,2.8,12.55,Normal,None
B03137,M03,2026-01-22 18:50:00,185.81,25.92,83.76,4.37,2.98,11.76,Normal,None
B03138,M02,2026-01-22 19:00:00,192.33,23.96,69.05,4.86,3.02,10.06,Normal,None
B03139,M04,2026-01-22 19:10:00,203.07,23.05,82.56,4.8,3.21,11.65,Normal,None
B03140,M02,2026-01-22 19:20:00,170.09,23.39,73.22,5.11,3.53,11.26,Normal,None
B03141,M01,2026-01-22 19:30:00,200.2,22.49,92.86,4.15,3.11,12.58,Normal,None
B03142,M04,2026-01-22 19:40:00,188.5,25.64,83.04,4.56,3.08,12.02,Normal,None
B03143,M02,2026-01-22 19:50:00,184.18,22.93,86.96,5.01,3.07,10.93,Normal,None
B03144,M03,2026-01-22 20:00:00,173.38,25.1,80.29,4.24,2.97,11.82,Normal,None
B03145,M04,2026-01-22 20:10:00,197.7,25.1,73.83,4.54,3.23,11.31,Normal,None
B03146,M01,2026-01-22 20:20:00,193.87,26.81,86.22,4.25,3.16,12.09,Normal,None
B03147,M03,2026-01-22 20:30:00,185.08,24.87,83.74,4.54,3.51,13.32,Normal,None
B03148,M03,2026-01-22 20:40:00,194.58,21.66,79.77,4.22,3.38,9.61,Normal,None
B03149,M01,2026-01-22 20:50:00,189.74,24.53,90.18,4.95,3.13,11.14,Normal,None
B03150,M04,2026-01-22 21:00:00,185.35,25.19,88.42,4.41,3.33,11.46,Normal,None
B03151,M02,2026-01-22 21:10:00,207.18,23.28,127.06,5.05,2.8,12.87,Defect,Crack
B03152,M01,2026-01-22 21:20:00,168.53,24.46,95.22,4.33,3.55,10.99,Normal,None
B03153,M02,2026-01-22 21:30:00,204.58,23.29,114.56,4.81,2.44,11.92,Defect,Crack
B03154,M03,2026-01-22 21:40:00,207.46,25.11,75.09,4.62,3.08,12.76,Normal,None
B03155,M01,2026-01-22 21:50:00,200.56,25.19,72.98,4.15,2.95,12.3,Normal,None
B03156,M04,2026-01-22 22:00:00,191.91,24.27,82.64,4.13,2.71,12.03,Normal,None
B03157,M04,2026-01-22 22:10:00,191.19,24.86,89.45,4.3,3.42,12.98,Normal,None
B03158,M02,2026-01-22 22:20:00,203.48,22.78,81.61,4.79,3.05,10.99,Normal,None
B03159,M03,2026-01-22 22:30:00,182.71,23.98,86.56,4.95,3.09,9.81,Normal,None
B03160,M02,2026-01-22 22:40:00,203.64,22.7,77.78,4.21,3.57,13.45,Normal,None
B03161,M03,2026-01-22 22:50:00,176.02,24.7,97.02,4.15,3.57,10.48,Normal,None
B03162,M03,2026-01-22 23:00:00,184.87,26.44,88.09,4.4,3.16,11.73,Normal,None
B03163,M01,2026-01-22 23:10:00,193.32,25.41,70.67,4.66,2.96,12.62,Normal,None
B03164,M04,2026-01-22 23:20:00,193.85,26.04,111.93,4.82,2.36,13.25,Defect,Crack
B03165,M01,2026-01-22 23:30:00,184.19,25.07,90.8,4.2,3.06,12.21,Normal,None
B03166,M04,2026-01-22 23:40:00,176.13,25.03,79.52,4.33,3.62,13.59,Normal,None
B03167,M03,2026-01-22 23:50:00,190.3,23.17,91.96,4.36,3.8,10.83,Normal,None
B03168,M01,2026-01-23 00:00:00,196.26,23.55,83.48,5.23,2.75,11.4,Normal,None
B03169,M01,2026-01-23 00:10:00,186.88,23.3,92.23,4.35,2.89,12.91,Normal,None
B03170,M01,2026-01-23 00:20:00,193.09,22.71,74.22,5.14,3.67,12.93,Normal,None
B03171,M01,2026-01-23 00:30:00,184.39,21.9,81.44,4.68,3.01,12.01,Normal,None
B03172,M04,2026-01-23 00:40:00,171.97,25.23,102.84,4.69,2.42,10.97,Defect,Crack
B03173,M02,2026-01-23 00:50:00,184.84,23.88,100.12,4.9,2.18,13.5,Defect,Crack
B03174,M01,2026-01-23 01:00:00,181.83,23.82,68.38,4.38,3.4,11.91,Normal,None
B03175,M03,2026-01-23 01:10:00,176.68,24.07,90.11,4.33,3.11,12.31,Normal,None
B03176,M02,2026-01-23 01:20:00,190.36,27.0,77.86,4.57,3.33,13.91,Normal,None
B03177,M04,2026-01-23 01:30:00,194.11,26.37,89.35,4.83,3.48,13.5,Normal,None
B03178,M04,2026-01-23 01:40:00,179.03,23.74,82.62,4.86,3.32,11.89,Normal,None
B03179,M02,2026-01-23 01:50:00,191.04,25.18,79.22,4.29,2.96,12.77,Normal,None
B03180,M03,2026-01-23 02:00:00,200.93,26.19,92.47,4.01,2.89,11.86,Normal,None
B03181,M03,2026-01-23 02:10:00,189.64,23.96,85.52,4.23,3.24,13.86,Normal,None
B03182,M02,2026-01-23 02:20:00,198.19,24.59,76.3,4.49,2.91,12.43,Normal,None
B03183,M04,2026-01-23 02:30:00,200.61,23.95,84.33,4.57,3.39,12.57,Normal,None
B03184,M02,2026-01-23 02:40:00,179.54,24.45,95.8,4.51,3.03,12.13,Normal,None
B03185,M03,2026-01-23 02:50:00,198.47,25.22,84.42,5.14,3.75,10.38,Normal,None
B03186,M02,2026-01-23 03:00:00,192.26,24.82,87.99,4.65,3.25,11.55,Normal,None
B03187,M02,2026-01-23 03:10:00,177.84,24.14,81.16,3.89,3.0,11.92,Normal,None
B03188,M01,2026-01-23 03:20:00,194.28,24.94,95.82,4.34,3.45,13.34,Normal,None
B03189,M04,2026-01-23 03:30:00,250.0,25.78,127.71,4.54,3.23,10.8,Defect,Burn_Through
B03190,M01,2026-01-23 03:40:00,179.78,23.69,75.8,4.69,2.96,10.84,Normal,None
B03191,M01,2026-01-23 03:50:00,203.67,25.75,100.29,4.0,2.94,12.9,Normal,None
B03192,M04,2026-01-23 04:00:00,195.55,24.0,83.58,4.9,3.48,11.22,Normal,None
B03193,M04,2026-01-23 04:10:00,195.0,24.85,72.1,4.53,3.52,10.6,Normal,None
B03194,M04,2026-01-23 04:20:00,166.4,25.04,86.13,4.32,3.39,12.92,Normal,None
B03195,M03,2026-01-23 04:30:00,178.86,23.31,89.66,4.6,3.11,12.98,Normal,None
B03196,M04,2026-01-23 04:40:00,195.06,25.17,95.19,4.67,3.41,11.29,Normal,None
B03197,M04,2026-01-23 04:50:00,177.81,26.08,74.96,4.6,2.38,14.11,Defect,Incomplete_Weld
B03198,M04,2026-01-23 05:00:00,195.35,23.33,79.91,4.54,3.53,12.36,Normal,None
B03199,M01,2026-01-23 05:10:00,169.81,23.14,83.41,4.07,3.25,11.91,Normal,None
B03200,M02,2026-01-23 05:20:00,167.87,25.04,78.68,4.5,3.51,12.21,Normal,None
B03201,M02,2026-01-23 05:30:00,218.1,25.09,116.66,3.77,3.02,12.65,Defect,Porosity
B03202,M01,2026-01-23 05:40:00,173.23,24.43,85.89,4.16,3.04,13.26,Normal,None
B03203,M04,2026-01-23 05:50:00,181.52,23.38,101.23,4.45,3.11,14.17,Normal,None
B03204,M04,2026-01-23 06:00:00,181.88,23.37,73.99,4.7,3.4,10.53,Normal,None
B03205,M04,2026-01-23 06:10:00,182.63,24.63,83.73,4.61,3.06,11.64,Normal,None
B03206,M04,2026-01-23 06:20:00,201.07,23.37,69.9,4.3,3.1,12.45,Normal,None
B03207,M04,2026-01-23 06:30:00,192.52,24.36,84.02,4.33,3.26,11.73,Normal,None
B03208,M04,2026-01-23 06:40:00,175.53,25.04,85.37,4.84,2.95,13.79,Normal,None
B03209,M02,2026-01-23 06:50:00,187.66,25.13,102.4,3.77,3.5,9.92,Normal,None
B03210,M01,2026-01-23 07:00:00,181.65,24.03,82.13,4.82,3.44,12.09,Normal,None
B03211,M04,2026-01-23 07:10:00,206.48,24.09,104.86,3.6,3.1,11.57,Defect,Porosity
B03212,M02,2026-01-23 07:20:00,179.34,26.05,85.89,3.94,3.06,13.09,Normal,None
B03213,M02,2026-01-23 07:30:00,181.52,24.37,118.12,4.79,2.25,12.66,Defect,Crack
B03214,M03,2026-01-23 07:40:00,196.47,24.32,79.04,4.77,3.26,13.36,Normal,None
B03215,M04,2026-01-23 07:50:00,187.19,24.45,77.64,4.93,2.98,12.56,Normal,None
B03216,M01,2026-01-23 08:00:00,207.54,23.87,87.26,4.77,3.0,10.78,Normal,None
B03217,M03,2026-01-23 08:10:00,187.28,25.92,86.93,4.42,3.16,12.26,Normal,None
B03218,M02,2026-01-23 08:20:00,197.12,24.86,92.39,4.21,3.1,11.67,Normal,None
B03219,M01,2026-01-23 08:30:00,205.48,24.46,90.43,4.74,3.3,12.36,Normal,None
B03220,M02,2026-01-23 08:40:00,193.21,24.87,93.65,4.49,3.05,12.66,Normal,None
B03221,M01,2026-01-23 08:50:00,187.39,24.2,87.04,4.91,3.45,12.4,Normal,None
B03222,M03,2026-01-23 09:00:00,143.66,23.85,97.13,4.02,2.17,16.94,Defect,Incomplete_Weld
B03223,M04,2026-01-23 09:10:00,183.2,24.17,80.18,4.53,3.52,12.23,Normal,None
B03224,M04,2026-01-23 09:20:00,215.48,26.13,110.95,3.51,3.26,11.54,Defect,Porosity
B03225,M01,2026-01-23 09:30:00,177.16,25.28,93.59,4.3,3.36,11.76,Normal,None
B03226,M04,2026-01-23 09:40:00,186.37,26.56,83.27,4.48,3.14,9.67,Normal,None
B03227,M03,2026-01-23 09:50:00,200.87,23.31,88.52,4.33,3.35,13.84,Normal,None
B03228,M03,2026-01-23 10:00:00,196.36,24.99,85.76,4.43,3.02,10.86,Normal,None
B03229,M01,2026-01-23 10:10:00,193.35,23.9,81.31,4.53,3.17,11.43,Normal,None
B03230,M04,2026-01-23 10:20:00,203.62,25.42,85.76,4.58,3.15,11.3,Normal,None
B03231,M01,2026-01-23 10:30:00,204.08,23.7,72.02,4.45,3.43,12.9,Normal,None
B03232,M03,2026-01-23 10:40:00,182.27,25.26,88.19,4.36,2.8,11.07,Normal,None
B03233,M01,2026-01-23 10:50:00,174.7,24.89,89.09,4.54,3.59,10.63,Normal,None
B03234,M03,2026-01-23 11:00:00,186.38,25.01,85.65,4.73,3.17,11.44,Normal,None
B03235,M04,2026-01-23 11:10:00,183.8,26.28,87.5,4.46,2.92,11.34,Normal,None
B03236,M02,2026-01-23 11:20:00,196.78,25.07,83.04,4.59,3.19,12.57,Normal,None
B03237,M04,2026-01-23 11:30:00,198.35,21.77,103.65,4.29,3.0,12.25,Normal,None
B03238,M04,2026-01-23 11:40:00,201.15,25.88,92.85,4.44,3.05,11.87,Normal,None
B03239,M02,2026-01-23 11:50:00,188.68,26.12,95.2,4.73,2.98,11.58,Normal,None
B03240,M01,2026-01-23 12:00:00,199.77,24.47,95.48,4.46,2.91,11.84,Normal,None
B03241,M02,2026-01-23 12:10:00,198.45,25.35,72.74,4.36,2.93,13.09,Normal,None
B03242,M03,2026-01-23 12:20:00,175.63,23.82,82.51,5.04,3.07,11.92,Normal,None
B03243,M04,2026-01-23 12:30:00,180.08,24.12,86.65,4.44,2.98,13.99,Normal,None
B03244,M02,2026-01-23 12:40:00,195.98,25.22,93.56,4.45,3.08,13.13,Normal,None
B03245,M03,2026-01-23 12:50:00,183.27,25.22,76.3,4.44,3.2,12.33,Normal,None
B03246,M03,2026-01-23 13:00:00,186.8,24.4,67.69,4.52,3.55,11.65,Normal,None
B03247,M04,2026-01-23 13:10:00,193.45,26.22,92.84,4.85,3.35,11.99,Normal,None
B03248,M04,2026-01-23 13:20:00,179.5,24.66,81.19,4.3,3.44,12.55,Normal,None
B03249,M02,2026-01-23 13:30:00,192.04,23.38,80.55,4.11,2.77,10.54,Normal,None
B03250,M04,2026-01-23 13:40:00,189.91,25.08,94.0,4.49,3.0,12.79,Normal,None
B03251,M03,2026-01-23 13:50:00,198.98,21.65,85.89,4.55,3.13,12.76,Normal,None
B03252,M01,2026-01-23 14:00:00,200.18,25.25,80.21,4.44,3.28,13.21,Normal,None
B03253,M04,2026-01-23 14:10:00,191.39,25.96,92.84,4.79,2.61,13.16,Normal,None
B03254,M02,2026-01-23 14:20:00,182.77,23.73,80.7,4.85,2.79,11.23,Normal,None
B03255,M01,2026-01-23 14:30:00,186.96,24.78,87.07,4.1,2.67,11.03,Normal,None
B03256,M01,2026-01-23 14:40:00,201.81,23.86,93.08,4.68,3.21,10.66,Normal,None
B03257,M04,2026-01-23 14:50:00,142.94,24.26,90.57,4.95,2.44,14.43,Defect,Incomplete_Weld
B03258,M04,2026-01-23 15:00:00,193.11,25.62,94.57,4.29,2.59,11.3,Normal,None
B03259,M02,2026-01-23 15:10:00,196.87,24.16,81.06,4.75,3.13,12.96,Normal,None
B03260,M02,2026-01-23 15:20:00,200.6,24.43,86.52,4.71,3.52,12.52,Normal,None
B03261,M03,2026-01-23 15:30:00,181.06,24.26,89.4,4.7,2.98,12.74,Normal,None
B03262,M04,2026-01-23 15:40:00,195.11,24.38,75.28,4.23,3.54,12.39,Normal,None
B03263,M04,2026-01-23 15:50:00,174.39,25.7,82.35,5.09,2.75,13.1,Normal,None
B03264,M04,2026-01-23 16:00:00,202.65,24.08,81.04,4.23,3.16,12.62,Normal,None
B03265,M03,2026-01-23 16:10:00,189.31,25.07,85.95,4.23,3.13,13.85,Normal,None
B03266,M03,2026-01-23 16:20:00,191.72,23.61,87.55,5.12,3.8,12.61,Normal,None
B03267,M02,2026-01-23 16:30:00,183.03,26.31,84.81,3.95,3.13,12.01,Normal,None
B03268,M04,2026-01-23 16:40:00,196.57,26.28,79.7,5.4,3.43,10.08,Normal,None
B03269,M04,2026-01-23 16:50:00,173.89,24.49,88.17,4.89,2.45,15.76,Defect,Incomplete_Weld
B03270,M03,2026-01-23 17:00:00,180.54,25.31,89.14,4.75,3.49,11.56,Normal,None
B03271,M03,2026-01-23 17:10:00,186.75,25.58,109.97,4.69,2.09,12.1,Defect,Crack
B03272,M04,2026-01-23 17:20:00,176.64,25.88,77.3,4.45,2.84,12.37,Normal,None
B03273,M01,2026-01-23 17:30:00,190.78,24.24,82.85,4.1,2.98,12.83,Normal,None
B03274,M01,2026-01-23 17:40:00,189.61,23.8,79.56,4.32,3.53,11.55,Normal,None
B03275,M04,2026-01-23 17:50:00,175.62,25.23,90.32,4.5,3.18,10.67,Normal,None
B03276,M03,2026-01-23 18:00:00,193.64,26.44,82.62,4.83,3.39,9.45,Normal,None
B03277,M04,2026-01-23 18:10:00,256.58,28.68,109.72,4.47,3.47,10.42,Defect,Burn_Through
B03278,M01,2026-01-23 18:20:00,200.71,23.37,93.24,4.37,3.55,12.57,Normal,None
B03279,M02,2026-01-23 18:30:00,184.55,26.02,69.33,4.25,3.34,11.27,Normal,None
B03280,M04,2026-01-23 18:40:00,184.17,24.69,82.11,4.5,3.16,11.74,Normal,None
B03281,M03,2026-01-23 18:50:00,202.52,25.52,93.79,4.67,3.33,9.82,Normal,None
B03282,M01,2026-01-23 19:00:00,191.76,24.51,76.22,4.55,3.4,12.28,Normal,None
B03283,M01,2026-01-23 19:10:00,191.62,25.4,94.08,4.62,2.61,11.98,Normal,None
B03284,M04,2026-01-23 19:20:00,200.85,24.67,86.39,3.73,2.9,12.29,Normal,None
B03285,M04,2026-01-23 19:30:00,189.26,25.99,75.02,5.06,3.1,11.85,Normal,None
B03286,M01,2026-01-23 19:40:00,188.03,24.13,82.51,4.87,3.19,10.07,Normal,None
B03287,M02,2026-01-23 19:50:00,192.02,24.5,77.9,4.96,3.09,12.24,Normal,None
B03288,M03,2026-01-23 20:00:00,189.12,23.4,85.8,4.12,3.52,11.33,Normal,None
B03289,M03,2026-01-23 20:10:00,187.41,24.39,78.31,4.43,3.04,14.18,Normal,None
B03290,M01,2026-01-23 20:20:00,193.69,22.79,81.2,4.78,3.56,12.89,Normal,None
B03291,M03,2026-01-23 20:30:00,172.46,27.56,86.34,4.73,3.24,10.84,Normal,None
B03292,M04,2026-01-23 20:40:00,202.65,25.56,94.37,4.5,3.29,12.7,Normal,None
B03293,M01,2026-01-23 20:50:00,184.99,24.21,87.86,5.27,3.52,11.49,Normal,None
B03294,M03,2026-01-23 21:00:00,182.95,24.24,81.41,4.8,3.08,10.67,Normal,None
B03295,M04,2026-01-23 21:10:00,197.53,23.91,91.92,4.34,3.24,11.9,Normal,None
B03296,M03,2026-01-23 21:20:00,186.74,24.68,88.89,4.44,3.13,11.97,Normal,None
B03297,M03,2026-01-23 21:30:00,197.13,24.46,91.06,4.61,3.11,10.84,Normal,None
B03298,M04,2026-01-23 21:40:00,180.89,25.3,86.88,4.79,3.01,13.77,Normal,None
B03299,M03,2026-01-23 21:50:00,174.57,23.88,84.02,4.13,3.28,10.44,Normal,None
B03300,M04,2026-01-23 22:00:00,181.98,23.45,82.73,3.84,3.04,14.15,Normal,None
B03301,M04,2026-01-23 22:10:00,185.65,24.96,92.4,4.65,2.91,11.61,Normal,None
B03302,M01,2026-01-23 22:20:00,180.98,24.95,80.2,4.54,2.36,14.73,Defect,Incomplete_Weld
B03303,M04,2026-01-23 22:30:00,179.61,24.12,82.6,4.38,2.73,11.27,Normal,None
B03304,M01,2026-01-23 22:40:00,187.09,23.61,81.93,5.16,2.84,12.09,Normal,None
B03305,M03,2026-01-23 22:50:00,208.81,24.62,97.95,4.62,3.56,10.64,Normal,None
B03306,M03,2026-01-23 23:00:00,189.57,23.92,117.39,4.11,2.09,13.97,Defect,Crack
B03307,M01,2026-01-23 23:10:00,180.91,24.89,82.08,4.29,3.43,11.11,Normal,None
B03308,M04,2026-01-23 23:20:00,186.55,23.83,85.2,5.05,3.53,12.05,Normal,None
B03309,M01,2026-01-23 23:30:00,176.19,25.65,83.39,4.55,3.08,13.07,Normal,None
B03310,M03,2026-01-23 23:40:00,183.12,26.99,89.88,4.54,2.96,11.78,Normal,None
B03311,M01,2026-01-23 23:50:00,189.8,23.46,87.07,4.11,2.92,11.7,Normal,None
B03312,M02,2026-01-24 00:00:00,237.24,23.68,108.89,3.48,3.38,12.03,Defect,Porosity
B03313,M02,2026-01-24 00:10:00,200.13,25.3,91.39,4.48,2.98,12.65,Normal,None
B03314,M02,2026-01-24 00:20:00,182.36,23.68,83.59,4.69,3.21,12.69,Normal,None
B03315,M04,2026-01-24 00:30:00,205.44,25.23,85.96,4.49,3.17,12.08,Normal,None
B03316,M03,2026-01-24 00:40:00,180.83,25.27,123.66,4.2,2.69,11.58,Defect,Crack
B03317,M01,2026-01-24 00:50:00,184.75,24.81,90.04,4.76,2.96,11.21,Normal,None
B03318,M01,2026-01-24 01:00:00,185.36,23.61,77.01,4.58,3.15,12.95,Normal,None
B03319,M02,2026-01-24 01:10:00,199.72,23.58,77.42,4.57,3.42,11.27,Normal,None
B03320,M01,2026-01-24 01:20:00,188.67,24.86,92.93,4.79,3.28,12.24,Normal,None
B03321,M02,2026-01-24 01:30:00,202.59,24.76,78.02,4.2,3.29,13.4,Normal,None
B03322,M02,2026-01-24 01:40:00,193.68,23.33,76.76,4.1,3.23,12.23,Normal,None
B03323,M04,2026-01-24 01:50:00,177.8,23.85,75.32,3.68,3.17,11.8,Normal,None
B03324,M03,2026-01-24 02:00:00,176.44,24.93,91.68,4.64,2.57,17.55,Defect,Incomplete_Weld
B03325,M04,2026-01-24 02:10:00,190.73,25.91,84.39,5.02,3.5,13.15,Normal,None
B03326,M04,2026-01-24 02:20:00,180.87,26.48,117.86,4.55,2.57,13.34,Defect,Crack
B03327,M01,2026-01-24 02:30:00,178.91,24.73,83.66,4.42,3.17,12.55,Normal,None
B03328,M01,2026-01-24 02:40:00,196.1,24.72,78.46,4.57,3.04,12.21,Normal,None
B03329,M03,2026-01-24 02:50:00,203.49,24.6,96.69,3.9,3.67,12.81,Normal,None
B03330,M02,2026-01-24 03:00:00,185.05,25.51,79.53,4.09,3.75,13.08,Normal,None
B03331,M03,2026-01-24 03:10:00,200.66,23.89,91.64,4.48,2.81,14.08,Normal,None
B03332,M02,2026-01-24 03:20:00,233.02,26.33,120.15,4.02,3.04,10.78,Defect,Burn_Through
B03333,M02,2026-01-24 03:30:00,185.31,24.56,79.19,4.44,2.69,13.03,Normal,None
B03334,M02,2026-01-24 03:40:00,184.71,23.86,89.96,4.61,3.69,11.75,Normal,None
B03335,M01,2026-01-24 03:50:00,183.1,23.59,82.57,4.21,3.21,10.94,Normal,None
B03336,M04,2026-01-24 04:00:00,192.97,23.72,73.88,4.19,3.29,11.19,Normal,None
B03337,M02,2026-01-24 04:10:00,179.26,24.61,66.52,4.52,3.22,12.28,Normal,None
B03338,M01,2026-01-24 04:20:00,161.91,25.07,91.55,4.54,2.28,15.2,Defect,Incomplete_Weld
B03339,M04,2026-01-24 04:30:00,193.41,25.3,94.82,4.71,2.78,11.56,Normal,None
B03340,M03,2026-01-24 04:40:00,174.33,26.38,84.98,4.67,2.95,11.64,Normal,None
B03341,M03,2026-01-24 04:50:00,190.7,24.19,79.08,4.43,2.93,10.99,Normal,None
B03342,M01,2026-01-24 05:00:00,240.08,26.32,128.02,4.73,3.09,12.12,Defect,Burn_Through
B03343,M02,2026-01-24 05:10:00,191.2,26.23,80.83,4.6,2.86,12.5,Normal,None
B03344,M04,2026-01-24 05:20:00,167.07,24.04,83.12,4.31,3.58,10.83,Normal,None
B03345,M04,2026-01-24 05:30:00,204.1,24.39,73.2,4.09,3.43,11.32,Normal,None
B03346,M04,2026-01-24 05:40:00,220.63,23.15,128.7,3.67,3.24,11.69,Defect,Porosity
B03347,M01,2026-01-24 05:50:00,191.22,24.54,85.14,4.31,3.25,10.44,Normal,None
B03348,M01,2026-01-24 06:00:00,187.4,25.11,84.25,4.59,2.97,11.96,Normal,None
B03349,M04,2026-01-24 06:10:00,209.19,23.59,71.26,4.32,3.04,12.55,Normal,None
B03350,M01,2026-01-24 06:20:00,190.7,24.96,88.27,4.78,3.49,12.34,Normal,None
B03351,M02,2026-01-24 06:30:00,200.08,24.3,88.36,4.16,2.96,11.36,Normal,None
B03352,M02,2026-01-24 06:40:00,193.93,24.46,99.6,4.38,2.3,11.89,Defect,Crack
B03353,M04,2026-01-24 06:50:00,210.6,23.68,70.23,4.33,3.31,12.82,Normal,None
B03354,M03,2026-01-24 07:00:00,180.97,23.74,79.07,5.17,3.18,11.42,Normal,None
B03355,M03,2026-01-24 07:10:00,176.34,24.37,75.25,4.64,3.31,12.31,Normal,None
B03356,M04,2026-01-24 07:20:00,186.3,25.0,95.11,4.46,3.23,11.58,Normal,None
B03357,M02,2026-01-24 07:30:00,206.34,22.39,121.64,4.62,2.23,12.02,Defect,Crack
B03358,M01,2026-01-24 07:40:00,199.08,24.76,78.85,4.35,3.37,13.82,Normal,None
B03359,M01,2026-01-24 07:50:00,198.92,23.23,82.71,4.51,3.37,12.49,Normal,None
B03360,M01,2026-01-24 08:00:00,195.23,22.04,77.29,5.41,3.07,11.36,Normal,None
B03361,M01,2026-01-24 08:10:00,198.16,24.33,82.92,4.09,3.01,12.04,Normal,None
B03362,M01,2026-01-24 08:20:00,208.33,24.69,87.92,4.33,3.16,11.16,Normal,None
B03363,M04,2026-01-24 08:30:00,218.76,24.9,105.84,2.84,3.55,13.43,Defect,Porosity
B03364,M02,2026-01-24 08:40:00,189.29,23.88,77.22,4.74,3.61,10.49,Normal,None
B03365,M02,2026-01-24 08:50:00,183.37,23.72,81.7,4.6,2.98,10.84,Normal,None
B03366,M02,2026-01-24 09:00:00,190.69,24.12,85.19,3.86,3.32,12.62,Normal,None
B03367,M01,2026-01-24 09:10:00,190.89,24.18,94.78,4.58,3.12,9.86,Normal,None
B03368,M03,2026-01-24 09:20:00,176.46,24.03,124.14,4.97,2.29,12.77,Defect,Crack
B03369,M03,2026-01-24 09:30:00,199.98,25.18,81.29,5.2,3.12,11.55,Normal,None
B03370,M03,2026-01-24 09:40:00,195.28,25.04,88.97,4.76,3.08,11.89,Normal,None
B03371,M03,2026-01-24 09:50:00,181.95,24.5,76.83,4.36,3.39,10.8,Normal,None
B03372,M01,2026-01-24 10:00:00,191.81,23.63,81.56,4.16,3.02,12.01,Normal,None
B03373,M04,2026-01-24 10:10:00,183.68,22.99,92.61,4.78,3.63,11.25,Normal,None
B03374,M02,2026-01-24 10:20:00,174.31,23.22,95.78,4.17,2.95,12.09,Normal,None
B03375,M02,2026-01-24 10:30:00,186.8,22.8,74.02,4.21,3.17,13.26,Normal,None
B03376,M01,2026-01-24 10:40:00,192.66,25.02,92.45,4.25,3.11,11.4,Normal,None
B03377,M02,2026-01-24 10:50:00,187.9,23.19,87.24,4.57,3.39,11.78,Normal,None
B03378,M02,2026-01-24 11:00:00,153.62,24.55,75.1,4.74,2.4,15.76,Defect,Incomplete_Weld
B03379,M04,2026-01-24 11:10:00,191.87,23.61,88.97,4.78,2.92,11.95,Normal,None
B03380,M03,2026-01-24 11:20:00,183.09,25.12,81.57,4.5,2.95,12.34,Normal,None
B03381,M03,2026-01-24 11:30:00,177.53,23.35,92.39,4.89,2.82,12.72,Normal,None
B03382,M01,2026-01-24 11:40:00,201.13,23.89,84.32,3.9,2.93,12.58,Normal,None
B03383,M04,2026-01-24 11:50:00,196.59,23.81,84.27,4.59,3.15,11.97,Normal,None
B03384,M03,2026-01-24 12:00:00,184.93,24.93,86.35,4.65,2.85,12.39,Normal,None
B03385,M01,2026-01-24 12:10:00,200.06,25.62,118.72,4.33,2.52,11.25,Defect,Crack
B03386,M03,2026-01-24 12:20:00,181.6,24.37,77.48,4.59,3.0,13.08,Normal,None
B03387,M03,2026-01-24 12:30:00,213.97,27.72,136.38,4.25,3.34,9.26,Defect,Burn_Through
B03388,M01,2026-01-24 12:40:00,195.69,24.17,87.41,4.56,2.83,12.43,Normal,None
B03389,M01,2026-01-24 12:50:00,179.34,24.28,84.36,4.36,2.86,11.95,Normal,None
B03390,M01,2026-01-24 13:00:00,187.47,24.96,80.7,4.73,3.27,11.33,Normal,None
B03391,M03,2026-01-24 13:10:00,222.37,27.71,111.6,4.76,3.01,13.3,Defect,Burn_Through
B03392,M01,2026-01-24 13:20:00,198.97,24.17,81.63,4.07,3.05,10.65,Normal,None
B03393,M04,2026-01-24 13:30:00,185.95,23.77,73.67,4.14,2.77,11.91,Normal,None
B03394,M01,2026-01-24 13:40:00,183.06,24.77,78.9,3.91,2.98,10.52,Normal,None
B03395,M04,2026-01-24 13:50:00,201.07,25.93,104.89,4.72,2.4,12.42,Defect,Crack
B03396,M04,2026-01-24 14:00:00,195.81,22.51,84.04,4.16,2.47,11.78,Normal,None
B03397,M02,2026-01-24 14:10:00,161.3,24.78,99.13,4.77,2.53,15.81,Defect,Incomplete_Weld
B03398,M04,2026-01-24 14:20:00,183.47,27.44,76.23,4.49,3.25,11.41,Normal,None
B03399,M03,2026-01-24 14:30:00,189.26,25.39,73.0,4.25,3.02,11.88,Normal,None
B03400,M01,2026-01-24 14:40:00,209.18,30.13,117.25,4.75,3.82,11.19,Defect,Burn_Through
B03401,M04,2026-01-24 14:50:00,202.87,25.8,89.55,4.69,3.68,13.46,Normal,None
B03402,M03,2026-01-24 15:00:00,185.94,24.46,90.9,4.71,3.08,11.8,Normal,None
B03403,M01,2026-01-24 15:10:00,167.68,24.27,80.87,4.29,3.06,11.47,Normal,None
B03404,M04,2026-01-24 15:20:00,175.0,24.26,103.57,4.22,3.11,12.75,Normal,None
B03405,M02,2026-01-24 15:30:00,191.28,24.85,80.04,4.93,3.11,10.47,Normal,None
B03406,M03,2026-01-24 15:40:00,191.71,25.15,93.93,4.55,3.4,11.66,Normal,None
B03407,M01,2026-01-24 15:50:00,199.37,25.01,96.02,4.54,3.21,12.13,Normal,None
B03408,M01,2026-01-24 16:00:00,196.66,24.89,85.21,4.28,3.19,11.32,Normal,None
B03409,M02,2026-01-24 16:10:00,200.74,25.02,86.73,4.96,3.16,11.97,Normal,None
B03410,M01,2026-01-24 16:20:00,242.08,24.93,111.18,3.18,2.97,11.28,Defect,Porosity
B03411,M03,2026-01-24 16:30:00,186.73,25.29,85.16,4.95,2.93,12.17,Normal,None
B03412,M01,2026-01-24 16:40:00,209.39,23.84,94.13,4.34,2.8,12.72,Normal,None
B03413,M01,2026-01-24 16:50:00,197.41,24.79,116.83,4.44,2.63,11.29,Defect,Crack
B03414,M02,2026-01-24 17:00:00,213.78,25.08,85.2,4.42,3.04,10.69,Normal,None
B03415,M03,2026-01-24 17:10:00,183.39,23.03,98.33,4.86,3.24,11.8,Normal,None
B03416,M02,2026-01-24 17:20:00,198.31,25.79,93.15,4.7,3.16,12.03,Normal,None
B03417,M02,2026-01-24 17:30:00,179.35,24.07,88.1,5.07,3.5,10.95,Normal,None
B03418,M01,2026-01-24 17:40:00,188.17,24.49,87.86,4.39,2.6,11.72,Normal,None
B03419,M04,2026-01-24 17:50:00,191.88,23.37,86.03,4.4,3.24,10.66,Normal,None
B03420,M04,2026-01-24 18:00:00,197.08,24.3,89.55,4.76,3.37,11.68,Normal,None
B03421,M04,2026-01-24 18:10:00,186.16,23.58,93.1,4.25,3.15,11.9,Normal,None
B03422,M01,2026-01-24 18:20:00,200.98,25.92,86.47,4.16,3.34,12.65,Normal,None
B03423,M04,2026-01-24 18:30:00,178.28,24.82,83.66,4.22,3.59,12.41,Normal,None
B03424,M01,2026-01-24 18:40:00,196.04,23.85,82.8,4.55,3.28,11.33,Normal,None
B03425,M01,2026-01-24 18:50:00,174.0,25.73,82.24,3.88,3.38,9.09,Normal,None
B03426,M01,2026-01-24 19:00:00,203.12,25.22,83.12,4.05,3.82,13.37,Normal,None
B03427,M01,2026-01-24 19:10:00,128.3,25.18,90.58,4.66,2.05,16.49,Defect,Incomplete_Weld
B03428,M02,2026-01-24 19:20:00,198.14,23.98,87.18,4.92,2.88,12.23,Normal,None
B03429,M02,2026-01-24 19:30:00,182.29,25.42,87.85,4.68,3.16,13.68,Normal,None
B03430,M02,2026-01-24 19:40:00,177.49,24.13,83.36,5.06,3.07,12.35,Normal,None
B03431,M04,2026-01-24 19:50:00,205.17,23.86,118.33,4.49,1.79,12.16,Defect,Crack
B03432,M03,2026-01-24 20:00:00,198.94,26.08,125.31,4.47,2.48,11.25,Defect,Crack
B03433,M02,2026-01-24 20:10:00,181.23,25.38,91.5,4.18,2.98,12.4,Normal,None
B03434,M02,2026-01-24 20:20:00,172.64,24.85,89.44,4.33,3.26,11.62,Normal,None
B03435,M02,2026-01-24 20:30:00,181.14,25.25,96.66,4.58,2.92,13.05,Normal,None
B03436,M01,2026-01-24 20:40:00,204.36,25.18,98.81,4.67,3.59,11.17,Normal,None
B03437,M01,2026-01-24 20:50:00,196.36,24.46,79.69,4.28,3.17,11.55,Normal,None
B03438,M04,2026-01-24 21:00:00,155.06,23.56,87.21,4.21,2.45,14.71,Defect,Incomplete_Weld
B03439,M01,2026-01-24 21:10:00,206.9,22.36,82.18,4.88,3.08,14.23,Normal,None
B03440,M03,2026-01-24 21:20:00,185.65,25.33,81.24,4.66,3.36,12.36,Normal,None
B03441,M01,2026-01-24 21:30:00,189.65,23.93,80.52,4.65,3.02,12.13,Normal,None
B03442,M02,2026-01-24 21:40:00,174.56,23.62,81.73,5.05,3.23,11.8,Normal,None
B03443,M03,2026-01-24 21:50:00,188.78,25.02,84.36,4.08,3.19,12.21,Normal,None
B03444,M04,2026-01-24 22:00:00,192.07,23.96,83.8,4.27,3.01,11.43,Normal,None
B03445,M03,2026-01-24 22:10:00,229.26,24.07,108.43,3.35,3.05,11.31,Defect,Porosity
B03446,M01,2026-01-24 22:20:00,196.79,26.04,88.67,4.67,3.26,14.24,Normal,None
B03447,M01,2026-01-24 22:30:00,174.05,23.76,126.29,4.6,2.43,12.03,Defect,Crack
B03448,M01,2026-01-24 22:40:00,189.53,22.84,85.32,4.51,3.29,11.35,Normal,None
B03449,M04,2026-01-24 22:50:00,180.15,25.58,79.21,4.24,3.4,11.71,Normal,None
B03450,M03,2026-01-24 23:00:00,199.11,24.81,78.31,4.68,3.23,12.46,Normal,None
B03451,M01,2026-01-24 23:10:00,194.06,24.36,93.17,4.53,3.32,10.25,Normal,None
B03452,M03,2026-01-24 23:20:00,167.14,23.74,90.96,4.56,3.08,10.91,Normal,None
B03453,M02,2026-01-24 23:30:00,197.87,22.76,89.48,4.47,3.3,9.83,Normal,None
B03454,M03,2026-01-24 23:40:00,189.11,24.2,113.06,4.57,2.31,11.79,Defect,Crack
B03455,M02,2026-01-24 23:50:00,179.26,24.8,82.52,4.99,3.29,12.89,Normal,None
B03456,M01,2026-01-25 00:00:00,197.96,24.17,92.89,4.92,3.05,10.43,Normal,None
B03457,M04,2026-01-25 00:10:00,179.67,23.28,82.14,4.06,3.21,12.94,Normal,None
B03458,M04,2026-01-25 00:20:00,153.34,24.86,84.73,4.78,2.36,14.73,Defect,Incomplete_Weld
B03459,M04,2026-01-25 00:30:00,199.59,24.48,81.31,4.74,2.89,12.41,Normal,None
B03460,M02,2026-01-25 00:40:00,178.2,22.71,82.44,4.58,3.15,11.29,Normal,None
B03461,M04,2026-01-25 00:50:00,189.91,25.91,87.36,4.68,3.0,12.01,Normal,None
B03462,M04,2026-01-25 01:00:00,197.39,24.78,91.38,4.41,3.19,11.78,Normal,None
B03463,M02,2026-01-25 01:10:00,206.83,22.77,125.42,4.56,2.55,12.73,Defect,Crack
B03464,M01,2026-01-25 01:20:00,197.46,23.1,95.09,4.64,3.23,11.02,Normal,None
B03465,M02,2026-01-25 01:30:00,184.99,24.96,75.74,4.35,2.73,12.47,Normal,None
B03466,M04,2026-01-25 01:40:00,200.15,26.06,85.06,4.04,2.96,12.19,Normal,None
B03467,M03,2026-01-25 01:50:00,174.75,24.36,72.3,4.83,3.3,13.3,Normal,None
B03468,M02,2026-01-25 02:00:00,208.43,26.39,84.54,4.56,3.07,9.57,Normal,None
B03469,M02,2026-01-25 02:10:00,188.41,26.36,73.97,4.69,2.99,10.94,Normal,None
B03470,M01,2026-01-25 02:20:00,189.66,23.99,124.91,4.8,1.93,12.85,Defect,Crack
B03471,M04,2026-01-25 02:30:00,157.21,24.51,75.22,4.92,2.19,14.15,Defect,Incomplete_Weld
B03472,M04,2026-01-25 02:40:00,204.86,22.9,78.99,4.56,3.16,13.1,Normal,None
B03473,M01,2026-01-25 02:50:00,197.27,24.23,85.77,4.84,2.74,12.94,Normal,None
B03474,M01,2026-01-25 03:00:00,183.76,24.99,85.7,4.48,3.11,11.59,Normal,None
B03475,M04,2026-01-25 03:10:00,150.44,24.43,89.65,4.62,2.16,16.14,Defect,Incomplete_Weld
B03476,M03,2026-01-25 03:20:00,190.75,22.94,92.87,4.95,2.66,13.59,Defect,Incomplete_Weld
B03477,M03,2026-01-25 03:30:00,182.5,24.53,76.28,3.84,3.15,11.76,Normal,None
B03478,M02,2026-01-25 03:40:00,177.16,24.31,83.28,4.31,3.4,10.98,Normal,None
B03479,M03,2026-01-25 03:50:00,191.51,25.05,72.45,4.67,3.06,13.17,Normal,None
B03480,M01,2026-01-25 04:00:00,172.26,24.05,78.79,4.67,3.47,11.4,Normal,None
B03481,M04,2026-01-25 04:10:00,188.97,26.69,72.52,4.41,3.12,12.08,Normal,None
B03482,M03,2026-01-25 04:20:00,184.59,24.03,81.62,4.09,3.33,11.46,Normal,None
B03483,M04,2026-01-25 04:30:00,190.41,23.53,74.61,3.97,3.12,11.32,Normal,None
B03484,M04,2026-01-25 04:40:00,190.11,24.57,87.66,4.35,3.02,11.54,Normal,None
B03485,M04,2026-01-25 04:50:00,199.4,24.76,84.9,4.66,3.03,11.95,Normal,None
B03486,M01,2026-01-25 05:00:00,182.57,23.96,73.99,4.11,3.21,13.08,Normal,None
B03487,M03,2026-01-25 05:10:00,204.39,25.06,92.91,4.81,2.96,10.29,Normal,None
B03488,M02,2026-01-25 05:20:00,185.06,24.14,113.47,4.06,2.76,12.43,Defect,Crack
B03489,M04,2026-01-25 05:30:00,197.2,23.44,89.51,4.62,3.41,13.98,Normal,None
B03490,M04,2026-01-25 05:40:00,195.08,26.72,96.49,4.44,3.12,13.69,Normal,None
B03491,M01,2026-01-25 05:50:00,181.87,24.79,78.93,3.96,3.0,12.62,Normal,None
B03492,M01,2026-01-25 06:00:00,197.81,22.95,78.27,4.71,3.35,12.84,Normal,None
B03493,M02,2026-01-25 06:10:00,181.16,25.8,91.88,3.96,3.49,11.97,Normal,None
B03494,M04,2026-01-25 06:20:00,151.57,25.91,87.24,4.42,2.79,12.97,Defect,Incomplete_Weld
B03495,M01,2026-01-25 06:30:00,174.57,24.23,85.68,4.64,3.53,11.3,Normal,None
B03496,M02,2026-01-25 06:40:00,182.58,25.36,88.85,4.83,3.02,13.02,Normal,None
B03497,M01,2026-01-25 06:50:00,179.33,23.03,83.71,4.85,3.21,11.62,Normal,None
B03498,M02,2026-01-25 07:00:00,197.98,24.88,86.42,4.77,3.18,11.45,Normal,None
B03499,M02,2026-01-25 07:10:00,182.92,27.55,89.81,4.23,3.29,12.58,Normal,None
B03500,M01,2026-01-25 07:20:00,193.58,24.1,76.35,5.17,2.99,13.17,Normal,None
B03501,M03,2026-01-25 07:30:00,192.66,25.24,93.63,4.31,3.16,12.58,Normal,None
B03502,M01,2026-01-25 07:40:00,184.6,24.58,97.84,4.59,3.08,12.82,Normal,None
B03503,M03,2026-01-25 07:50:00,183.13,23.4,78.33,4.32,2.87,11.48,Normal,None
B03504,M02,2026-01-25 08:00:00,200.32,24.62,91.23,4.62,3.2,12.62,Normal,None
B03505,M04,2026-01-25 08:10:00,188.33,26.58,92.18,4.2,3.3,12.12,Normal,None
B03506,M04,2026-01-25 08:20:00,177.56,24.84,84.39,4.83,2.86,12.15,Normal,None
B03507,M04,2026-01-25 08:30:00,196.03,24.21,89.6,4.34,3.48,11.83,Normal,None
B03508,M04,2026-01-25 08:40:00,186.01,24.59,86.66,4.85,3.37,11.55,Normal,None
B03509,M04,2026-01-25 08:50:00,180.16,24.54,81.12,4.32,3.44,14.49,Normal,None
B03510,M02,2026-01-25 09:00:00,196.18,25.03,71.26,4.47,2.79,11.79,Normal,None
B03511,M03,2026-01-25 09:10:00,189.65,25.34,86.6,4.52,3.08,12.99,Normal,None
B03512,M03,2026-01-25 09:20:00,183.76,22.7,81.63,4.52,3.17,13.09,Normal,None
B03513,M04,2026-01-25 09:30:00,201.67,25.63,89.01,4.37,3.11,12.26,Normal,None
B03514,M03,2026-01-25 09:40:00,197.02,24.56,90.94,4.81,3.18,12.09,Normal,None
B03515,M04,2026-01-25 09:50:00,183.68,26.03,93.21,3.81,3.13,11.34,Normal,None
B03516,M01,2026-01-25 10:00:00,188.81,24.77,85.53,4.18,3.44,12.26,Normal,None
B03517,M02,2026-01-25 10:10:00,190.31,25.83,113.04,4.9,2.37,11.76,Defect,Crack
B03518,M02,2026-01-25 10:20:00,168.16,23.31,80.63,4.54,3.46,11.2,Normal,None
B03519,M01,2026-01-25 10:30:00,205.43,23.65,88.51,4.38,3.31,13.2,Normal,None
B03520,M04,2026-01-25 10:40:00,198.3,25.64,75.02,4.63,3.11,12.05,Normal,None
B03521,M04,2026-01-25 10:50:00,239.93,27.05,121.82,4.27,3.07,13.82,Defect,Burn_Through
B03522,M04,2026-01-25 11:00:00,154.98,24.81,71.48,4.51,2.84,15.13,Defect,Incomplete_Weld
B03523,M01,2026-01-25 11:10:00,187.14,26.22,74.56,4.7,2.79,10.37,Normal,None
B03524,M01,2026-01-25 11:20:00,172.4,25.44,91.48,4.18,3.19,11.69,Normal,None
B03525,M04,2026-01-25 11:30:00,218.08,24.38,86.36,4.21,2.64,13.34,Normal,None
B03526,M02,2026-01-25 11:40:00,201.93,25.15,85.39,4.79,3.16,11.57,Normal,None
B03527,M04,2026-01-25 11:50:00,185.32,23.91,95.53,4.24,3.86,13.15,Normal,None
B03528,M01,2026-01-25 12:00:00,204.22,24.24,113.64,3.43,2.78,10.91,Defect,Porosity
B03529,M01,2026-01-25 12:10:00,194.33,23.59,94.81,4.38,3.03,11.95,Normal,None
B03530,M03,2026-01-25 12:20:00,202.66,26.26,89.97,4.5,3.16,11.56,Normal,None
B03531,M04,2026-01-25 12:30:00,185.13,23.2,86.86,4.88,3.27,12.38,Normal,None
B03532,M02,2026-01-25 12:40:00,190.94,26.98,82.05,4.48,3.72,12.69,Normal,None
B03533,M02,2026-01-25 12:50:00,198.43,24.1,78.09,4.49,3.59,13.43,Normal,None
B03534,M03,2026-01-25 13:00:00,185.86,25.14,74.73,4.25,3.33,13.18,Normal,None
B03535,M02,2026-01-25 13:10:00,188.2,24.84,91.9,4.45,2.82,12.04,Normal,None
B03536,M02,2026-01-25 13:20:00,192.11,24.91,92.66,4.48,3.07,11.05,Normal,None
B03537,M02,2026-01-25 13:30:00,194.59,24.36,80.37,4.08,2.87,12.25,Normal,None
B03538,M03,2026-01-25 13:40:00,191.94,26.06,87.59,4.46,3.13,14.17,Normal,None
B03539,M03,2026-01-25 13:50:00,193.12,24.88,97.24,4.6,3.29,13.63,Normal,None
B03540,M04,2026-01-25 14:00:00,198.07,22.95,88.91,4.36,2.93,11.27,Normal,None
B03541,M02,2026-01-25 14:10:00,198.08,27.03,94.66,3.62,3.57,11.43,Normal,None
B03542,M04,2026-01-25 14:20:00,191.64,23.61,77.48,4.51,3.31,11.8,Normal,None
B03543,M01,2026-01-25 14:30:00,192.45,25.47,84.83,4.6,3.29,12.34,Normal,None
B03544,M04,2026-01-25 14:40:00,193.12,24.74,82.33,4.93,3.64,11.2,Normal,None
B03545,M03,2026-01-25 14:50:00,170.91,25.98,88.74,4.55,3.44,11.91,Normal,None
B03546,M01,2026-01-25 15:00:00,181.37,23.97,79.05,4.57,3.14,12.71,Normal,None
B03547,M04,2026-01-25 15:10:00,176.75,25.64,90.55,4.61,3.59,10.92,Normal,None
B03548,M03,2026-01-25 15:20:00,194.04,26.07,86.86,4.9,3.26,11.57,Normal,None
B03549,M04,2026-01-25 15:30:00,183.48,24.92,75.87,4.39,3.82,11.08,Normal,None
B03550,M01,2026-01-25 15:40:00,176.02,23.93,71.69,4.23,3.25,12.21,Normal,None
B03551,M04,2026-01-25 15:50:00,190.4,25.39,91.07,4.5,2.77,13.5,Normal,None
B03552,M03,2026-01-25 16:00:00,189.46,24.63,82.57,4.47,3.04,10.94,Normal,None
B03553,M02,2026-01-25 16:10:00,205.26,24.18,79.76,4.37,2.75,12.97,Normal,None
B03554,M03,2026-01-25 16:20:00,202.15,25.85,88.27,4.73,3.14,11.3,Normal,None
B03555,M04,2026-01-25 16:30:00,180.6,23.78,93.53,4.53,3.01,10.73,Normal,None
B03556,M03,2026-01-25 16:40:00,191.11,25.05,84.47,4.3,3.2,10.98,Normal,None
B03557,M02,2026-01-25 16:50:00,197.49,27.09,82.29,4.65,3.28,11.88,Normal,None
B03558,M02,2026-01-25 17:00:00,196.83,25.28,85.98,4.38,2.78,12.29,Normal,None
B03559,M03,2026-01-25 17:10:00,185.6,23.3,90.58,4.51,2.83,11.86,Normal,None
B03560,M02,2026-01-25 17:20:00,203.43,23.21,76.77,4.27,3.2,11.92,Normal,None
B03561,M02,2026-01-25 17:30:00,190.73,25.79,81.62,4.98,3.45,12.03,Normal,None
B03562,M02,2026-01-25 17:40:00,189.1,24.8,77.46,4.56,2.94,12.19,Normal,None
B03563,M01,2026-01-25 17:50:00,147.99,24.27,85.84,3.91,2.07,16.93,Defect,Incomplete_Weld
B03564,M02,2026-01-25 18:00:00,186.25,24.07,103.86,5.03,3.44,13.35,Normal,None
B03565,M02,2026-01-25 18:10:00,179.64,25.18,96.2,4.17,3.4,12.22,Normal,None
B03566,M04,2026-01-25 18:20:00,183.1,23.83,82.95,4.38,3.06,11.53,Normal,None
B03567,M02,2026-01-25 18:30:00,189.16,24.1,88.8,4.67,3.49,12.19,Normal,None
B03568,M02,2026-01-25 18:40:00,186.98,22.54,102.28,4.38,3.35,10.49,Normal,None
B03569,M01,2026-01-25 18:50:00,179.61,24.02,65.34,4.45,2.55,11.76,Normal,None
B03570,M03,2026-01-25 19:00:00,195.59,22.34,83.5,4.23,2.74,13.36,Normal,None
B03571,M04,2026-01-25 19:10:00,195.17,25.13,84.46,4.61,3.34,11.1,Normal,None
B03572,M01,2026-01-25 19:20:00,188.89,23.25,83.93,4.6,3.16,11.36,Normal,None
B03573,M03,2026-01-25 19:30:00,194.3,25.5,79.92,4.72,2.71,12.84,Normal,None
B03574,M01,2026-01-25 19:40:00,196.64,22.74,78.12,4.69,3.52,11.74,Normal,None
B03575,M03,2026-01-25 19:50:00,181.93,23.68,92.87,4.19,3.06,11.67,Normal,None
B03576,M01,2026-01-25 20:00:00,181.67,25.32,84.39,4.31,3.23,10.82,Normal,None
B03577,M02,2026-01-25 20:10:00,185.06,23.9,74.4,4.79,3.06,12.18,Normal,None
B03578,M02,2026-01-25 20:20:00,176.71,23.4,85.85,4.72,3.12,11.28,Normal,None
B03579,M01,2026-01-25 20:30:00,180.95,24.52,95.32,4.37,3.2,13.52,Normal,None
B03580,M01,2026-01-25 20:40:00,206.37,25.16,84.09,4.27,3.24,12.09,Normal,None
B03581,M02,2026-01-25 20:50:00,183.67,24.2,87.89,4.49,3.19,11.37,Normal,None
B03582,M03,2026-01-25 21:00:00,201.72,22.99,79.18,4.57,3.17,13.04,Normal,None
B03583,M02,2026-01-25 21:10:00,188.72,24.09,119.86,4.84,3.18,10.96,Defect,Crack
B03584,M03,2026-01-25 21:20:00,193.95,27.53,76.9,4.08,3.58,11.42,Normal,None
B03585,M02,2026-01-25 21:30:00,181.29,23.45,80.98,4.57,3.13,11.42,Normal,None
B03586,M02,2026-01-25 21:40:00,172.87,24.78,84.66,4.24,3.25,13.74,Normal,None
B03587,M04,2026-01-25 21:50:00,191.16,23.12,80.03,4.15,3.43,11.85,Normal,None
B03588,M01,2026-01-25 22:00:00,206.59,23.62,75.26,4.41,3.16,12.75,Normal,None
B03589,M02,2026-01-25 22:10:00,199.31,25.18,88.67,4.66,3.15,12.33,Normal,None
B03590,M02,2026-01-25 22:20:00,211.1,24.38,71.16,4.16,3.35,12.46,Normal,None
B03591,M04,2026-01-25 22:30:00,169.51,24.19,85.09,4.38,2.28,18.02,Defect,Incomplete_Weld
B03592,M01,2026-01-25 22:40:00,180.09,25.55,84.62,4.23,3.43,12.29,Normal,None
B03593,M03,2026-01-25 22:50:00,192.18,23.48,82.07,4.92,3.22,10.7,Normal,None
B03594,M04,2026-01-25 23:00:00,220.52,23.02,119.76,3.86,2.97,12.54,Defect,Porosity
B03595,M03,2026-01-25 23:10:00,204.84,22.8,85.95,5.06,3.38,13.67,Normal,None
B03596,M03,2026-01-25 23:20:00,153.52,23.27,81.46,4.09,2.5,16.29,Defect,Incomplete_Weld
B03597,M01,2026-01-25 23:30:00,227.95,27.22,127.42,4.58,3.29,13.07,Defect,Burn_Through
B03598,M04,2026-01-25 23:40:00,172.36,24.5,90.67,5.01,3.27,14.69,Normal,None
B03599,M01,2026-01-25 23:50:00,185.77,23.43,88.64,4.53,2.85,10.47,Normal,None
B03600,M02,2026-01-26 00:00:00,170.59,24.74,86.64,4.65,3.08,12.43,Normal,None
B03601,M01,2026-01-26 00:10:00,195.09,24.8,81.73,3.65,3.49,9.16,Normal,None
B03602,M02,2026-01-26 00:20:00,197.73,24.48,73.5,4.67,3.4,12.43,Normal,None
B03603,M04,2026-01-26 00:30:00,200.35,22.48,80.72,3.64,3.12,11.65,Normal,None
B03604,M02,2026-01-26 00:40:00,189.7,25.24,82.74,4.22,2.99,12.72,Normal,None
B03605,M03,2026-01-26 00:50:00,191.67,23.87,78.76,4.25,3.33,12.47,Normal,None
B03606,M02,2026-01-26 01:00:00,187.49,22.86,95.96,4.51,2.82,11.1,Normal,None
B03607,M04,2026-01-26 01:10:00,185.19,23.8,70.44,4.61,3.28,12.21,Normal,None
B03608,M03,2026-01-26 01:20:00,144.01,26.78,88.71,4.83,2.62,13.8,Defect,Incomplete_Weld
B03609,M01,2026-01-26 01:30:00,198.93,23.54,87.0,4.61,3.13,12.83,Normal,None
B03610,M04,2026-01-26 01:40:00,180.2,23.82,73.76,4.62,3.39,11.63,Normal,None
B03611,M02,2026-01-26 01:50:00,195.64,25.34,86.19,4.53,2.65,13.45,Normal,None
B03612,M04,2026-01-26 02:00:00,196.34,24.28,79.85,4.41,3.32,12.41,Normal,None
B03613,M01,2026-01-26 02:10:00,200.58,23.64,83.44,4.22,3.02,12.63,Normal,None
B03614,M01,2026-01-26 02:20:00,202.31,24.95,74.38,4.6,3.42,12.52,Normal,None
B03615,M04,2026-01-26 02:30:00,186.23,26.87,96.2,4.58,3.55,11.35,Normal,None
B03616,M04,2026-01-26 02:40:00,187.67,24.4,88.83,4.32,3.44,12.17,Normal,None
B03617,M04,2026-01-26 02:50:00,162.73,23.65,62.23,4.35,3.04,13.11,Normal,None
B03618,M01,2026-01-26 03:00:00,196.62,22.86,80.07,4.7,3.07,11.58,Normal,None
B03619,M02,2026-01-26 03:10:00,136.35,23.02,89.67,4.24,2.38,14.48,Defect,Incomplete_Weld
B03620,M02,2026-01-26 03:20:00,188.76,23.31,74.89,5.18,3.36,11.76,Normal,None
B03621,M03,2026-01-26 03:30:00,182.3,23.89,82.51,4.13,3.23,11.93,Normal,None
B03622,M02,2026-01-26 03:40:00,188.9,25.29,96.73,4.94,3.36,11.78,Normal,None
B03623,M03,2026-01-26 03:50:00,198.66,22.71,89.07,4.55,3.15,12.92,Normal,None
B03624,M03,2026-01-26 04:00:00,199.67,23.58,85.6,4.6,3.27,10.35,Normal,None
B03625,M04,2026-01-26 04:10:00,174.66,25.26,82.46,4.12,3.13,12.0,Normal,None
B03626,M02,2026-01-26 04:20:00,199.42,25.57,70.6,4.29,3.66,11.25,Normal,None
B03627,M01,2026-01-26 04:30:00,187.41,24.99,69.82,4.13,3.16,12.55,Normal,None
B03628,M02,2026-01-26 04:40:00,194.37,24.46,79.77,4.66,3.39,12.6,Normal,None
B03629,M01,2026-01-26 04:50:00,202.88,25.49,87.52,5.24,3.32,12.79,Normal,None
B03630,M03,2026-01-26 05:00:00,195.62,24.06,75.13,4.43,3.16,11.55,Normal,None
B03631,M04,2026-01-26 05:10:00,177.59,24.66,81.07,4.08,2.92,12.2,Normal,None
B03632,M01,2026-01-26 05:20:00,196.74,23.86,92.32,4.66,3.5,13.82,Normal,None
B03633,M02,2026-01-26 05:30:00,194.22,25.57,84.99,4.3,3.17,10.1,Normal,None
B03634,M04,2026-01-26 05:40:00,208.75,24.39,103.38,3.26,3.25,12.0,Defect,Porosity
B03635,M02,2026-01-26 05:50:00,194.52,25.02,84.04,4.62,3.16,12.22,Normal,None
B03636,M04,2026-01-26 06:00:00,196.63,23.84,83.63,4.46,3.48,12.37,Normal,None
B03637,M03,2026-01-26 06:10:00,194.11,24.43,78.4,4.71,3.51,11.08,Normal,None
B03638,M01,2026-01-26 06:20:00,207.13,24.54,76.43,4.87,3.43,15.05,Normal,None
B03639,M03,2026-01-26 06:30:00,190.97,23.61,88.27,4.62,3.35,10.69,Normal,None
B03640,M02,2026-01-26 06:40:00,195.5,23.2,87.17,4.12,3.64,10.5,Normal,None
B03641,M03,2026-01-26 06:50:00,187.57,25.37,77.57,4.06,3.23,13.05,Normal,None
B03642,M02,2026-01-26 07:00:00,179.6,23.87,90.29,4.84,3.41,10.29,Normal,None
B03643,M03,2026-01-26 07:10:00,205.57,24.69,82.92,4.98,3.23,11.1,Normal,None
B03644,M01,2026-01-26 07:20:00,182.51,23.07,86.63,4.48,3.15,12.67,Normal,None
B03645,M02,2026-01-26 07:30:00,192.91,24.79,82.79,4.28,3.18,10.36,Normal,None
B03646,M02,2026-01-26 07:40:00,197.91,24.22,79.53,4.36,3.35,12.97,Normal,None
B03647,M03,2026-01-26 07:50:00,166.1,25.91,89.16,4.63,2.68,18.18,Defect,Incomplete_Weld
B03648,M02,2026-01-26 08:00:00,175.39,25.89,98.18,4.66,3.22,11.46,Normal,None
B03649,M04,2026-01-26 08:10:00,189.38,24.55,76.17,4.01,3.14,12.72,Normal,None
B03650,M01,2026-01-26 08:20:00,182.86,24.65,81.6,4.51,3.51,11.65,Normal,None
B03651,M01,2026-01-26 08:30:00,200.89,24.94,87.15,4.74,3.07,11.84,Normal,None
B03652,M04,2026-01-26 08:40:00,192.42,25.59,87.54,3.88,3.19,12.24,Normal,None
B03653,M03,2026-01-26 08:50:00,196.81,25.25,82.75,4.59,3.57,13.1,Normal,None
B03654,M04,2026-01-26 09:00:00,143.55,23.95,73.21,4.33,2.74,16.8,Defect,Incomplete_Weld
B03655,M04,2026-01-26 09:10:00,196.76,23.85,82.69,4.81,3.53,10.23,Normal,None
B03656,M03,2026-01-26 09:20:00,187.06,24.32,84.1,4.22,2.98,11.67,Normal,None
B03657,M03,2026-01-26 09:30:00,199.79,23.33,88.27,4.21,3.31,12.64,Normal,None
B03658,M03,2026-01-26 09:40:00,211.87,25.27,115.13,3.81,3.56,12.07,Defect,Porosity
B03659,M02,2026-01-26 09:50:00,191.49,24.38,81.01,4.17,3.21,10.75,Normal,None
B03660,M01,2026-01-26 10:00:00,147.14,23.2,88.99,5.02,3.09,16.31,Defect,Incomplete_Weld
B03661,M04,2026-01-26 10:10:00,153.36,23.82,77.22,4.22,2.27,14.03,Defect,Incomplete_Weld
B03662,M02,2026-01-26 10:20:00,213.48,27.26,91.84,4.47,3.43,10.65,Normal,None
B03663,M03,2026-01-26 10:30:00,182.08,24.92,72.36,5.11,3.56,13.51,Normal,None
B03664,M02,2026-01-26 10:40:00,179.49,23.56,87.06,4.37,3.23,11.78,Normal,None
B03665,M04,2026-01-26 10:50:00,191.9,23.48,90.19,4.36,3.37,10.74,Normal,None
B03666,M02,2026-01-26 11:00:00,189.42,24.13,92.47,4.62,3.16,12.62,Normal,None
B03667,M01,2026-01-26 11:10:00,200.89,23.98,87.62,4.68,3.13,12.26,Normal,None
B03668,M02,2026-01-26 11:20:00,188.12,25.3,90.34,4.58,3.4,10.9,Normal,None
B03669,M04,2026-01-26 11:30:00,194.6,24.96,80.12,4.38,3.35,11.54,Normal,None
B03670,M02,2026-01-26 11:40:00,178.12,22.86,89.98,4.26,3.0,10.06,Normal,None
B03671,M02,2026-01-26 11:50:00,189.85,23.71,81.68,4.45,3.1,12.5,Normal,None
B03672,M04,2026-01-26 12:00:00,183.42,25.1,82.11,4.68,2.83,10.82,Normal,None
B03673,M04,2026-01-26 12:10:00,191.56,23.27,82.46,4.37,3.12,10.5,Normal,None
B03674,M04,2026-01-26 12:20:00,195.92,25.44,80.14,4.85,2.95,11.71,Normal,None
B03675,M01,2026-01-26 12:30:00,223.36,27.74,132.71,4.71,2.99,11.09,Defect,Burn_Through
B03676,M01,2026-01-26 12:40:00,193.84,23.94,77.2,4.62,2.91,12.98,Normal,None
B03677,M01,2026-01-26 12:50:00,185.05,25.29,94.97,4.52,3.17,11.25,Normal,None
B03678,M03,2026-01-26 13:00:00,187.8,21.48,79.82,4.06,3.15,10.74,Normal,None
B03679,M02,2026-01-26 13:10:00,183.32,25.72,94.67,4.38,3.16,10.91,Normal,None
B03680,M03,2026-01-26 13:20:00,196.22,24.05,91.37,4.96,3.48,13.2,Normal,None
B03681,M03,2026-01-26 13:30:00,236.99,24.75,114.91,2.75,2.75,12.34,Defect,Porosity
B03682,M02,2026-01-26 13:40:00,181.72,24.02,78.23,4.39,3.12,11.94,Normal,None
B03683,M02,2026-01-26 13:50:00,197.88,25.39,92.35,4.43,3.55,11.25,Normal,None
B03684,M04,2026-01-26 14:00:00,182.81,25.74,83.89,4.84,3.07,11.63,Normal,None
B03685,M04,2026-01-26 14:10:00,189.46,25.86,84.24,4.86,3.62,11.33,Normal,None
B03686,M03,2026-01-26 14:20:00,199.58,25.04,78.65,4.41,2.99,11.12,Normal,None
B03687,M04,2026-01-26 14:30:00,180.47,25.81,75.53,4.67,3.2,12.54,Normal,None
B03688,M04,2026-01-26 14:40:00,228.82,27.26,110.18,4.88,3.65,10.61,Defect,Burn_Through
B03689,M02,2026-01-26 14:50:00,189.64,25.54,79.92,4.36,3.25,11.81,Normal,None
B03690,M04,2026-01-26 15:00:00,224.79,27.91,118.03,4.53,3.0,12.58,Defect,Burn_Through
B03691,M04,2026-01-26 15:10:00,191.31,22.37,80.78,4.74,3.45,12.41,Normal,None
B03692,M04,2026-01-26 15:20:00,192.91,23.09,79.15,4.86,3.3,14.06,Normal,None
B03693,M03,2026-01-26 15:30:00,172.48,24.9,79.35,4.49,3.12,10.9,Normal,None
B03694,M02,2026-01-26 15:40:00,189.54,24.46,86.95,4.19,2.97,8.81,Normal,None
B03695,M03,2026-01-26 15:50:00,201.98,24.27,123.6,4.63,2.49,11.56,Defect,Crack
B03696,M02,2026-01-26 16:00:00,199.99,24.87,107.7,4.48,3.0,11.37,Normal,None
B03697,M04,2026-01-26 16:10:00,181.73,25.94,92.19,4.47,3.38,11.91,Normal,None
B03698,M04,2026-01-26 16:20:00,186.14,24.36,75.86,4.72,3.19,11.31,Normal,None
B03699,M02,2026-01-26 16:30:00,206.29,24.41,106.5,3.77,3.47,12.58,Defect,Porosity
B03700,M01,2026-01-26 16:40:00,188.58,26.17,79.12,4.65,3.32,11.23,Normal,None
B03701,M01,2026-01-26 16:50:00,195.07,24.06,88.99,4.61,3.49,11.99,Normal,None
B03702,M04,2026-01-26 17:00:00,178.15,23.53,90.29,4.54,3.24,11.51,Normal,None
B03703,M03,2026-01-26 17:10:00,192.37,26.07,81.37,4.19,3.31,11.6,Normal,None
B03704,M01,2026-01-26 17:20:00,197.34,24.07,83.52,4.7,3.12,12.07,Normal,None
B03705,M03,2026-01-26 17:30:00,202.13,25.24,86.12,4.25,2.89,11.29,Normal,None
B03706,M02,2026-01-26 17:40:00,201.37,23.39,92.4,4.27,3.47,11.82,Normal,None
B03707,M04,2026-01-26 17:50:00,203.71,24.75,96.75,4.7,3.38,12.41,Normal,None
B03708,M02,2026-01-26 18:00:00,177.73,21.87,78.42,3.84,3.11,11.79,Normal,None
B03709,M01,2026-01-26 18:10:00,195.26,26.15,99.73,4.77,3.39,11.53,Normal,None
B03710,M03,2026-01-26 18:20:00,191.17,25.06,92.2,4.24,3.13,10.72,Normal,None
B03711,M04,2026-01-26 18:30:00,186.36,26.69,86.06,4.86,3.29,12.16,Normal,None
B03712,M03,2026-01-26 18:40:00,196.12,24.13,78.58,4.14,3.23,12.61,Normal,None
B03713,M01,2026-01-26 18:50:00,192.8,25.08,74.51,5.09,3.56,11.58,Normal,None
B03714,M01,2026-01-26 19:00:00,202.98,22.47,81.46,5.23,3.33,13.59,Normal,None
B03715,M02,2026-01-26 19:10:00,179.79,23.29,103.26,4.5,3.38,13.47,Normal,None
B03716,M02,2026-01-26 19:20:00,176.92,25.59,77.71,4.77,3.63,13.72,Normal,None
B03717,M01,2026-01-26 19:30:00,216.93,22.69,101.52,2.87,2.94,13.81,Defect,Porosity
B03718,M01,2026-01-26 19:40:00,185.75,23.79,83.33,4.86,2.97,10.96,Normal,None
B03719,M03,2026-01-26 19:50:00,172.43,24.67,95.02,4.41,3.54,10.55,Normal,None
B03720,M03,2026-01-26 20:00:00,182.25,25.97,86.2,4.71,3.07,12.12,Normal,None
B03721,M03,2026-01-26 20:10:00,218.63,27.63,112.14,4.07,3.37,10.84,Defect,Burn_Through
B03722,M03,2026-01-26 20:20:00,179.68,25.63,78.66,4.81,3.17,11.35,Normal,None
B03723,M04,2026-01-26 20:30:00,194.02,23.17,81.15,4.41,3.13,11.9,Normal,None
B03724,M04,2026-01-26 20:40:00,224.03,27.24,112.74,4.46,3.64,12.74,Defect,Burn_Through
B03725,M03,2026-01-26 20:50:00,201.34,22.74,83.24,4.45,3.13,11.52,Normal,None
B03726,M03,2026-01-26 21:00:00,174.1,23.92,93.72,4.78,2.11,13.75,Defect,Incomplete_Weld
B03727,M01,2026-01-26 21:10:00,184.45,23.9,87.59,4.49,3.34,12.88,Normal,None
B03728,M04,2026-01-26 21:20:00,197.39,24.99,91.29,4.75,3.15,11.25,Normal,None
B03729,M02,2026-01-26 21:30:00,200.31,24.65,81.3,4.52,3.04,12.54,Normal,None
B03730,M01,2026-01-26 21:40:00,195.14,24.79,77.36,4.51,3.1,12.53,Normal,None
B03731,M04,2026-01-26 21:50:00,190.45,24.26,71.67,4.71,2.97,11.04,Normal,None
B03732,M02,2026-01-26 22:00:00,189.2,24.72,70.97,4.69,2.81,12.15,Normal,None
B03733,M03,2026-01-26 22:10:00,170.77,25.22,96.49,5.07,3.08,11.33,Normal,None
B03734,M01,2026-01-26 22:20:00,193.23,23.79,89.27,4.9,3.1,11.89,Normal,None
B03735,M04,2026-01-26 22:30:00,197.23,24.76,76.35,4.54,3.15,12.14,Normal,None
B03736,M04,2026-01-26 22:40:00,200.62,25.41,98.32,4.0,3.11,13.08,Normal,None
B03737,M04,2026-01-26 22:50:00,201.47,23.11,83.75,4.75,2.77,10.87,Normal,None
B03738,M02,2026-01-26 23:00:00,199.91,27.55,126.28,4.26,3.51,11.46,Defect,Burn_Through
B03739,M03,2026-01-26 23:10:00,184.73,23.54,82.6,4.94,3.23,12.65,Normal,None
B03740,M02,2026-01-26 23:20:00,184.65,24.82,89.0,4.4,2.7,12.5,Normal,None
B03741,M04,2026-01-26 23:30:00,171.89,23.71,96.86,4.32,3.65,10.36,Normal,None
B03742,M02,2026-01-26 23:40:00,192.81,25.0,120.67,4.35,2.84,13.16,Defect,Crack
B03743,M01,2026-01-26 23:50:00,205.4,23.74,88.3,4.24,3.07,13.02,Normal,None
B03744,M03,2026-01-27 00:00:00,197.05,24.14,76.15,4.07,3.12,13.64,Normal,None
B03745,M01,2026-01-27 00:10:00,189.27,23.26,89.61,4.57,3.45,10.56,Normal,None
B03746,M03,2026-01-27 00:20:00,210.97,24.25,86.37,4.47,3.14,11.42,Normal,None
B03747,M04,2026-01-27 00:30:00,203.65,23.34,85.65,4.39,3.32,11.64,Normal,None
B03748,M03,2026-01-27 00:40:00,182.55,23.2,86.34,4.15,3.05,11.99,Normal,None
B03749,M01,2026-01-27 00:50:00,185.15,24.81,97.44,4.28,2.83,12.74,Normal,None
B03750,M04,2026-01-27 01:00:00,201.55,23.3,86.98,4.56,3.17,13.38,Normal,None
B03751,M01,2026-01-27 01:10:00,179.19,22.66,91.11,5.02,3.38,11.16,Normal,None
B03752,M02,2026-01-27 01:20:00,198.2,23.96,83.22,4.82,3.57,12.65,Normal,None
B03753,M01,2026-01-27 01:30:00,186.33,24.84,91.42,4.49,3.31,10.92,Normal,None
B03754,M02,2026-01-27 01:40:00,186.83,25.27,85.46,4.27,3.1,14.04,Normal,None
B03755,M01,2026-01-27 01:50:00,170.86,22.76,80.43,4.72,2.99,15.46,Normal,None
B03756,M02,2026-01-27 02:00:00,185.78,25.44,95.94,4.18,3.54,13.09,Normal,None
B03757,M03,2026-01-27 02:10:00,207.45,24.47,82.18,4.64,3.56,15.53,Normal,None
B03758,M04,2026-01-27 02:20:00,184.58,25.56,98.05,4.35,3.51,13.5,Normal,None
B03759,M01,2026-01-27 02:30:00,188.71,24.77,68.52,4.78,3.13,11.05,Normal,None
B03760,M03,2026-01-27 02:40:00,194.04,24.65,83.13,4.49,3.39,13.34,Normal,None
B03761,M02,2026-01-27 02:50:00,189.86,23.87,94.48,4.04,3.14,11.94,Normal,None
B03762,M02,2026-01-27 03:00:00,185.82,24.33,93.28,4.78,3.39,12.74,Normal,None
B03763,M02,2026-01-27 03:10:00,205.98,24.85,78.64,4.5,3.02,13.77,Normal,None
B03764,M01,2026-01-27 03:20:00,201.99,25.13,88.1,4.59,3.16,11.42,Normal,None
B03765,M01,2026-01-27 03:30:00,182.58,23.98,70.57,4.33,2.8,13.07,Normal,None
B03766,M03,2026-01-27 03:40:00,177.27,24.27,87.61,4.69,2.79,11.47,Normal,None
B03767,M01,2026-01-27 03:50:00,214.09,25.26,103.84,3.64,3.51,13.43,Defect,Porosity
B03768,M01,2026-01-27 04:00:00,162.74,21.43,82.34,4.44,2.99,11.16,Normal,None
B03769,M03,2026-01-27 04:10:00,237.31,27.29,127.88,4.72,3.21,10.84,Defect,Burn_Through
B03770,M01,2026-01-27 04:20:00,148.23,24.21,82.76,4.92,2.01,15.64,Defect,Incomplete_Weld
B03771,M03,2026-01-27 04:30:00,197.63,25.05,100.81,4.93,3.14,11.66,Normal,None
B03772,M02,2026-01-27 04:40:00,151.53,25.01,81.57,4.42,2.55,16.28,Defect,Incomplete_Weld
B03773,M03,2026-01-27 04:50:00,176.36,24.26,87.08,4.68,3.16,11.46,Normal,None
B03774,M04,2026-01-27 05:00:00,187.05,26.07,77.53,4.77,3.43,12.94,Normal,None
B03775,M03,2026-01-27 05:10:00,189.81,26.06,77.83,4.7,3.1,9.79,Normal,None
B03776,M02,2026-01-27 05:20:00,176.79,24.59,79.82,4.52,3.2,12.63,Normal,None
B03777,M03,2026-01-27 05:30:00,202.3,24.7,77.74,4.33,3.37,13.31,Normal,None
B03778,M04,2026-01-27 05:40:00,193.08,25.68,90.85,4.52,3.12,12.82,Normal,None
B03779,M03,2026-01-27 05:50:00,189.77,24.51,75.32,4.48,3.11,12.99,Normal,None
B03780,M03,2026-01-27 06:00:00,174.39,23.61,79.23,4.26,2.54,10.9,Normal,None
B03781,M02,2026-01-27 06:10:00,167.34,23.3,95.29,4.26,3.19,11.18,Normal,None
B03782,M02,2026-01-27 06:20:00,181.45,23.25,83.08,4.78,3.21,11.96,Normal,None
B03783,M03,2026-01-27 06:30:00,183.18,23.83,82.43,4.52,2.87,11.57,Normal,None
B03784,M02,2026-01-27 06:40:00,195.74,23.22,80.96,4.53,2.91,12.19,Normal,None
B03785,M02,2026-01-27 06:50:00,205.64,24.78,111.56,3.01,3.45,12.2,Defect,Porosity
B03786,M04,2026-01-27 07:00:00,192.02,25.55,68.76,4.5,3.24,10.91,Normal,None
B03787,M04,2026-01-27 07:10:00,185.41,24.42,74.16,4.81,2.76,11.16,Normal,None
B03788,M02,2026-01-27 07:20:00,200.24,24.54,88.96,4.17,3.23,12.92,Normal,None
B03789,M02,2026-01-27 07:30:00,187.27,27.94,98.24,4.36,3.23,12.16,Normal,None
B03790,M02,2026-01-27 07:40:00,196.19,24.65,90.19,4.39,3.25,11.51,Normal,None
B03791,M02,2026-01-27 07:50:00,172.69,24.28,79.04,4.46,3.39,11.81,Normal,None
B03792,M04,2026-01-27 08:00:00,191.36,25.34,93.2,4.58,3.18,12.3,Normal,None
B03793,M04,2026-01-27 08:10:00,173.12,24.55,87.52,4.38,3.27,13.19,Normal,None
B03794,M01,2026-01-27 08:20:00,210.11,26.41,90.12,4.34,2.89,11.2,Normal,None
B03795,M03,2026-01-27 08:30:00,189.39,23.64,95.24,4.41,3.3,13.44,Normal,None
B03796,M03,2026-01-27 08:40:00,204.26,23.96,93.7,4.17,3.56,11.4,Normal,None
B03797,M04,2026-01-27 08:50:00,186.17,24.64,89.42,4.8,2.89,13.52,Normal,None
B03798,M01,2026-01-27 09:00:00,171.74,24.38,69.54,4.42,3.52,13.06,Normal,None
B03799,M01,2026-01-27 09:10:00,181.66,24.76,88.49,4.34,3.19,11.81,Normal,None
B03800,M02,2026-01-27 09:20:00,189.55,24.0,84.5,4.48,3.19,12.38,Normal,None
B03801,M04,2026-01-27 09:30:00,187.08,24.96,88.32,4.53,2.99,12.45,Normal,None
B03802,M01,2026-01-27 09:40:00,211.01,23.35,78.57,4.24,3.56,13.33,Normal,None
B03803,M01,2026-01-27 09:50:00,179.28,24.1,85.37,3.9,3.3,13.51,Normal,None
B03804,M03,2026-01-27 10:00:00,146.87,24.13,88.28,3.99,2.8,16.57,Defect,Incomplete_Weld
B03805,M02,2026-01-27 10:10:00,211.54,24.09,92.96,4.31,3.12,12.05,Normal,None
B03806,M02,2026-01-27 10:20:00,180.82,25.63,82.99,4.37,3.4,10.94,Normal,None
B03807,M04,2026-01-27 10:30:00,208.1,23.41,87.18,4.69,3.42,12.71,Normal,None
B03808,M03,2026-01-27 10:40:00,193.32,24.41,87.7,4.22,2.94,12.71,Normal,None
B03809,M04,2026-01-27 10:50:00,187.37,25.87,88.4,4.41,3.26,12.04,Normal,None
B03810,M02,2026-01-27 11:00:00,202.91,23.88,94.8,4.42,3.45,11.96,Normal,None
B03811,M01,2026-01-27 11:10:00,206.05,24.02,109.52,3.4,2.55,11.25,Defect,Porosity
B03812,M01,2026-01-27 11:20:00,192.76,24.18,90.31,4.27,3.45,11.99,Normal,None
B03813,M04,2026-01-27 11:30:00,163.25,23.89,91.44,5.03,2.99,15.85,Defect,Incomplete_Weld
B03814,M03,2026-01-27 11:40:00,193.94,24.4,93.42,4.77,3.15,12.68,Normal,None
B03815,M03,2026-01-27 11:50:00,191.23,24.57,88.11,4.81,3.48,11.3,Normal,None
B03816,M02,2026-01-27 12:00:00,184.68,24.23,82.81,4.77,3.65,11.29,Normal,None
B03817,M02,2026-01-27 12:10:00,184.5,25.98,79.05,4.65,3.71,13.46,Normal,None
B03818,M04,2026-01-27 12:20:00,194.17,25.63,94.55,4.81,2.98,11.56,Normal,None
B03819,M04,2026-01-27 12:30:00,210.57,24.62,82.33,4.11,3.21,13.14,Normal,None
B03820,M03,2026-01-27 12:40:00,198.5,24.02,89.84,4.41,3.77,12.69,Normal,None
B03821,M02,2026-01-27 12:50:00,202.17,23.88,81.48,4.46,3.07,11.27,Normal,None
B03822,M03,2026-01-27 13:00:00,201.89,24.65,95.71,4.01,3.49,11.43,Normal,None
B03823,M03,2026-01-27 13:10:00,161.87,26.05,102.3,4.64,2.68,12.98,Defect,Incomplete_Weld
B03824,M03,2026-01-27 13:20:00,188.48,22.46,86.54,4.42,3.28,13.63,Normal,None
B03825,M03,2026-01-27 13:30:00,196.14,23.51,85.07,4.07,2.97,11.92,Normal,None
B03826,M03,2026-01-27 13:40:00,187.33,22.49,112.67,4.45,2.26,14.6,Defect,Crack
B03827,M01,2026-01-27 13:50:00,186.18,24.58,86.48,4.92,3.03,11.84,Normal,None
B03828,M01,2026-01-27 14:00:00,181.14,23.75,79.09,4.24,3.19,11.84,Normal,None
B03829,M03,2026-01-27 14:10:00,155.7,24.72,88.0,4.89,2.45,13.65,Defect,Incomplete_Weld
B03830,M01,2026-01-27 14:20:00,203.29,25.77,88.58,4.53,2.91,10.75,Normal,None
B03831,M01,2026-01-27 14:30:00,195.51,25.79,78.14,4.09,3.82,11.93,Normal,None
B03832,M03,2026-01-27 14:40:00,195.04,26.1,72.98,4.44,3.08,13.95,Normal,None
B03833,M03,2026-01-27 14:50:00,197.1,24.59,92.56,4.35,3.02,10.45,Normal,None
B03834,M02,2026-01-27 15:00:00,194.45,24.99,89.36,4.71,3.1,11.79,Normal,None
B03835,M04,2026-01-27 15:10:00,211.73,25.33,93.9,3.36,3.56,12.2,Defect,Porosity
B03836,M02,2026-01-27 15:20:00,218.42,24.43,100.02,3.02,3.06,9.97,Defect,Porosity
B03837,M02,2026-01-27 15:30:00,169.43,25.47,91.58,4.38,2.72,9.96,Normal,None
B03838,M01,2026-01-27 15:40:00,179.02,23.19,108.77,4.17,2.63,12.41,Defect,Crack
B03839,M03,2026-01-27 15:50:00,178.69,24.78,93.91,4.52,3.08,13.93,Normal,None
B03840,M01,2026-01-27 16:00:00,200.04,23.92,74.3,4.28,3.11,12.27,Normal,None
B03841,M02,2026-01-27 16:10:00,195.94,23.69,90.52,4.44,3.27,13.56,Normal,None
B03842,M03,2026-01-27 16:20:00,188.99,25.27,88.19,4.66,3.01,11.85,Normal,None
B03843,M04,2026-01-27 16:30:00,185.3,22.69,83.82,4.19,3.55,13.14,Normal,None
B03844,M02,2026-01-27 16:40:00,190.7,24.2,84.65,3.93,2.71,11.88,Normal,None
B03845,M02,2026-01-27 16:50:00,195.28,25.43,88.47,4.45,3.25,12.93,Normal,None
B03846,M04,2026-01-27 17:00:00,216.13,25.18,116.95,3.14,3.05,12.35,Defect,Porosity
B03847,M03,2026-01-27 17:10:00,195.92,25.81,80.1,4.58,3.52,11.72,Normal,None
B03848,M03,2026-01-27 17:20:00,197.67,26.1,97.73,4.35,3.24,11.67,Normal,None
B03849,M01,2026-01-27 17:30:00,238.32,26.91,115.84,4.36,3.49,10.53,Defect,Burn_Through
B03850,M02,2026-01-27 17:40:00,191.73,23.81,88.52,4.98,3.08,11.03,Normal,None
B03851,M03,2026-01-27 17:50:00,202.86,25.71,85.1,4.23,3.41,12.02,Normal,None
B03852,M04,2026-01-27 18:00:00,200.01,24.07,85.33,4.6,2.96,14.1,Normal,None
B03853,M02,2026-01-27 18:10:00,235.54,26.78,122.83,3.86,3.0,12.02,Defect,Burn_Through
B03854,M03,2026-01-27 18:20:00,213.91,26.54,126.89,4.14,3.2,11.29,Defect,Burn_Through
B03855,M03,2026-01-27 18:30:00,180.92,24.14,68.24,4.68,3.17,13.26,Normal,None
B03856,M04,2026-01-27 18:40:00,204.05,25.76,77.46,4.09,3.36,12.58,Normal,None
B03857,M02,2026-01-27 18:50:00,185.93,23.42,87.35,4.63,3.25,11.64,Normal,None
B03858,M02,2026-01-27 19:00:00,169.04,24.09,79.41,4.44,2.95,11.19,Normal,None
B03859,M02,2026-01-27 19:10:00,199.76,24.36,75.12,4.3,3.5,12.89,Normal,None
B03860,M03,2026-01-27 19:20:00,185.05,26.17,79.89,4.31,3.48,11.63,Normal,None
B03861,M01,2026-01-27 19:30:00,206.83,24.7,85.56,4.33,3.25,10.57,Normal,None
B03862,M02,2026-01-27 19:40:00,192.0,24.8,82.45,4.87,3.16,10.83,Normal,None
B03863,M01,2026-01-27 19:50:00,164.73,25.01,91.35,4.86,3.39,11.81,Normal,None
B03864,M01,2026-01-27 20:00:00,185.69,24.38,83.86,4.61,3.39,13.0,Normal,None
B03865,M03,2026-01-27 20:10:00,214.71,29.35,112.22,4.28,2.95,10.85,Defect,Burn_Through
B03866,M03,2026-01-27 20:20:00,191.94,24.44,92.31,4.52,3.12,12.61,Normal,None
B03867,M02,2026-01-27 20:30:00,200.23,22.21,78.3,4.7,3.5,13.32,Normal,None
B03868,M04,2026-01-27 20:40:00,176.69,24.16,88.14,4.42,3.55,11.88,Normal,None
B03869,M01,2026-01-27 20:50:00,191.06,24.91,86.77,4.22,3.16,12.76,Normal,None
B03870,M04,2026-01-27 21:00:00,171.87,23.19,98.02,4.31,3.38,13.8,Normal,None
B03871,M03,2026-01-27 21:10:00,212.91,26.41,88.39,4.75,3.1,12.11,Normal,None
B03872,M03,2026-01-27 21:20:00,186.24,24.91,91.9,4.74,3.16,13.08,Normal,None
B03873,M02,2026-01-27 21:30:00,178.89,24.42,89.77,4.59,3.32,11.56,Normal,None
B03874,M04,2026-01-27 21:40:00,202.43,24.43,89.45,4.91,3.23,11.78,Normal,None
B03875,M01,2026-01-27 21:50:00,173.96,26.95,86.82,4.77,3.39,13.37,Normal,None
B03876,M04,2026-01-27 22:00:00,206.83,24.89,87.61,4.54,2.93,13.16,Normal,None
B03877,M02,2026-01-27 22:10:00,183.5,26.5,81.19,4.81,2.88,11.49,Normal,None
B03878,M01,2026-01-27 22:20:00,173.18,24.02,79.1,4.37,3.2,10.96,Normal,None
B03879,M01,2026-01-27 22:30:00,187.5,25.01,78.93,5.21,3.43,13.2,Normal,None
B03880,M04,2026-01-27 22:40:00,182.55,24.48,81.22,4.65,3.71,10.46,Normal,None
B03881,M02,2026-01-27 22:50:00,186.09,25.82,74.19,4.27,2.98,12.83,Normal,None
B03882,M01,2026-01-27 23:00:00,167.65,24.93,81.96,4.67,3.44,11.32,Normal,None
B03883,M04,2026-01-27 23:10:00,185.07,22.39,87.27,4.06,3.58,11.84,Normal,None
B03884,M02,2026-01-27 23:20:00,214.89,25.22,76.36,4.83,3.72,10.95,Normal,None
B03885,M01,2026-01-27 23:30:00,228.7,26.15,145.08,4.35,3.18,12.45,Defect,Burn_Through
B03886,M02,2026-01-27 23:40:00,199.44,22.54,90.5,4.19,3.29,11.98,Normal,None
B03887,M02,2026-01-27 23:50:00,201.84,24.76,88.62,4.63,3.22,11.57,Normal,None
B03888,M03,2026-01-28 00:00:00,177.39,24.42,85.52,4.47,3.21,12.51,Normal,None
B03889,M04,2026-01-28 00:10:00,233.47,26.84,123.6,4.86,3.0,10.11,Defect,Burn_Through
B03890,M01,2026-01-28 00:20:00,187.9,22.6,84.64,4.47,2.93,10.88,Normal,None
B03891,M02,2026-01-28 00:30:00,201.1,26.47,83.45,5.23,3.37,13.0,Normal,None
B03892,M04,2026-01-28 00:40:00,151.63,24.65,83.44,4.76,2.63,15.25,Defect,Incomplete_Weld
B03893,M04,2026-01-28 00:50:00,208.34,25.3,77.26,4.31,3.09,12.16,Normal,None
B03894,M02,2026-01-28 01:00:00,177.9,23.65,88.91,4.08,3.31,11.01,Normal,None
B03895,M03,2026-01-28 01:10:00,175.28,24.08,80.96,4.23,2.98,11.97,Normal,None
B03896,M04,2026-01-28 01:20:00,184.1,24.7,84.88,4.22,2.81,12.26,Normal,None
B03897,M01,2026-01-28 01:30:00,177.05,25.31,82.22,4.61,3.13,11.15,Normal,None
B03898,M02,2026-01-28 01:40:00,197.42,25.5,89.88,4.18,2.85,10.23,Normal,None
B03899,M03,2026-01-28 01:50:00,196.87,26.9,120.03,3.97,2.87,12.8,Defect,Crack
B03900,M01,2026-01-28 02:00:00,185.61,24.53,127.71,4.23,2.8,11.61,Defect,Crack
B03901,M04,2026-01-28 02:10:00,189.1,22.53,72.29,4.8,3.59,11.95,Normal,None
B03902,M04,2026-01-28 02:20:00,180.62,23.37,83.25,4.48,3.24,12.85,Normal,None
B03903,M02,2026-01-28 02:30:00,184.73,24.1,95.1,4.47,3.13,12.66,Normal,None
B03904,M03,2026-01-28 02:40:00,191.51,25.26,107.87,4.56,2.63,12.04,Defect,Crack
B03905,M01,2026-01-28 02:50:00,190.72,25.56,76.13,4.09,2.88,11.64,Normal,None
B03906,M04,2026-01-28 03:00:00,191.31,24.31,88.51,4.16,3.01,11.66,Normal,None
B03907,M01,2026-01-28 03:10:00,175.0,23.31,82.44,4.63,3.28,10.35,Normal,None
B03908,M04,2026-01-28 03:20:00,186.14,24.44,126.57,3.84,2.39,12.91,Defect,Crack
B03909,M02,2026-01-28 03:30:00,185.85,22.5,82.23,4.87,3.11,11.89,Normal,None
B03910,M01,2026-01-28 03:40:00,192.95,23.24,84.22,4.27,2.69,11.57,Normal,None
B03911,M04,2026-01-28 03:50:00,189.51,24.27,106.5,4.5,2.67,13.1,Defect,Crack
B03912,M02,2026-01-28 04:00:00,182.51,23.75,93.39,4.49,3.0,11.37,Normal,None
B03913,M01,2026-01-28 04:10:00,190.14,22.64,77.95,4.44,2.93,11.75,Normal,None
B03914,M01,2026-01-28 04:20:00,208.79,23.81,76.57,4.47,3.25,12.2,Normal,None
B03915,M03,2026-01-28 04:30:00,141.29,24.47,83.47,4.59,2.3,16.55,Defect,Incomplete_Weld
B03916,M04,2026-01-28 04:40:00,193.37,25.52,94.09,4.9,3.44,12.51,Normal,None
B03917,M04,2026-01-28 04:50:00,183.86,24.46,64.65,4.99,3.7,14.45,Normal,None
B03918,M01,2026-01-28 05:00:00,197.25,23.79,82.83,4.85,3.01,11.32,Normal,None
B03919,M01,2026-01-28 05:10:00,192.46,24.16,86.51,4.55,3.5,11.37,Normal,None
B03920,M04,2026-01-28 05:20:00,177.96,22.19,91.92,4.7,3.21,12.33,Normal,None
B03921,M03,2026-01-28 05:30:00,189.33,25.08,86.98,4.84,2.84,11.89,Normal,None
B03922,M04,2026-01-28 05:40:00,204.99,24.29,92.75,4.5,3.14,13.2,Normal,None
B03923,M01,2026-01-28 05:50:00,186.68,25.73,86.96,4.13,3.09,14.1,Normal,None
B03924,M03,2026-01-28 06:00:00,157.08,25.61,77.32,4.46,2.53,15.51,Defect,Incomplete_Weld
B03925,M01,2026-01-28 06:10:00,160.4,24.31,119.46,4.25,2.65,13.84,Defect,Crack
B03926,M01,2026-01-28 06:20:00,180.99,24.0,91.65,4.58,3.24,12.62,Normal,None
B03927,M01,2026-01-28 06:30:00,192.89,25.06,85.56,4.04,3.24,11.63,Normal,None
B03928,M01,2026-01-28 06:40:00,183.55,25.43,84.2,4.77,3.96,12.5,Normal,None
B03929,M01,2026-01-28 06:50:00,174.27,25.02,72.95,4.29,3.51,13.3,Normal,None
B03930,M03,2026-01-28 07:00:00,200.5,24.23,96.09,4.06,3.3,12.74,Normal,None
B03931,M02,2026-01-28 07:10:00,192.72,23.07,74.32,4.52,3.73,13.35,Normal,None
B03932,M04,2026-01-28 07:20:00,208.0,23.93,92.47,4.18,2.77,10.71,Normal,None
B03933,M04,2026-01-28 07:30:00,191.6,25.73,82.07,4.75,3.25,12.25,Normal,None
B03934,M03,2026-01-28 07:40:00,182.22,24.84,91.5,4.01,3.28,10.89,Normal,None
B03935,M03,2026-01-28 07:50:00,198.61,24.23,94.92,3.97,3.25,10.82,Normal,None
B03936,M01,2026-01-28 08:00:00,223.44,26.29,115.8,4.54,2.77,12.37,Defect,Burn_Through
B03937,M03,2026-01-28 08:10:00,178.56,25.13,89.32,3.93,3.05,11.8,Normal,None
B03938,M03,2026-01-28 08:20:00,186.35,25.52,75.9,4.71,3.42,11.36,Normal,None
B03939,M02,2026-01-28 08:30:00,188.38,23.84,86.3,4.17,3.2,11.34,Normal,None
B03940,M04,2026-01-28 08:40:00,183.2,24.45,82.83,4.6,3.23,11.38,Normal,None
B03941,M02,2026-01-28 08:50:00,188.15,23.62,84.6,4.31,3.11,11.67,Normal,None
B03942,M02,2026-01-28 09:00:00,188.55,25.37,70.47,4.74,3.2,12.28,Normal,None
B03943,M01,2026-01-28 09:10:00,201.4,25.21,98.98,2.91,2.9,11.63,Defect,Porosity
B03944,M01,2026-01-28 09:20:00,241.44,26.09,114.11,4.2,2.96,10.54,Defect,Burn_Through
B03945,M02,2026-01-28 09:30:00,193.67,25.07,102.72,4.32,2.74,12.23,Normal,None
B03946,M01,2026-01-28 09:40:00,181.21,24.87,86.82,4.45,3.13,12.14,Normal,None
B03947,M01,2026-01-28 09:50:00,175.75,23.45,82.13,4.03,2.85,13.43,Normal,None
B03948,M04,2026-01-28 10:00:00,176.87,24.07,97.7,4.24,3.28,11.57,Normal,None
B03949,M02,2026-01-28 10:10:00,192.8,24.5,88.12,4.68,3.63,13.02,Normal,None
B03950,M02,2026-01-28 10:20:00,184.76,22.63,92.41,4.25,3.1,10.89,Normal,None
B03951,M01,2026-01-28 10:30:00,173.66,25.56,80.85,4.35,3.12,12.16,Normal,None
B03952,M03,2026-01-28 10:40:00,194.4,24.5,80.96,3.93,2.76,13.32,Normal,None
B03953,M03,2026-01-28 10:50:00,187.42,24.64,81.76,3.99,2.94,12.71,Normal,None
B03954,M03,2026-01-28 11:00:00,182.93,23.2,113.84,4.21,2.49,12.54,Defect,Crack
B03955,M01,2026-01-28 11:10:00,187.91,24.58,86.88,4.47,3.3,13.05,Normal,None
B03956,M03,2026-01-28 11:20:00,192.56,25.85,120.29,4.48,2.54,10.81,Defect,Crack
B03957,M01,2026-01-28 11:30:00,190.07,23.42,97.52,4.69,2.85,12.8,Normal,None
B03958,M02,2026-01-28 11:40:00,186.98,23.78,84.36,4.55,3.47,11.65,Normal,None
B03959,M03,2026-01-28 11:50:00,199.2,26.21,84.58,4.68,3.26,11.88,Normal,None
B03960,M01,2026-01-28 12:00:00,181.16,25.18,88.19,4.62,3.37,10.37,Normal,None
B03961,M03,2026-01-28 12:10:00,195.93,25.91,71.62,4.51,2.8,12.31,Normal,None
B03962,M02,2026-01-28 12:20:00,208.29,22.38,87.93,4.56,3.61,13.12,Normal,None
B03963,M03,2026-01-28 12:30:00,170.33,24.75,89.1,4.47,2.97,12.76,Normal,None
B03964,M01,2026-01-28 12:40:00,194.08,22.08,94.83,4.47,3.29,11.11,Normal,None
B03965,M04,2026-01-28 12:50:00,190.33,27.18,93.32,4.42,2.98,10.81,Normal,None
B03966,M03,2026-01-28 13:00:00,188.56,24.25,97.96,4.56,3.28,11.64,Normal,None
B03967,M04,2026-01-28 13:10:00,215.32,24.27,78.01,4.35,3.29,12.12,Normal,None
B03968,M03,2026-01-28 13:20:00,207.53,24.33,85.71,4.5,3.25,12.56,Normal,None
B03969,M04,2026-01-28 13:30:00,189.22,25.55,81.08,4.32,2.5,11.37,Normal,None
B03970,M04,2026-01-28 13:40:00,191.99,25.86,84.62,4.88,3.49,11.06,Normal,None
B03971,M03,2026-01-28 13:50:00,175.53,24.91,90.22,4.12,3.39,14.05,Normal,None
B03972,M04,2026-01-28 14:00:00,193.79,24.04,89.22,3.88,3.59,12.03,Normal,None
B03973,M04,2026-01-28 14:10:00,200.09,27.14,78.67,4.93,3.25,11.99,Normal,None
B03974,M01,2026-01-28 14:20:00,200.41,24.6,85.23,4.32,3.0,11.97,Normal,None
B03975,M01,2026-01-28 14:30:00,186.39,23.33,81.45,4.66,3.2,11.39,Normal,None
B03976,M03,2026-01-28 14:40:00,188.24,25.92,67.74,4.66,2.93,12.29,Normal,None
B03977,M01,2026-01-28 14:50:00,185.84,23.76,78.46,4.22,3.02,11.8,Normal,None
B03978,M04,2026-01-28 15:00:00,224.38,23.78,100.05,2.93,3.69,12.69,Defect,Porosity
B03979,M02,2026-01-28 15:10:00,183.1,25.92,77.61,4.98,3.23,11.82,Normal,None
B03980,M01,2026-01-28 15:20:00,193.65,24.12,92.05,4.2,3.02,12.33,Normal,None
B03981,M04,2026-01-28 15:30:00,182.99,25.17,91.9,3.81,2.83,12.18,Normal,None
B03982,M04,2026-01-28 15:40:00,182.25,25.16,84.07,4.09,2.93,12.77,Normal,None
B03983,M03,2026-01-28 15:50:00,182.15,24.25,90.59,4.79,3.58,12.0,Normal,None
B03984,M01,2026-01-28 16:00:00,191.39,22.87,120.48,4.47,2.17,11.85,Defect,Crack
B03985,M02,2026-01-28 16:10:00,183.44,25.25,89.43,4.45,3.28,12.41,Normal,None
B03986,M03,2026-01-28 16:20:00,192.68,24.01,87.55,5.34,3.09,12.08,Normal,None
B03987,M04,2026-01-28 16:30:00,191.96,25.92,76.78,4.39,3.61,11.94,Normal,None
B03988,M01,2026-01-28 16:40:00,174.69,23.69,84.93,4.19,2.27,16.07,Defect,Incomplete_Weld
B03989,M02,2026-01-28 16:50:00,183.88,25.47,84.65,4.77,2.89,11.73,Normal,None
B03990,M01,2026-01-28 17:00:00,170.0,23.76,84.66,4.23,3.11,12.24,Normal,None
B03991,M03,2026-01-28 17:10:00,228.7,24.51,109.22,2.98,2.88,10.56,Defect,Porosity
B03992,M02,2026-01-28 17:20:00,189.56,24.21,86.84,4.39,3.44,13.02,Normal,None
B03993,M02,2026-01-28 17:30:00,196.11,25.46,74.76,4.49,3.15,9.98,Normal,None
B03994,M02,2026-01-28 17:40:00,177.89,23.01,75.61,5.3,3.95,11.55,Normal,None
B03995,M02,2026-01-28 17:50:00,204.12,24.22,79.68,4.7,2.9,12.01,Normal,None
B03996,M03,2026-01-28 18:00:00,183.42,25.16,96.84,4.15,2.93,11.77,Normal,None
B03997,M02,2026-01-28 18:10:00,165.98,25.05,86.09,4.01,2.69,16.45,Defect,Incomplete_Weld
B03998,M03,2026-01-28 18:20:00,201.31,25.85,100.91,4.42,3.23,11.57,Normal,None
B03999,M03,2026-01-28 18:30:00,182.97,24.6,81.72,4.57,3.19,11.7,Normal,None
B04000,M04,2026-01-28 18:40:00,187.88,23.77,86.64,4.1,3.35,12.57,Normal,None
B04001,M03,2026-01-28 18:50:00,201.68,24.89,83.77,4.52,3.02,13.24,Normal,None
B04002,M02,2026-01-28 19:00:00,182.57,23.01,90.12,4.71,3.65,11.09,Normal,None
B04003,M04,2026-01-28 19:10:00,165.39,25.09,76.22,5.0,3.31,12.98,Normal,None
B04004,M01,2026-01-28 19:20:00,148.96,25.53,77.29,4.56,2.67,13.57,Defect,Incomplete_Weld
B04005,M04,2026-01-28 19:30:00,189.79,24.62,97.15,4.07,3.32,10.87,Normal,None
B04006,M02,2026-01-28 19:40:00,155.05,25.78,81.22,4.51,2.0,15.48,Defect,Incomplete_Weld
B04007,M03,2026-01-28 19:50:00,178.03,24.89,85.73,4.74,3.42,11.33,Normal,None
B04008,M04,2026-01-28 20:00:00,188.86,25.04,83.0,4.15,2.78,11.68,Normal,None
B04009,M03,2026-01-28 20:10:00,188.26,23.98,83.94,4.73,3.16,12.5,Normal,None
B04010,M01,2026-01-28 20:20:00,192.11,24.84,73.09,4.05,3.34,11.83,Normal,None
B04011,M03,2026-01-28 20:30:00,194.13,25.24,81.39,4.52,2.83,10.7,Normal,None
B04012,M04,2026-01-28 20:40:00,190.51,25.4,88.38,4.44,2.96,12.43,Normal,None
B04013,M02,2026-01-28 20:50:00,175.61,23.76,75.44,4.64,3.49,11.42,Normal,None
B04014,M03,2026-01-28 21:00:00,198.53,24.41,81.03,4.4,2.83,11.99,Normal,None
B04015,M01,2026-01-28 21:10:00,185.91,24.32,87.19,4.59,3.42,11.25,Normal,None
B04016,M02,2026-01-28 21:20:00,208.49,24.94,88.98,4.56,3.22,12.7,Normal,None
B04017,M03,2026-01-28 21:30:00,188.84,23.77,93.99,4.66,3.07,11.27,Normal,None
B04018,M01,2026-01-28 21:40:00,238.6,23.9,98.44,2.76,3.84,11.19,Defect,Porosity
B04019,M02,2026-01-28 21:50:00,193.31,25.15,80.08,5.3,3.45,10.34,Normal,None
B04020,M03,2026-01-28 22:00:00,190.64,24.51,77.81,4.54,3.27,12.97,Normal,None
B04021,M02,2026-01-28 22:10:00,179.75,24.81,78.42,4.52,3.23,13.07,Normal,None
B04022,M01,2026-01-28 22:20:00,200.35,23.72,103.44,3.08,3.49,12.36,Defect,Porosity
B04023,M03,2026-01-28 22:30:00,192.2,24.87,88.38,4.25,3.38,13.17,Normal,None
B04024,M03,2026-01-28 22:40:00,212.85,24.07,89.52,4.59,3.35,13.05,Normal,None
B04025,M02,2026-01-28 22:50:00,196.83,22.31,82.83,4.52,3.22,11.3,Normal,None
B04026,M02,2026-01-28 23:00:00,176.47,23.11,86.15,4.93,3.43,11.88,Normal,None
B04027,M02,2026-01-28 23:10:00,185.23,23.15,86.61,4.71,3.54,10.55,Normal,None
B04028,M03,2026-01-28 23:20:00,192.85,23.8,81.51,4.28,2.9,10.58,Normal,None
B04029,M03,2026-01-28 23:30:00,190.17,24.99,77.4,4.99,3.23,12.95,Normal,None
B04030,M01,2026-01-28 23:40:00,189.68,22.51,81.24,4.59,3.18,11.61,Normal,None
B04031,M02,2026-01-28 23:50:00,197.76,23.22,124.5,5.1,2.48,10.77,Defect,Crack
B04032,M03,2026-01-29 00:00:00,171.37,25.5,121.84,4.74,2.64,12.55,Defect,Crack
B04033,M02,2026-01-29 00:10:00,178.74,24.65,86.77,4.17,3.08,10.61,Normal,None
B04034,M03,2026-01-29 00:20:00,215.74,28.0,114.66,4.59,3.12,12.47,Defect,Burn_Through
B04035,M03,2026-01-29 00:30:00,179.36,25.29,82.38,4.8,3.29,12.57,Normal,None
B04036,M02,2026-01-29 00:40:00,188.06,25.55,77.78,5.04,3.37,12.88,Normal,None
B04037,M02,2026-01-29 00:50:00,186.21,24.17,81.31,4.68,2.91,12.06,Normal,None
B04038,M04,2026-01-29 01:00:00,181.26,23.52,88.29,4.51,2.9,12.51,Normal,None
B04039,M03,2026-01-29 01:10:00,178.55,23.48,83.96,4.45,3.56,12.04,Normal,None
B04040,M02,2026-01-29 01:20:00,200.26,23.86,74.46,4.31,2.66,12.13,Normal,None
B04041,M01,2026-01-29 01:30:00,202.36,24.93,82.96,4.24,3.32,12.13,Normal,None
B04042,M01,2026-01-29 01:40:00,188.82,26.6,101.53,4.65,3.03,11.72,Normal,None
B04043,M01,2026-01-29 01:50:00,191.84,22.6,80.07,4.36,3.34,14.11,Normal,None
B04044,M01,2026-01-29 02:00:00,182.1,21.88,75.45,4.85,3.06,9.32,Normal,None
B04045,M02,2026-01-29 02:10:00,214.04,24.81,86.72,4.47,3.05,12.34,Normal,None
B04046,M03,2026-01-29 02:20:00,200.87,23.56,87.5,4.27,3.33,12.65,Normal,None
B04047,M01,2026-01-29 02:30:00,230.82,23.53,94.05,3.65,3.05,12.28,Defect,Porosity
B04048,M04,2026-01-29 02:40:00,195.27,25.5,77.12,4.87,3.01,13.7,Normal,None
B04049,M04,2026-01-29 02:50:00,192.03,24.39,101.86,4.62,1.96,10.57,Defect,Crack
B04050,M01,2026-01-29 03:00:00,187.7,23.22,83.31,5.09,3.15,13.15,Normal,None
B04051,M04,2026-01-29 03:10:00,189.73,23.49,78.88,4.56,2.98,13.68,Normal,None
B04052,M03,2026-01-29 03:20:00,191.47,24.62,82.73,4.27,3.22,11.24,Normal,None
B04053,M04,2026-01-29 03:30:00,180.14,23.64,75.66,4.02,3.09,12.45,Normal,None
B04054,M04,2026-01-29 03:40:00,141.07,23.53,82.49,4.37,2.85,13.56,Defect,Incomplete_Weld
B04055,M02,2026-01-29 03:50:00,191.3,24.83,83.59,4.7,3.28,11.29,Normal,None
B04056,M03,2026-01-29 04:00:00,181.75,26.28,85.03,4.68,3.23,11.5,Normal,None
B04057,M01,2026-01-29 04:10:00,173.08,25.0,89.09,4.32,3.18,12.29,Normal,None
B04058,M03,2026-01-29 04:20:00,245.67,25.92,108.34,4.86,3.19,13.63,Defect,Burn_Through
B04059,M04,2026-01-29 04:30:00,177.08,25.11,85.88,4.7,3.02,10.27,Normal,None
B04060,M04,2026-01-29 04:40:00,172.81,23.31,78.8,4.3,3.37,11.19,Normal,None
B04061,M02,2026-01-29 04:50:00,179.72,23.92,89.02,4.18,3.32,10.47,Normal,None
B04062,M04,2026-01-29 05:00:00,203.98,24.72,79.62,4.18,2.95,10.1,Normal,None
B04063,M03,2026-01-29 05:10:00,199.33,25.93,88.2,4.96,3.07,10.87,Normal,None
B04064,M04,2026-01-29 05:20:00,191.74,24.33,91.97,4.61,2.79,12.43,Normal,None
B04065,M04,2026-01-29 05:30:00,180.18,24.39,73.88,4.39,3.29,13.32,Normal,None
B04066,M01,2026-01-29 05:40:00,194.16,23.63,91.53,4.62,3.39,10.47,Normal,None
B04067,M02,2026-01-29 05:50:00,176.05,23.05,84.61,4.44,3.17,13.13,Normal,None
B04068,M02,2026-01-29 06:00:00,201.34,22.78,86.01,4.66,3.39,10.09,Normal,None
B04069,M01,2026-01-29 06:10:00,174.49,23.69,92.43,3.98,2.99,13.44,Normal,None
B04070,M04,2026-01-29 06:20:00,164.21,24.49,104.75,4.74,2.26,16.17,Defect,Incomplete_Weld
B04071,M03,2026-01-29 06:30:00,222.66,27.25,129.83,4.0,3.41,10.02,Defect,Burn_Through
B04072,M01,2026-01-29 06:40:00,167.58,22.71,78.37,4.58,2.47,12.72,Defect,Incomplete_Weld
B04073,M03,2026-01-29 06:50:00,183.28,24.02,85.08,4.14,3.08,12.58,Normal,None
B04074,M01,2026-01-29 07:00:00,196.01,23.51,113.61,4.63,2.4,13.39,Defect,Crack
B04075,M02,2026-01-29 07:10:00,184.86,25.9,113.67,4.25,2.37,12.89,Defect,Crack
B04076,M01,2026-01-29 07:20:00,192.74,25.21,81.58,4.47,3.09,12.34,Normal,None
B04077,M01,2026-01-29 07:30:00,183.77,23.35,95.11,4.21,3.07,10.5,Normal,None
B04078,M02,2026-01-29 07:40:00,189.32,25.09,88.63,4.05,3.12,11.47,Normal,None
B04079,M01,2026-01-29 07:50:00,243.07,29.31,119.72,4.46,3.04,11.78,Defect,Burn_Through
B04080,M02,2026-01-29 08:00:00,187.48,24.83,82.46,4.76,3.23,13.17,Normal,None
B04081,M04,2026-01-29 08:10:00,196.73,23.92,87.61,4.06,3.5,12.39,Normal,None
B04082,M04,2026-01-29 08:20:00,193.89,25.23,86.51,4.56,3.05,10.29,Normal,None
B04083,M02,2026-01-29 08:30:00,197.09,23.58,83.58,4.28,3.14,11.23,Normal,None
B04084,M01,2026-01-29 08:40:00,192.8,24.71,85.55,4.47,3.6,12.06,Normal,None
B04085,M02,2026-01-29 08:50:00,183.38,26.67,81.19,4.56,3.2,13.09,Normal,None
B04086,M01,2026-01-29 09:00:00,225.93,23.39,103.55,3.0,3.38,12.91,Defect,Porosity
B04087,M04,2026-01-29 09:10:00,197.98,25.05,90.57,4.1,3.06,11.41,Normal,None
B04088,M04,2026-01-29 09:20:00,181.48,25.36,79.39,4.36,3.37,10.71,Normal,None
B04089,M03,2026-01-29 09:30:00,187.07,24.73,82.46,4.22,3.38,11.6,Normal,None
B04090,M04,2026-01-29 09:40:00,180.29,25.14,94.32,4.32,3.53,13.58,Normal,None
B04091,M02,2026-01-29 09:50:00,190.39,23.61,78.69,4.53,2.72,13.61,Normal,None
B04092,M02,2026-01-29 10:00:00,190.18,25.31,93.21,4.68,3.72,13.33,Normal,None
B04093,M03,2026-01-29 10:10:00,207.92,25.37,87.67,4.53,2.69,12.65,Normal,None
B04094,M03,2026-01-29 10:20:00,203.01,22.25,97.35,4.51,3.48,11.2,Normal,None
B04095,M01,2026-01-29 10:30:00,199.3,23.84,99.27,4.33,3.54,12.33,Normal,None
B04096,M02,2026-01-29 10:40:00,186.81,25.0,85.88,4.6,2.72,11.76,Normal,None
B04097,M02,2026-01-29 10:50:00,180.38,24.22,88.84,4.67,3.06,12.08,Normal,None
B04098,M02,2026-01-29 11:00:00,185.26,22.84,93.94,4.82,3.61,11.83,Normal,None
B04099,M01,2026-01-29 11:10:00,188.7,23.91,90.95,4.81,2.57,10.73,Normal,None
B04100,M04,2026-01-29 11:20:00,180.03,24.61,90.44,5.02,3.57,12.13,Normal,None
B04101,M01,2026-01-29 11:30:00,194.17,24.97,84.01,4.79,2.92,11.93,Normal,None
B04102,M02,2026-01-29 11:40:00,187.99,23.44,85.15,4.5,3.59,12.01,Normal,None
B04103,M04,2026-01-29 11:50:00,194.36,26.02,88.1,4.63,3.5,10.4,Normal,None
B04104,M04,2026-01-29 12:00:00,181.36,27.57,96.78,4.71,2.86,11.28,Normal,None
B04105,M02,2026-01-29 12:10:00,208.75,23.35,82.13,4.06,2.88,11.96,Normal,None
B04106,M02,2026-01-29 12:20:00,209.83,24.01,91.05,4.28,3.48,11.53,Normal,None
B04107,M04,2026-01-29 12:30:00,152.54,23.25,85.68,4.5,2.59,15.87,Defect,Incomplete_Weld
B04108,M03,2026-01-29 12:40:00,196.39,23.52,77.14,4.33,3.05,12.85,Normal,None
B04109,M02,2026-01-29 12:50:00,197.52,23.76,80.31,4.6,3.46,12.68,Normal,None
B04110,M01,2026-01-29 13:00:00,184.74,24.84,86.05,4.41,3.47,12.25,Normal,None
B04111,M01,2026-01-29 13:10:00,190.26,25.13,70.11,4.72,3.35,11.44,Normal,None
B04112,M01,2026-01-29 13:20:00,177.52,24.26,93.49,4.43,2.84,13.36,Normal,None
B04113,M01,2026-01-29 13:30:00,198.43,24.92,67.68,3.99,3.68,12.26,Normal,None
B04114,M01,2026-01-29 13:40:00,171.7,22.76,85.91,4.9,3.19,10.0,Normal,None
B04115,M01,2026-01-29 13:50:00,223.31,23.92,106.62,3.24,3.23,14.28,Defect,Porosity
B04116,M04,2026-01-29 14:00:00,191.45,25.17,82.17,4.34,2.98,12.79,Normal,None
B04117,M04,2026-01-29 14:10:00,189.62,25.26,89.05,4.36,2.92,11.6,Normal,None
B04118,M04,2026-01-29 14:20:00,203.35,25.98,77.46,4.57,2.99,12.9,Normal,None
B04119,M03,2026-01-29 14:30:00,193.3,24.63,86.88,4.27,3.08,11.33,Normal,None
B04120,M03,2026-01-29 14:40:00,171.63,23.43,88.75,4.45,3.57,12.19,Normal,None
B04121,M03,2026-01-29 14:50:00,205.6,23.56,79.68,4.67,3.07,12.02,Normal,None
B04122,M01,2026-01-29 15:00:00,189.95,24.16,89.51,4.96,3.22,11.82,Normal,None
B04123,M03,2026-01-29 15:10:00,187.68,24.24,85.63,4.9,3.13,11.11,Normal,None
B04124,M02,2026-01-29 15:20:00,201.0,23.85,86.18,4.3,2.94,12.6,Normal,None
B04125,M02,2026-01-29 15:30:00,160.75,25.91,86.32,4.71,3.02,11.75,Normal,None
B04126,M01,2026-01-29 15:40:00,198.93,22.73,93.95,4.63,3.52,12.54,Normal,None
B04127,M02,2026-01-29 15:50:00,186.4,25.57,85.12,4.19,3.3,12.24,Normal,None
B04128,M02,2026-01-29 16:00:00,185.51,23.56,95.24,4.35,3.37,13.01,Normal,None
B04129,M02,2026-01-29 16:10:00,196.96,26.59,95.42,4.61,3.16,13.85,Normal,None
B04130,M02,2026-01-29 16:20:00,180.27,25.9,86.54,4.62,3.51,12.32,Normal,None
B04131,M03,2026-01-29 16:30:00,204.98,25.06,93.66,4.73,2.77,12.13,Normal,None
B04132,M02,2026-01-29 16:40:00,192.69,26.6,129.5,4.22,2.9,11.24,Defect,Crack
B04133,M02,2026-01-29 16:50:00,191.12,25.35,87.63,4.31,3.35,11.37,Normal,None
B04134,M04,2026-01-29 17:00:00,192.44,24.18,95.52,4.07,3.04,10.93,Normal,None
B04135,M02,2026-01-29 17:10:00,201.68,25.15,67.88,4.0,3.7,11.44,Normal,None
B04136,M02,2026-01-29 17:20:00,185.69,22.47,95.87,4.3,3.1,11.91,Normal,None
B04137,M04,2026-01-29 17:30:00,177.94,23.7,86.49,4.74,3.1,12.48,Normal,None
B04138,M01,2026-01-29 17:40:00,195.45,25.01,90.71,3.87,2.96,13.29,Normal,None
B04139,M02,2026-01-29 17:50:00,229.16,25.4,114.24,4.32,3.45,13.34,Defect,Burn_Through
B04140,M04,2026-01-29 18:00:00,182.41,25.36,77.0,4.48,3.25,11.57,Normal,None
B04141,M04,2026-01-29 18:10:00,204.77,23.61,83.12,4.64,3.18,12.54,Normal,None
B04142,M02,2026-01-29 18:20:00,202.77,23.91,83.66,4.42,3.46,11.58,Normal,None
B04143,M02,2026-01-29 18:30:00,189.01,24.65,80.51,3.95,3.55,12.68,Normal,None
B04144,M02,2026-01-29 18:40:00,194.99,24.89,81.11,4.65,3.42,11.91,Normal,None
B04145,M03,2026-01-29 18:50:00,170.44,23.51,85.89,4.86,3.05,9.72,Normal,None
B04146,M01,2026-01-29 19:00:00,182.53,25.98,76.61,4.32,3.12,12.58,Normal,None
B04147,M04,2026-01-29 19:10:00,225.57,27.56,104.62,4.17,2.97,10.7,Defect,Burn_Through
B04148,M02,2026-01-29 19:20:00,192.3,22.97,89.15,3.82,3.54,14.58,Normal,None
B04149,M02,2026-01-29 19:30:00,209.34,25.43,80.54,4.55,2.98,11.99,Normal,None
B04150,M02,2026-01-29 19:40:00,176.22,22.49,66.17,4.46,2.68,13.36,Normal,None
B04151,M02,2026-01-29 19:50:00,162.77,23.7,79.25,4.57,3.15,11.81,Normal,None
B04152,M01,2026-01-29 20:00:00,206.07,24.26,88.92,4.77,2.95,12.45,Normal,None
B04153,M02,2026-01-29 20:10:00,194.84,24.06,81.65,4.63,2.94,10.85,Normal,None
B04154,M03,2026-01-29 20:20:00,204.84,24.59,86.78,4.52,3.05,9.21,Normal,None
B04155,M01,2026-01-29 20:30:00,185.86,24.8,88.29,4.82,3.74,12.41,Normal,None
B04156,M03,2026-01-29 20:40:00,186.37,24.81,83.79,4.44,3.37,13.25,Normal,None
B04157,M03,2026-01-29 20:50:00,182.02,25.23,80.52,4.64,3.16,11.08,Normal,None
B04158,M03,2026-01-29 21:00:00,188.46,25.92,92.05,4.88,3.18,10.69,Normal,None
B04159,M03,2026-01-29 21:10:00,190.95,24.62,82.0,4.43,3.25,12.24,Normal,None
B04160,M04,2026-01-29 21:20:00,183.83,22.76,93.53,4.39,3.46,11.87,Normal,None
B04161,M04,2026-01-29 21:30:00,206.0,24.35,85.95,4.0,2.96,11.17,Normal,None
B04162,M02,2026-01-29 21:40:00,195.97,24.07,85.88,4.7,3.36,11.32,Normal,None
B04163,M04,2026-01-29 21:50:00,242.71,28.15,131.47,4.66,2.74,13.92,Defect,Burn_Through
B04164,M01,2026-01-29 22:00:00,194.67,25.05,83.19,4.45,2.76,11.46,Normal,None
B04165,M01,2026-01-29 22:10:00,187.88,24.74,78.32,3.94,3.08,11.76,Normal,None
B04166,M04,2026-01-29 22:20:00,177.16,26.93,80.23,4.55,3.27,11.98,Normal,None
B04167,M04,2026-01-29 22:30:00,175.65,23.67,87.59,4.64,3.24,12.71,Normal,None
B04168,M03,2026-01-29 22:40:00,184.37,24.97,90.42,4.18,3.33,11.12,Normal,None
B04169,M01,2026-01-29 22:50:00,189.04,24.67,84.91,4.5,3.14,10.15,Normal,None
B04170,M04,2026-01-29 23:00:00,179.23,26.35,96.52,4.19,2.97,12.0,Normal,None
B04171,M01,2026-01-29 23:10:00,203.93,25.0,73.03,4.68,3.58,12.33,Normal,None
B04172,M01,2026-01-29 23:20:00,195.82,22.77,97.0,4.4,3.65,11.07,Normal,None
B04173,M03,2026-01-29 23:30:00,234.54,25.39,103.84,3.9,3.01,12.92,Defect,Porosity
B04174,M04,2026-01-29 23:40:00,184.6,25.64,83.76,4.0,3.1,11.31,Normal,None
B04175,M03,2026-01-29 23:50:00,206.11,24.47,83.48,4.91,3.07,12.7,Normal,None
B04176,M01,2026-01-30 00:00:00,190.37,23.57,81.83,4.75,2.79,11.65,Normal,None
B04177,M03,2026-01-30 00:10:00,185.86,24.19,87.45,4.75,3.23,11.5,Normal,None
B04178,M02,2026-01-30 00:20:00,191.93,25.39,93.13,4.53,3.16,11.51,Normal,None
B04179,M01,2026-01-30 00:30:00,194.76,22.92,102.03,4.53,3.25,12.27,Normal,None
B04180,M02,2026-01-30 00:40:00,184.08,25.27,81.52,4.12,2.84,12.06,Normal,None
B04181,M03,2026-01-30 00:50:00,193.81,24.49,76.42,5.1,3.42,11.14,Normal,None
B04182,M04,2026-01-30 01:00:00,201.09,25.67,81.83,4.39,2.92,12.66,Normal,None
B04183,M04,2026-01-30 01:10:00,187.94,24.53,78.88,4.72,2.85,13.74,Normal,None
B04184,M04,2026-01-30 01:20:00,197.28,24.59,86.12,4.18,2.77,12.06,Normal,None
B04185,M03,2026-01-30 01:30:00,198.04,25.03,74.84,4.44,3.2,11.5,Normal,None
B04186,M04,2026-01-30 01:40:00,183.24,22.71,83.96,4.75,2.94,12.28,Normal,None
B04187,M04,2026-01-30 01:50:00,184.86,22.29,87.33,4.08,3.28,13.21,Normal,None
B04188,M03,2026-01-30 02:00:00,186.49,24.62,81.3,4.62,3.21,11.78,Normal,None
B04189,M02,2026-01-30 02:10:00,181.32,26.87,94.14,4.47,2.62,12.47,Normal,None
B04190,M01,2026-01-30 02:20:00,169.88,24.81,82.82,4.42,2.72,14.91,Defect,Incomplete_Weld
B04191,M02,2026-01-30 02:30:00,200.82,24.24,84.21,4.96,3.49,11.95,Normal,None
B04192,M01,2026-01-30 02:40:00,180.49,24.93,89.98,4.63,3.18,13.99,Normal,None
B04193,M02,2026-01-30 02:50:00,175.1,23.43,77.58,4.47,3.02,12.2,Normal,None
B04194,M01,2026-01-30 03:00:00,208.61,24.18,98.35,4.31,3.14,11.09,Normal,None
B04195,M01,2026-01-30 03:10:00,186.76,25.38,87.57,4.55,3.13,12.24,Normal,None
B04196,M03,2026-01-30 03:20:00,180.81,24.91,90.6,4.54,3.35,12.81,Normal,None
B04197,M01,2026-01-30 03:30:00,184.3,26.47,78.92,4.52,3.45,12.37,Normal,None
B04198,M04,2026-01-30 03:40:00,157.83,23.2,77.29,4.57,3.38,12.36,Normal,None
B04199,M02,2026-01-30 03:50:00,204.2,23.87,74.58,4.43,3.72,10.85,Normal,None
B04200,M02,2026-01-30 04:00:00,195.27,22.38,82.43,4.42,3.5,13.56,Normal,None
B04201,M01,2026-01-30 04:10:00,174.14,26.04,87.59,4.83,3.37,12.18,Normal,None
B04202,M02,2026-01-30 04:20:00,203.35,24.36,69.18,4.55,3.24,12.78,Normal,None
B04203,M01,2026-01-30 04:30:00,152.51,24.89,84.12,4.66,2.35,16.07,Defect,Incomplete_Weld
B04204,M04,2026-01-30 04:40:00,189.03,24.37,83.53,4.39,3.22,10.75,Normal,None
B04205,M04,2026-01-30 04:50:00,201.3,24.39,97.18,4.92,3.69,12.46,Normal,None
B04206,M03,2026-01-30 05:00:00,183.79,24.48,81.55,4.25,3.13,9.0,Normal,None
B04207,M03,2026-01-30 05:10:00,178.01,24.94,81.37,4.8,3.45,12.62,Normal,None
B04208,M01,2026-01-30 05:20:00,183.21,25.18,69.45,5.38,2.88,11.15,Normal,None
B04209,M02,2026-01-30 05:30:00,181.67,24.63,77.6,4.1,3.35,9.52,Normal,None
B04210,M02,2026-01-30 05:40:00,202.56,24.9,122.08,4.45,2.67,11.9,Defect,Crack
B04211,M04,2026-01-30 05:50:00,190.98,24.11,75.41,4.67,2.83,10.64,Normal,None
B04212,M01,2026-01-30 06:00:00,190.6,25.09,90.84,4.36,3.06,11.86,Normal,None
B04213,M02,2026-01-30 06:10:00,195.88,23.75,77.69,4.73,3.13,13.35,Normal,None
B04214,M04,2026-01-30 06:20:00,170.64,23.93,108.67,4.08,2.68,13.49,Defect,Crack
B04215,M01,2026-01-30 06:30:00,193.09,25.36,79.16,4.09,3.63,11.06,Normal,None
B04216,M04,2026-01-30 06:40:00,206.07,23.28,71.04,4.53,3.32,12.73,Normal,None
B04217,M01,2026-01-30 06:50:00,197.42,24.33,77.05,4.74,3.22,11.59,Normal,None
B04218,M03,2026-01-30 07:00:00,206.35,25.34,86.45,4.17,2.87,10.76,Normal,None
B04219,M04,2026-01-30 07:10:00,195.34,25.05,84.76,4.28,3.69,11.86,Normal,None
B04220,M02,2026-01-30 07:20:00,189.68,25.5,79.87,4.21,3.36,12.24,Normal,None
B04221,M02,2026-01-30 07:30:00,170.46,26.02,91.76,4.51,3.14,11.36,Normal,None
B04222,M04,2026-01-30 07:40:00,205.33,24.26,83.64,4.41,3.43,11.53,Normal,None
B04223,M03,2026-01-30 07:50:00,199.13,24.36,77.64,4.65,3.1,13.15,Normal,None
B04224,M01,2026-01-30 08:00:00,195.61,22.43,79.96,4.95,3.11,11.98,Normal,None
B04225,M04,2026-01-30 08:10:00,181.43,23.16,122.58,4.43,2.71,13.3,Defect,Crack
B04226,M01,2026-01-30 08:20:00,183.53,25.73,88.26,4.68,3.26,11.61,Normal,None
B04227,M02,2026-01-30 08:30:00,179.47,25.22,91.68,4.43,3.07,12.35,Normal,None
B04228,M01,2026-01-30 08:40:00,198.65,24.58,86.29,4.55,2.84,11.16,Normal,None
B04229,M01,2026-01-30 08:50:00,189.21,25.28,79.98,4.19,3.16,10.69,Normal,None
B04230,M03,2026-01-30 09:00:00,187.18,23.35,94.15,4.71,3.08,12.21,Normal,None
B04231,M01,2026-01-30 09:10:00,182.48,24.94,105.5,4.7,3.11,11.77,Normal,None
B04232,M02,2026-01-30 09:20:00,189.32,23.4,96.25,3.99,3.2,11.15,Normal,None
B04233,M02,2026-01-30 09:30:00,246.17,30.28,97.17,4.84,3.02,10.67,Defect,Burn_Through
B04234,M01,2026-01-30 09:40:00,189.22,23.98,88.19,4.27,3.28,11.53,Normal,None
B04235,M04,2026-01-30 09:50:00,182.9,25.94,83.01,4.7,2.69,10.89,Normal,None
B04236,M02,2026-01-30 10:00:00,198.5,24.03,85.0,4.66,3.24,10.5,Normal,None
B04237,M04,2026-01-30 10:10:00,199.11,23.0,83.99,4.91,2.81,11.9,Normal,None
B04238,M03,2026-01-30 10:20:00,179.92,21.87,93.07,5.02,3.3,13.75,Normal,None
B04239,M02,2026-01-30 10:30:00,177.96,24.23,87.44,4.08,3.21,12.97,Normal,None
B04240,M04,2026-01-30 10:40:00,199.28,23.89,81.7,4.55,2.65,12.56,Normal,None
B04241,M03,2026-01-30 10:50:00,180.71,25.42,89.62,4.59,3.06,13.1,Normal,None
B04242,M01,2026-01-30 11:00:00,178.6,23.56,85.07,3.95,3.01,11.23,Normal,None
B04243,M02,2026-01-30 11:10:00,205.56,25.85,82.18,4.38,3.62,12.8,Normal,None
B04244,M01,2026-01-30 11:20:00,188.62,22.54,81.11,4.83,2.86,13.35,Normal,None
B04245,M02,2026-01-30 11:30:00,184.12,25.18,78.21,4.54,2.85,11.72,Normal,None
B04246,M02,2026-01-30 11:40:00,198.45,25.23,78.61,4.69,2.99,11.29,Normal,None
B04247,M02,2026-01-30 11:50:00,210.66,24.48,84.27,4.36,3.15,10.92,Normal,None
B04248,M01,2026-01-30 12:00:00,199.73,22.59,86.55,4.5,3.16,13.9,Normal,None
B04249,M01,2026-01-30 12:10:00,131.0,24.63,83.94,4.72,2.65,15.15,Defect,Incomplete_Weld
B04250,M03,2026-01-30 12:20:00,195.7,25.32,83.58,4.25,3.36,12.16,Normal,None
B04251,M01,2026-01-30 12:30:00,180.06,23.83,82.77,4.41,3.03,12.91,Normal,None
B04252,M02,2026-01-30 12:40:00,180.29,25.69,87.19,4.02,2.97,10.59,Normal,None
B04253,M01,2026-01-30 12:50:00,196.46,24.03,92.55,4.43,2.72,12.1,Normal,None
B04254,M01,2026-01-30 13:00:00,204.61,25.68,87.01,4.25,3.6,12.99,Normal,None
B04255,M01,2026-01-30 13:10:00,192.97,25.06,81.13,4.47,3.32,12.44,Normal,None
B04256,M02,2026-01-30 13:20:00,174.74,24.23,85.48,4.52,3.35,11.79,Normal,None
B04257,M01,2026-01-30 13:30:00,188.86,23.26,85.25,4.75,3.32,12.69,Normal,None
B04258,M02,2026-01-30 13:40:00,197.47,24.85,84.05,4.5,2.72,10.93,Normal,None
B04259,M01,2026-01-30 13:50:00,191.42,23.93,78.8,4.66,3.68,12.56,Normal,None
B04260,M01,2026-01-30 14:00:00,190.99,22.98,87.32,4.05,3.19,12.21,Normal,None
B04261,M01,2026-01-30 14:10:00,186.82,23.99,97.43,4.33,3.49,11.43,Normal,None
B04262,M01,2026-01-30 14:20:00,208.62,25.14,87.24,4.01,3.13,12.6,Normal,None
B04263,M03,2026-01-30 14:30:00,183.75,25.59,89.25,4.85,3.56,11.55,Normal,None
B04264,M03,2026-01-30 14:40:00,151.06,25.37,86.28,4.5,2.51,17.76,Defect,Incomplete_Weld
B04265,M02,2026-01-30 14:50:00,185.41,23.22,76.48,3.8,2.86,14.08,Normal,None
B04266,M04,2026-01-30 15:00:00,192.51,22.99,97.83,4.25,3.21,11.59,Normal,None
B04267,M03,2026-01-30 15:10:00,194.01,24.78,96.57,4.39,3.09,9.64,Normal,None
B04268,M03,2026-01-30 15:20:00,172.78,23.2,86.43,4.71,3.24,11.11,Normal,None
B04269,M01,2026-01-30 15:30:00,184.99,24.45,91.53,4.56,2.96,11.81,Normal,None
B04270,M04,2026-01-30 15:40:00,202.61,24.51,93.74,4.61,3.25,11.5,Normal,None
B04271,M02,2026-01-30 15:50:00,191.64,24.62,85.48,4.35,2.91,12.96,Normal,None
B04272,M02,2026-01-30 16:00:00,192.66,23.68,82.96,4.8,3.42,12.43,Normal,None
B04273,M02,2026-01-30 16:10:00,188.67,24.64,77.87,4.51,3.33,13.12,Normal,None
B04274,M01,2026-01-30 16:20:00,181.02,24.11,72.59,4.92,3.23,10.41,Normal,None
B04275,M04,2026-01-30 16:30:00,204.07,25.18,83.8,3.82,3.39,14.16,Normal,None
B04276,M03,2026-01-30 16:40:00,192.96,24.97,89.89,4.93,3.09,11.69,Normal,None
B04277,M04,2026-01-30 16:50:00,192.24,24.69,84.79,4.65,3.38,12.23,Normal,None
B04278,M04,2026-01-30 17:00:00,173.96,23.68,83.41,4.71,3.29,11.97,Normal,None
B04279,M04,2026-01-30 17:10:00,193.96,24.87,78.59,4.86,3.03,12.08,Normal,None
B04280,M04,2026-01-30 17:20:00,204.22,25.16,75.98,4.74,3.17,12.72,Normal,None
B04281,M01,2026-01-30 17:30:00,193.32,22.32,89.51,3.87,3.5,11.6,Normal,None
B04282,M01,2026-01-30 17:40:00,194.71,24.71,81.6,4.36,3.73,11.84,Normal,None
B04283,M03,2026-01-30 17:50:00,180.43,23.48,87.32,4.67,3.44,11.42,Normal,None
B04284,M03,2026-01-30 18:00:00,198.14,23.84,93.47,4.76,3.1,11.54,Normal,None
B04285,M02,2026-01-30 18:10:00,173.31,24.17,82.03,4.74,3.52,12.12,Normal,None
B04286,M01,2026-01-30 18:20:00,183.45,24.1,84.4,4.59,3.07,10.64,Normal,None
B04287,M01,2026-01-30 18:30:00,191.16,25.73,90.22,4.86,3.1,12.55,Normal,None
B04288,M02,2026-01-30 18:40:00,198.37,23.98,86.31,4.42,3.23,12.38,Normal,None
B04289,M01,2026-01-30 18:50:00,173.45,25.46,92.69,4.45,2.39,15.17,Defect,Incomplete_Weld
B04290,M04,2026-01-30 19:00:00,202.76,25.37,91.49,4.41,3.17,12.29,Normal,None
B04291,M02,2026-01-30 19:10:00,194.87,23.93,74.12,4.07,3.05,11.79,Normal,None
B04292,M02,2026-01-30 19:20:00,223.27,24.58,116.34,3.92,2.17,12.03,Defect,Crack
B04293,M04,2026-01-30 19:30:00,178.2,23.73,80.07,3.87,2.89,11.08,Normal,None
B04294,M02,2026-01-30 19:40:00,183.43,24.54,84.31,4.7,3.01,12.79,Normal,None
B04295,M02,2026-01-30 19:50:00,179.56,23.58,90.0,4.62,3.55,12.44,Normal,None
B04296,M03,2026-01-30 20:00:00,173.69,23.98,78.74,4.0,3.23,13.31,Normal,None
B04297,M03,2026-01-30 20:10:00,193.95,22.63,78.43,4.05,2.91,11.17,Normal,None
B04298,M01,2026-01-30 20:20:00,194.32,24.93,84.03,4.98,3.01,10.34,Normal,None
B04299,M01,2026-01-30 20:30:00,183.97,23.58,99.49,4.87,3.08,13.17,Normal,None
B04300,M04,2026-01-30 20:40:00,176.99,25.25,100.53,4.52,2.8,11.91,Normal,None
B04301,M03,2026-01-30 20:50:00,235.96,24.49,105.41,2.58,3.23,12.88,Defect,Porosity
B04302,M04,2026-01-30 21:00:00,176.55,23.86,78.48,4.24,3.26,13.02,Normal,None
B04303,M04,2026-01-30 21:10:00,180.35,26.07,73.24,4.24,3.33,12.42,Normal,None
B04304,M02,2026-01-30 21:20:00,183.23,24.42,77.89,5.54,3.24,12.31,Normal,None
B04305,M01,2026-01-30 21:30:00,184.6,22.05,78.98,4.83,3.54,12.01,Normal,None
B04306,M03,2026-01-30 21:40:00,187.67,24.84,86.47,4.6,3.19,12.65,Normal,None
B04307,M01,2026-01-30 21:50:00,202.46,24.52,94.23,4.14,3.33,11.49,Normal,None
B04308,M01,2026-01-30 22:00:00,164.42,24.02,126.22,4.84,2.54,11.3,Defect,Crack
B04309,M01,2026-01-30 22:10:00,177.05,25.98,93.2,4.78,3.61,12.87,Normal,None
B04310,M04,2026-01-30 22:20:00,189.66,25.28,88.57,4.69,3.28,11.03,Normal,None
B04311,M03,2026-01-30 22:30:00,192.22,25.66,89.31,4.33,3.22,12.41,Normal,None
B04312,M02,2026-01-30 22:40:00,201.46,23.16,80.27,5.11,2.85,12.13,Normal,None
B04313,M01,2026-01-30 22:50:00,145.02,25.47,85.37,4.57,2.71,15.97,Defect,Incomplete_Weld
B04314,M04,2026-01-30 23:00:00,198.43,25.64,84.41,4.22,3.3,10.54,Normal,None
B04315,M01,2026-01-30 23:10:00,178.13,23.9,84.04,4.86,3.5,10.88,Normal,None
B04316,M04,2026-01-30 23:20:00,211.31,25.0,88.92,4.53,2.78,12.46,Normal,None
B04317,M01,2026-01-30 23:30:00,178.84,24.17,78.51,4.22,2.99,11.55,Normal,None
B04318,M01,2026-01-30 23:40:00,188.13,26.33,83.0,4.59,3.16,11.33,Normal,None
B04319,M04,2026-01-30 23:50:00,178.84,25.27,82.37,4.29,3.49,13.0,Normal,None
B04320,M04,2026-01-31 00:00:00,185.72,24.43,85.57,4.93,3.44,10.81,Normal,None
B04321,M04,2026-01-31 00:10:00,214.86,26.57,75.28,4.62,3.27,14.85,Normal,None
B04322,M04,2026-01-31 00:20:00,198.63,24.57,80.07,4.23,3.23,13.2,Normal,None
B04323,M01,2026-01-31 00:30:00,186.37,23.44,71.67,4.61,3.1,11.73,Normal,None
B04324,M02,2026-01-31 00:40:00,150.32,23.84,76.32,4.49,2.17,14.58,Defect,Incomplete_Weld
B04325,M04,2026-01-31 00:50:00,168.55,26.96,91.25,4.57,3.46,12.18,Normal,None
B04326,M03,2026-01-31 01:00:00,175.91,25.48,82.32,4.28,3.01,13.72,Normal,None
B04327,M02,2026-01-31 01:10:00,191.91,25.39,68.67,4.96,3.19,11.52,Normal,None
B04328,M01,2026-01-31 01:20:00,214.7,25.21,76.08,3.66,3.47,11.55,Normal,None
B04329,M01,2026-01-31 01:30:00,232.95,27.8,112.1,4.81,2.84,13.76,Defect,Burn_Through
B04330,M01,2026-01-31 01:40:00,186.1,24.72,79.22,4.29,3.17,12.75,Normal,None
B04331,M01,2026-01-31 01:50:00,197.79,22.92,85.36,4.16,3.13,11.33,Normal,None
B04332,M03,2026-01-31 02:00:00,199.41,23.65,86.18,4.48,2.93,10.73,Normal,None
B04333,M01,2026-01-31 02:10:00,199.43,24.5,86.57,4.66,2.87,11.0,Normal,None
B04334,M04,2026-01-31 02:20:00,200.34,23.84,98.28,4.47,3.13,12.32,Normal,None
B04335,M03,2026-01-31 02:30:00,179.39,25.74,88.91,4.22,2.99,12.8,Normal,None
B04336,M01,2026-01-31 02:40:00,188.55,23.99,82.54,4.68,3.4,10.2,Normal,None
B04337,M02,2026-01-31 02:50:00,172.32,25.12,89.7,4.63,3.0,12.04,Normal,None
B04338,M02,2026-01-31 03:00:00,187.72,25.08,80.4,4.06,3.32,11.21,Normal,None
B04339,M04,2026-01-31 03:10:00,179.04,23.84,77.46,4.75,3.12,11.83,Normal,None
B04340,M04,2026-01-31 03:20:00,187.45,26.12,89.04,4.23,2.85,12.58,Normal,None
B04341,M03,2026-01-31 03:30:00,231.21,26.87,129.05,4.76,3.18,12.43,Defect,Burn_Through
B04342,M01,2026-01-31 03:40:00,191.09,23.29,94.52,4.52,3.22,13.1,Normal,None
B04343,M02,2026-01-31 03:50:00,226.01,26.67,102.76,4.59,3.0,11.83,Defect,Burn_Through
B04344,M01,2026-01-31 04:00:00,193.48,25.2,90.21,4.45,3.53,12.65,Normal,None
B04345,M04,2026-01-31 04:10:00,198.75,22.91,77.03,4.67,3.27,10.62,Normal,None
B04346,M04,2026-01-31 04:20:00,186.44,25.24,81.4,4.04,3.13,12.74,Normal,None
B04347,M03,2026-01-31 04:30:00,178.46,24.59,73.25,4.5,3.5,13.16,Normal,None
B04348,M02,2026-01-31 04:40:00,179.12,26.18,95.95,4.48,3.3,11.55,Normal,None
B04349,M04,2026-01-31 04:50:00,183.52,24.7,93.47,4.64,3.64,11.65,Normal,None
B04350,M03,2026-01-31 05:00:00,197.51,24.84,89.21,4.76,3.02,12.61,Normal,None
B04351,M03,2026-01-31 05:10:00,183.54,24.26,79.19,4.46,3.04,11.86,Normal,None
B04352,M04,2026-01-31 05:20:00,192.16,25.24,84.03,4.7,3.23,11.35,Normal,None
B04353,M03,2026-01-31 05:30:00,184.55,23.99,77.98,4.48,3.02,12.65,Normal,None
B04354,M03,2026-01-31 05:40:00,225.71,23.93,104.5,3.37,2.75,12.03,Defect,Porosity
B04355,M02,2026-01-31 05:50:00,195.02,25.0,74.42,4.14,3.55,11.78,Normal,None
B04356,M01,2026-01-31 06:00:00,193.48,27.63,78.95,4.44,3.09,11.19,Normal,None
B04357,M04,2026-01-31 06:10:00,163.09,25.69,86.26,4.62,2.71,13.15,Defect,Incomplete_Weld
B04358,M04,2026-01-31 06:20:00,177.16,23.79,82.5,4.95,3.17,11.12,Normal,None
B04359,M04,2026-01-31 06:30:00,190.49,23.23,88.65,4.53,3.36,9.84,Normal,None
B04360,M04,2026-01-31 06:40:00,203.91,24.69,93.12,4.37,3.59,11.88,Normal,None
B04361,M02,2026-01-31 06:50:00,198.05,23.4,97.21,4.23,3.32,12.02,Normal,None
B04362,M02,2026-01-31 07:00:00,188.48,25.12,99.58,4.02,2.28,12.41,Normal,None
B04363,M01,2026-01-31 07:10:00,187.28,23.52,93.17,4.4,3.49,11.99,Normal,None
B04364,M02,2026-01-31 07:20:00,200.49,24.02,85.08,4.3,3.45,13.81,Normal,None
B04365,M04,2026-01-31 07:30:00,167.91,24.74,95.94,4.94,3.53,12.28,Normal,None
B04366,M03,2026-01-31 07:40:00,197.88,24.38,76.84,4.66,3.27,11.72,Normal,None
B04367,M01,2026-01-31 07:50:00,214.67,24.64,70.41,5.06,3.11,12.61,Normal,None
B04368,M02,2026-01-31 08:00:00,149.6,23.86,89.04,3.9,2.34,15.8,Defect,Incomplete_Weld
B04369,M04,2026-01-31 08:10:00,180.04,24.03,77.5,4.58,2.92,10.96,Normal,None
B04370,M02,2026-01-31 08:20:00,174.66,23.85,91.88,4.87,3.23,11.53,Normal,None
B04371,M01,2026-01-31 08:30:00,178.78,23.82,84.02,4.59,2.98,12.51,Normal,None
B04372,M03,2026-01-31 08:40:00,191.14,23.67,74.19,4.69,3.51,12.83,Normal,None
B04373,M04,2026-01-31 08:50:00,177.51,23.95,88.73,3.98,3.37,13.69,Normal,None
B04374,M04,2026-01-31 09:00:00,187.34,23.17,80.52,4.93,3.24,11.93,Normal,None
B04375,M03,2026-01-31 09:10:00,206.74,25.21,94.65,4.26,3.0,11.09,Normal,None
B04376,M04,2026-01-31 09:20:00,189.29,25.51,85.79,4.37,3.48,11.65,Normal,None
B04377,M02,2026-01-31 09:30:00,189.86,24.12,82.39,4.66,2.85,13.72,Normal,None
B04378,M04,2026-01-31 09:40:00,141.93,21.9,91.15,4.55,2.19,14.21,Defect,Incomplete_Weld
B04379,M03,2026-01-31 09:50:00,207.85,26.21,115.26,4.35,2.96,12.25,Defect,Burn_Through
B04380,M02,2026-01-31 10:00:00,170.44,23.02,128.22,4.31,2.68,12.52,Defect,Crack
B04381,M02,2026-01-31 10:10:00,199.21,24.62,83.47,4.63,3.14,11.5,Normal,None
B04382,M03,2026-01-31 10:20:00,185.89,24.3,83.41,4.77,3.16,12.4,Normal,None
B04383,M01,2026-01-31 10:30:00,187.3,24.93,80.54,4.33,3.09,11.28,Normal,None
B04384,M03,2026-01-31 10:40:00,185.94,24.02,92.24,4.3,3.51,12.5,Normal,None
B04385,M03,2026-01-31 10:50:00,163.36,26.52,80.02,4.47,2.69,13.46,Defect,Incomplete_Weld
B04386,M04,2026-01-31 11:00:00,183.06,25.7,80.64,4.07,3.06,10.08,Normal,None
B04387,M04,2026-01-31 11:10:00,236.68,26.33,106.19,4.67,3.65,11.65,Defect,Burn_Through
B04388,M02,2026-01-31 11:20:00,205.79,23.27,110.57,2.91,2.92,11.44,Defect,Porosity
B04389,M03,2026-01-31 11:30:00,198.07,24.7,83.05,4.81,3.07,11.73,Normal,None
B04390,M02,2026-01-31 11:40:00,214.41,26.32,87.4,4.73,3.41,11.77,Normal,None
B04391,M01,2026-01-31 11:50:00,198.11,24.97,89.12,4.32,3.08,11.11,Normal,None
B04392,M02,2026-01-31 12:00:00,192.62,25.15,91.96,4.58,2.97,11.89,Normal,None
B04393,M04,2026-01-31 12:10:00,197.91,24.55,81.91,4.16,3.39,11.24,Normal,None
B04394,M04,2026-01-31 12:20:00,190.86,24.22,101.95,5.19,2.95,11.81,Normal,None
B04395,M02,2026-01-31 12:30:00,196.32,24.5,76.43,4.45,3.38,11.73,Normal,None
B04396,M01,2026-01-31 12:40:00,175.34,25.28,92.51,4.63,2.69,12.76,Normal,None
B04397,M04,2026-01-31 12:50:00,204.06,24.41,101.19,4.6,3.6,11.68,Normal,None
B04398,M04,2026-01-31 13:00:00,211.36,22.98,84.19,4.02,3.36,11.91,Normal,None
B04399,M04,2026-01-31 13:10:00,179.27,23.08,90.01,4.66,3.55,12.23,Normal,None
B04400,M02,2026-01-31 13:20:00,187.26,25.1,75.17,3.92,3.38,12.3,Normal,None
B04401,M02,2026-01-31 13:30:00,194.27,23.52,96.23,4.57,3.21,13.95,Normal,None
B04402,M04,2026-01-31 13:40:00,185.11,24.34,129.79,4.49,2.22,10.91,Defect,Crack
B04403,M04,2026-01-31 13:50:00,173.81,23.47,92.13,4.55,2.12,14.83,Defect,Incomplete_Weld
B04404,M01,2026-01-31 14:00:00,195.81,25.48,78.69,4.65,2.99,14.1,Normal,None
B04405,M04,2026-01-31 14:10:00,199.67,23.06,79.03,4.46,2.98,11.11,Normal,None
B04406,M03,2026-01-31 14:20:00,193.06,25.55,80.38,4.03,3.34,13.38,Normal,None
B04407,M01,2026-01-31 14:30:00,194.54,23.02,80.39,4.51,3.03,13.07,Normal,None
B04408,M04,2026-01-31 14:40:00,193.96,24.9,85.96,4.63,3.17,12.85,Normal,None
B04409,M02,2026-01-31 14:50:00,202.25,24.93,108.85,4.4,3.26,9.72,Normal,None
B04410,M02,2026-01-31 15:00:00,179.75,24.72,92.41,4.91,3.04,10.27,Normal,None
B04411,M03,2026-01-31 15:10:00,170.55,24.38,88.32,4.23,2.91,10.56,Normal,None
B04412,M03,2026-01-31 15:20:00,185.46,25.37,89.98,4.31,3.19,11.47,Normal,None
B04413,M01,2026-01-31 15:30:00,179.97,25.16,91.88,4.31,3.28,13.54,Normal,None
B04414,M02,2026-01-31 15:40:00,177.7,24.55,82.44,4.05,2.99,10.82,Normal,None
B04415,M01,2026-01-31 15:50:00,198.38,24.65,86.9,4.44,3.49,12.62,Normal,None
B04416,M04,2026-01-31 16:00:00,184.46,25.44,94.59,4.72,3.26,12.06,Normal,None
B04417,M04,2026-01-31 16:10:00,164.58,25.03,85.41,4.37,3.41,12.99,Normal,None
B04418,M01,2026-01-31 16:20:00,193.96,24.83,97.3,4.62,3.02,12.74,Normal,None
B04419,M02,2026-01-31 16:30:00,176.74,24.5,76.46,5.15,3.1,12.85,Normal,None
B04420,M02,2026-01-31 16:40:00,181.07,22.77,82.23,4.25,3.2,11.73,Normal,None
B04421,M03,2026-01-31 16:50:00,197.82,26.42,88.12,4.66,2.91,11.56,Normal,None
B04422,M02,2026-01-31 17:00:00,195.14,25.77,63.48,4.35,3.46,11.3,Normal,None
B04423,M02,2026-01-31 17:10:00,166.88,23.26,72.69,4.06,3.01,12.44,Normal,None
B04424,M03,2026-01-31 17:20:00,178.88,23.47,101.54,4.41,3.56,10.08,Normal,None
B04425,M02,2026-01-31 17:30:00,215.08,24.65,97.1,4.41,2.95,11.56,Normal,None
B04426,M01,2026-01-31 17:40:00,195.81,25.03,79.29,4.52,3.12,13.28,Normal,None
B04427,M02,2026-01-31 17:50:00,180.27,23.92,82.05,4.65,3.26,11.46,Normal,None
B04428,M01,2026-01-31 18:00:00,208.87,24.28,111.43,3.38,3.14,13.04,Defect,Porosity
B04429,M01,2026-01-31 18:10:00,168.13,23.98,94.91,4.16,3.31,11.6,Normal,None
B04430,M04,2026-01-31 18:20:00,175.4,24.52,83.97,4.61,3.04,10.66,Normal,None
B04431,M04,2026-01-31 18:30:00,182.13,24.42,90.92,4.43,3.32,10.27,Normal,None
B04432,M01,2026-01-31 18:40:00,191.64,23.84,86.73,4.56,3.1,11.98,Normal,None
B04433,M04,2026-01-31 18:50:00,211.36,24.91,73.72,4.42,3.3,12.62,Normal,None
B04434,M01,2026-01-31 19:00:00,174.16,22.47,90.13,4.34,2.97,11.55,Normal,None
B04435,M04,2026-01-31 19:10:00,176.15,24.7,81.37,4.34,3.2,10.92,Normal,None
B04436,M04,2026-01-31 19:20:00,178.1,25.7,109.84,4.88,2.28,10.85,Defect,Crack
B04437,M02,2026-01-31 19:30:00,200.26,23.92,78.19,4.49,3.16,11.79,Normal,None
B04438,M02,2026-01-31 19:40:00,179.64,24.57,120.07,4.22,3.0,11.06,Defect,Crack
B04439,M03,2026-01-31 19:50:00,203.17,22.54,78.41,4.59,3.08,11.76,Normal,None
B04440,M04,2026-01-31 20:00:00,181.71,26.05,90.21,4.97,3.02,12.64,Normal,None
B04441,M04,2026-01-31 20:10:00,194.12,24.93,82.19,4.42,2.88,10.74,Normal,None
B04442,M03,2026-01-31 20:20:00,202.73,26.03,91.53,4.24,3.49,10.41,Normal,None
B04443,M03,2026-01-31 20:30:00,186.28,25.36,98.37,4.63,3.52,11.23,Normal,None
B04444,M04,2026-01-31 20:40:00,215.58,23.53,69.88,4.53,3.32,12.85,Normal,None
B04445,M03,2026-01-31 20:50:00,169.31,24.12,82.09,4.73,2.14,17.63,Defect,Incomplete_Weld
B04446,M02,2026-01-31 21:00:00,229.45,27.34,118.49,4.34,2.95,12.03,Defect,Burn_Through
B04447,M03,2026-01-31 21:10:00,192.53,25.81,81.61,4.32,3.51,12.97,Normal,None
B04448,M02,2026-01-31 21:20:00,155.43,24.57,85.85,4.59,2.84,14.68,Defect,Incomplete_Weld
B04449,M03,2026-01-31 21:30:00,207.43,24.44,85.87,5.01,3.24,13.88,Normal,None
B04450,M01,2026-01-31 21:40:00,194.52,25.06,116.14,4.59,2.49,12.22,Defect,Crack
B04451,M04,2026-01-31 21:50:00,195.36,25.4,93.13,4.06,3.18,12.6,Normal,None
B04452,M02,2026-01-31 22:00:00,185.57,24.94,79.04,4.63,3.57,11.45,Normal,None
B04453,M02,2026-01-31 22:10:00,181.07,24.12,88.88,4.73,3.36,12.5,Normal,None
B04454,M01,2026-01-31 22:20:00,195.53,23.39,89.15,4.59,3.38,12.93,Normal,None
B04455,M04,2026-01-31 22:30:00,232.31,25.17,109.65,2.8,3.46,12.94,Defect,Porosity
B04456,M03,2026-01-31 22:40:00,229.66,25.73,94.76,3.29,3.01,13.21,Defect,Porosity
B04457,M02,2026-01-31 22:50:00,188.82,24.57,80.14,4.53,3.43,11.34,Normal,None
B04458,M04,2026-01-31 23:00:00,187.74,22.99,82.49,4.09,3.37,11.6,Normal,None
B04459,M04,2026-01-31 23:10:00,200.95,25.13,103.46,4.77,3.5,12.52,Normal,None
B04460,M03,2026-01-31 23:20:00,196.44,23.89,89.51,4.27,3.19,11.59,Normal,None
B04461,M03,2026-01-31 23:30:00,187.97,23.41,87.33,4.62,3.21,11.45,Normal,None
B04462,M04,2026-01-31 23:40:00,205.61,23.67,94.6,4.8,3.62,10.25,Normal,None
B04463,M01,2026-01-31 23:50:00,200.24,24.72,81.6,4.25,2.95,11.11,Normal,None
B04464,M02,2026-02-01 00:00:00,184.43,24.52,87.4,4.72,3.27,13.19,Normal,None
B04465,M02,2026-02-01 00:10:00,193.0,24.46,94.67,4.68,3.04,12.69,Normal,None
B04466,M04,2026-02-01 00:20:00,191.37,24.51,89.09,5.14,3.27,13.36,Normal,None
B04467,M01,2026-02-01 00:30:00,185.4,23.88,75.39,4.52,3.06,12.35,Normal,None
B04468,M04,2026-02-01 00:40:00,190.81,26.29,90.43,4.85,3.02,12.57,Normal,None
B04469,M04,2026-02-01 00:50:00,199.75,25.86,93.2,4.38,3.3,12.79,Normal,None
B04470,M03,2026-02-01 01:00:00,163.02,23.96,83.92,4.67,2.57,15.47,Defect,Incomplete_Weld
B04471,M02,2026-02-01 01:10:00,167.13,25.43,83.67,4.07,3.57,12.01,Normal,None
B04472,M04,2026-02-01 01:20:00,190.41,23.17,79.09,3.99,3.01,11.24,Normal,None
B04473,M02,2026-02-01 01:30:00,172.72,26.2,82.81,4.4,2.88,11.62,Normal,None
B04474,M03,2026-02-01 01:40:00,223.61,27.34,135.25,4.1,3.15,11.92,Defect,Burn_Through
B04475,M02,2026-02-01 01:50:00,229.86,24.67,121.37,4.75,3.46,11.53,Defect,Burn_Through
B04476,M02,2026-02-01 02:00:00,193.0,24.93,89.79,4.18,3.31,11.64,Normal,None
B04477,M01,2026-02-01 02:10:00,151.16,26.79,84.83,4.36,2.14,16.55,Defect,Incomplete_Weld
B04478,M02,2026-02-01 02:20:00,197.63,24.01,86.25,4.3,3.14,12.71,Normal,None
B04479,M03,2026-02-01 02:30:00,183.05,24.37,87.84,5.2,2.87,12.03,Normal,None
B04480,M04,2026-02-01 02:40:00,191.11,25.11,102.64,3.91,2.73,11.83,Normal,None
B04481,M03,2026-02-01 02:50:00,187.24,23.39,102.48,4.56,2.85,11.69,Defect,Crack
B04482,M02,2026-02-01 03:00:00,194.4,26.72,91.55,4.35,3.15,13.26,Normal,None
B04483,M03,2026-02-01 03:10:00,181.9,24.72,87.49,4.17,3.07,11.95,Normal,None
B04484,M03,2026-02-01 03:20:00,192.52,22.47,120.88,3.83,2.61,10.54,Defect,Crack
B04485,M04,2026-02-01 03:30:00,183.98,24.88,107.94,4.44,2.16,12.56,Defect,Crack
B04486,M03,2026-02-01 03:40:00,232.39,26.2,143.31,4.56,3.49,13.56,Defect,Burn_Through
B04487,M02,2026-02-01 03:50:00,206.12,25.94,139.31,4.84,2.35,9.23,Defect,Crack
B04488,M03,2026-02-01 04:00:00,193.04,24.87,85.96,4.73,2.86,12.69,Normal,None
B04489,M02,2026-02-01 04:10:00,180.47,24.12,86.08,4.59,3.05,11.25,Normal,None
B04490,M01,2026-02-01 04:20:00,188.49,25.45,77.44,4.72,3.22,11.07,Normal,None
B04491,M03,2026-02-01 04:30:00,163.53,25.09,94.05,4.69,2.25,13.87,Defect,Incomplete_Weld
B04492,M01,2026-02-01 04:40:00,184.91,24.15,87.84,4.61,3.49,12.65,Normal,None
B04493,M04,2026-02-01 04:50:00,164.75,22.65,86.53,4.52,2.53,16.97,Defect,Incomplete_Weld
B04494,M02,2026-02-01 05:00:00,189.76,22.66,83.7,4.26,3.39,12.54,Normal,None
B04495,M04,2026-02-01 05:10:00,216.85,28.13,114.97,4.12,3.36,11.69,Defect,Burn_Through
B04496,M03,2026-02-01 05:20:00,170.34,24.47,107.68,4.99,2.36,11.5,Defect,Crack
B04497,M04,2026-02-01 05:30:00,175.52,25.41,84.37,4.58,3.45,11.33,Normal,None
B04498,M03,2026-02-01 05:40:00,186.67,26.22,120.48,3.71,2.4,12.79,Defect,Crack
B04499,M02,2026-02-01 05:50:00,191.36,25.31,84.28,4.35,3.36,12.15,Normal,None
B04500,M02,2026-02-01 06:00:00,197.59,25.0,77.8,4.29,3.5,12.52,Normal,None
B04501,M01,2026-02-01 06:10:00,204.15,25.02,78.86,4.96,3.12,13.18,Normal,None
B04502,M03,2026-02-01 06:20:00,205.71,25.63,80.33,4.4,3.33,11.67,Normal,None
B04503,M02,2026-02-01 06:30:00,187.57,24.39,74.47,4.59,3.34,11.05,Normal,None
B04504,M02,2026-02-01 06:40:00,189.39,23.9,89.6,4.98,3.25,13.1,Normal,None
B04505,M03,2026-02-01 06:50:00,190.54,23.77,91.25,4.8,3.19,10.77,Normal,None
B04506,M01,2026-02-01 07:00:00,195.67,23.13,85.97,4.34,2.8,12.71,Normal,None
B04507,M01,2026-02-01 07:10:00,181.09,24.19,81.04,3.62,3.18,12.11,Normal,None
B04508,M01,2026-02-01 07:20:00,186.36,24.77,89.18,4.41,3.38,12.54,Normal,None
B04509,M04,2026-02-01 07:30:00,191.24,24.05,84.3,4.76,3.64,11.64,Normal,None
B04510,M02,2026-02-01 07:40:00,197.98,24.55,81.33,4.59,3.19,12.9,Normal,None
B04511,M02,2026-02-01 07:50:00,195.02,24.6,86.75,4.89,2.91,11.0,Normal,None
B04512,M02,2026-02-01 08:00:00,193.58,26.55,78.97,4.22,3.04,12.71,Normal,None
B04513,M04,2026-02-01 08:10:00,188.62,23.92,83.59,4.23,3.32,10.77,Normal,None
B04514,M02,2026-02-01 08:20:00,161.85,24.82,89.13,4.7,2.96,10.51,Normal,None
B04515,M01,2026-02-01 08:30:00,219.77,23.8,103.28,3.26,3.52,13.68,Defect,Porosity
B04516,M04,2026-02-01 08:40:00,187.75,23.92,81.11,4.84,3.1,11.06,Normal,None
B04517,M01,2026-02-01 08:50:00,230.44,26.92,123.51,4.48,2.97,13.11,Defect,Burn_Through
B04518,M01,2026-02-01 09:00:00,204.17,25.02,86.83,3.8,3.83,12.31,Normal,None
B04519,M02,2026-02-01 09:10:00,197.59,25.74,101.27,4.36,2.88,11.0,Normal,None
B04520,M04,2026-02-01 09:20:00,204.12,23.93,135.36,4.72,2.52,13.54,Defect,Crack
B04521,M02,2026-02-01 09:30:00,150.15,23.28,99.43,4.44,2.4,14.53,Defect,Incomplete_Weld
B04522,M02,2026-02-01 09:40:00,192.32,23.2,70.67,4.11,3.29,11.55,Normal,None
B04523,M01,2026-02-01 09:50:00,181.87,23.1,80.5,4.08,3.35,11.19,Normal,None
B04524,M03,2026-02-01 10:00:00,193.6,23.11,79.59,4.16,3.2,10.79,Normal,None
B04525,M04,2026-02-01 10:10:00,234.83,24.71,107.07,3.1,3.15,10.83,Defect,Porosity
B04526,M03,2026-02-01 10:20:00,192.06,24.29,111.17,2.69,2.94,12.09,Defect,Porosity
B04527,M02,2026-02-01 10:30:00,189.81,23.74,80.15,3.81,3.52,11.75,Normal,None
B04528,M02,2026-02-01 10:40:00,187.48,23.0,90.03,4.31,3.29,12.43,Normal,None
B04529,M02,2026-02-01 10:50:00,187.32,22.76,77.45,4.63,2.97,11.48,Normal,None
B04530,M01,2026-02-01 11:00:00,173.41,26.2,85.65,4.5,3.51,12.73,Normal,None
B04531,M03,2026-02-01 11:10:00,205.0,24.92,85.4,5.06,3.18,12.07,Normal,None
B04532,M01,2026-02-01 11:20:00,188.8,25.71,88.48,4.65,3.28,12.88,Normal,None
B04533,M04,2026-02-01 11:30:00,176.74,25.08,101.38,4.98,2.68,11.25,Defect,Crack
B04534,M01,2026-02-01 11:40:00,176.99,24.42,89.22,4.59,3.35,12.6,Normal,None
B04535,M02,2026-02-01 11:50:00,198.91,24.37,79.98,4.14,3.03,12.54,Normal,None
B04536,M02,2026-02-01 12:00:00,190.73,25.91,75.47,4.27,3.21,11.07,Normal,None
B04537,M04,2026-02-01 12:10:00,225.12,27.67,125.1,4.18,3.41,13.16,Defect,Burn_Through
B04538,M02,2026-02-01 12:20:00,215.95,23.53,93.75,4.87,3.17,12.9,Normal,None
B04539,M03,2026-02-01 12:30:00,199.57,24.75,82.25,4.74,3.16,11.47,Normal,None
B04540,M03,2026-02-01 12:40:00,202.66,23.65,85.78,4.69,3.34,10.99,Normal,None
B04541,M01,2026-02-01 12:50:00,181.58,22.62,83.54,4.25,3.21,11.33,Normal,None
B04542,M04,2026-02-01 13:00:00,199.73,22.85,121.59,4.4,2.54,10.29,Defect,Crack
B04543,M01,2026-02-01 13:10:00,173.08,23.95,91.57,4.75,3.25,10.73,Normal,None
B04544,M02,2026-02-01 13:20:00,197.34,25.35,91.99,4.62,2.92,11.92,Normal,None
B04545,M01,2026-02-01 13:30:00,190.74,25.45,86.83,4.32,2.98,12.13,Normal,None
B04546,M03,2026-02-01 13:40:00,186.56,25.28,113.38,4.64,2.41,12.43,Defect,Crack
B04547,M01,2026-02-01 13:50:00,187.91,23.6,83.99,4.21,3.14,12.83,Normal,None
B04548,M01,2026-02-01 14:00:00,233.71,23.9,110.4,2.29,3.48,11.47,Defect,Porosity
B04549,M01,2026-02-01 14:10:00,199.58,23.67,79.01,4.65,2.98,12.28,Normal,None
B04550,M01,2026-02-01 14:20:00,202.28,24.91,99.21,4.22,3.27,11.1,Normal,None
B04551,M01,2026-02-01 14:30:00,194.59,23.92,92.15,4.09,3.0,12.42,Normal,None
B04552,M04,2026-02-01 14:40:00,193.25,23.52,85.28,4.31,2.71,11.94,Normal,None
B04553,M02,2026-02-01 14:50:00,200.58,24.41,88.23,4.18,3.44,11.4,Normal,None
B04554,M02,2026-02-01 15:00:00,162.17,23.91,86.56,4.22,2.61,15.01,Defect,Incomplete_Weld
B04555,M02,2026-02-01 15:10:00,181.18,23.59,88.95,3.99,3.27,12.75,Normal,None
B04556,M03,2026-02-01 15:20:00,197.27,27.63,86.4,4.03,3.48,14.62,Normal,None
B04557,M03,2026-02-01 15:30:00,196.83,23.84,117.92,4.96,2.66,12.14,Defect,Crack
B04558,M04,2026-02-01 15:40:00,211.71,24.69,77.81,4.56,3.1,10.66,Normal,None
B04559,M03,2026-02-01 15:50:00,186.92,23.17,93.55,4.52,3.38,10.78,Normal,None
B04560,M01,2026-02-01 16:00:00,203.94,24.56,84.44,3.92,3.2,12.08,Normal,None
B04561,M02,2026-02-01 16:10:00,195.67,22.61,84.85,4.52,3.37,11.54,Normal,None
B04562,M04,2026-02-01 16:20:00,159.36,24.97,83.75,4.34,2.92,10.29,Normal,None
B04563,M03,2026-02-01 16:30:00,154.66,25.58,79.78,3.7,2.31,15.84,Defect,Incomplete_Weld
B04564,M01,2026-02-01 16:40:00,179.55,24.19,89.28,4.33,3.01,10.41,Normal,None
B04565,M04,2026-02-01 16:50:00,203.22,23.08,79.28,4.73,3.04,10.66,Normal,None
B04566,M03,2026-02-01 17:00:00,175.02,24.91,98.6,5.23,2.06,14.93,Defect,Incomplete_Weld
B04567,M02,2026-02-01 17:10:00,188.99,24.53,82.58,4.29,3.1,10.34,Normal,None
B04568,M02,2026-02-01 17:20:00,201.82,23.62,79.81,4.58,3.42,11.31,Normal,None
B04569,M04,2026-02-01 17:30:00,196.34,24.17,86.98,4.74,2.94,13.52,Normal,None
B04570,M03,2026-02-01 17:40:00,185.27,25.67,79.87,3.61,2.88,11.47,Normal,None
B04571,M04,2026-02-01 17:50:00,191.99,24.82,86.57,4.56,2.85,12.2,Normal,None
B04572,M01,2026-02-01 18:00:00,179.77,25.14,110.87,4.3,2.22,11.77,Defect,Crack
B04573,M04,2026-02-01 18:10:00,143.06,25.41,79.09,4.68,2.35,16.21,Defect,Incomplete_Weld
B04574,M01,2026-02-01 18:20:00,230.98,27.89,124.13,4.37,3.7,13.23,Defect,Burn_Through
B04575,M01,2026-02-01 18:30:00,236.25,26.97,111.54,4.43,3.05,11.88,Defect,Burn_Through
B04576,M04,2026-02-01 18:40:00,196.15,24.9,82.29,4.16,3.53,11.42,Normal,None
B04577,M01,2026-02-01 18:50:00,184.83,24.92,89.17,4.3,2.85,11.26,Normal,None
B04578,M01,2026-02-01 19:00:00,189.3,24.57,85.76,3.49,3.66,13.04,Normal,None
B04579,M04,2026-02-01 19:10:00,187.74,24.39,79.86,4.32,3.56,11.54,Normal,None
B04580,M01,2026-02-01 19:20:00,197.53,24.16,80.0,4.15,3.02,11.46,Normal,None
B04581,M04,2026-02-01 19:30:00,196.92,26.02,82.76,4.28,2.89,12.41,Normal,None
B04582,M02,2026-02-01 19:40:00,194.13,22.34,79.96,4.65,3.14,10.37,Normal,None
B04583,M02,2026-02-01 19:50:00,237.57,29.24,122.03,4.41,3.09,12.06,Defect,Burn_Through
B04584,M03,2026-02-01 20:00:00,188.64,23.34,87.83,4.76,3.11,14.03,Normal,None
B04585,M01,2026-02-01 20:10:00,168.41,24.57,94.89,4.46,3.11,12.37,Normal,None
B04586,M04,2026-02-01 20:20:00,215.99,21.59,113.72,3.33,3.24,9.57,Defect,Porosity
B04587,M04,2026-02-01 20:30:00,190.61,25.2,77.83,4.55,3.28,10.96,Normal,None
B04588,M02,2026-02-01 20:40:00,187.98,25.14,86.42,4.84,3.57,12.04,Normal,None
B04589,M01,2026-02-01 20:50:00,187.38,23.81,86.71,4.96,3.19,11.85,Normal,None
B04590,M02,2026-02-01 21:00:00,207.49,24.93,88.82,4.66,3.45,12.94,Normal,None
B04591,M02,2026-02-01 21:10:00,193.65,27.03,89.43,4.31,2.88,11.29,Normal,None
B04592,M03,2026-02-01 21:20:00,178.41,24.16,84.53,4.4,3.28,11.03,Normal,None
B04593,M03,2026-02-01 21:30:00,197.33,24.83,95.3,4.46,2.96,13.3,Normal,None
B04594,M04,2026-02-01 21:40:00,248.79,26.65,107.96,4.41,3.11,12.9,Defect,Burn_Through
B04595,M04,2026-02-01 21:50:00,195.91,24.43,87.65,4.48,3.49,12.77,Normal,None
B04596,M04,2026-02-01 22:00:00,229.2,24.59,111.48,3.0,3.27,12.26,Defect,Porosity
B04597,M01,2026-02-01 22:10:00,190.7,24.13,81.13,4.46,3.22,11.22,Normal,None
B04598,M03,2026-02-01 22:20:00,181.65,25.21,91.34,4.14,3.06,12.84,Normal,None
B04599,M01,2026-02-01 22:30:00,171.01,23.99,95.62,4.33,3.04,10.1,Normal,None
B04600,M04,2026-02-01 22:40:00,197.58,22.76,88.69,4.26,3.49,12.43,Normal,None
B04601,M04,2026-02-01 22:50:00,173.82,25.15,79.84,4.86,3.51,11.63,Normal,None
B04602,M03,2026-02-01 23:00:00,196.25,24.41,75.31,5.02,2.9,12.06,Normal,None
B04603,M03,2026-02-01 23:10:00,179.8,25.37,90.08,4.13,3.26,11.45,Normal,None
B04604,M03,2026-02-01 23:20:00,197.32,24.21,92.02,4.54,2.85,14.77,Normal,None
B04605,M01,2026-02-01 23:30:00,188.0,23.93,86.48,4.68,3.42,11.92,Normal,None
B04606,M01,2026-02-01 23:40:00,199.91,24.67,90.41,4.83,3.42,11.24,Normal,None
B04607,M04,2026-02-01 23:50:00,186.4,24.56,116.47,4.51,2.25,12.97,Defect,Crack
B04608,M04,2026-02-02 00:00:00,189.16,25.37,92.77,4.26,3.13,12.15,Normal,None
B04609,M02,2026-02-02 00:10:00,173.83,22.44,72.25,4.56,3.25,11.5,Normal,None
B04610,M03,2026-02-02 00:20:00,195.86,24.54,101.88,4.52,3.32,11.55,Normal,None
B04611,M01,2026-02-02 00:30:00,190.21,26.13,100.47,4.66,3.45,11.97,Normal,None
B04612,M01,2026-02-02 00:40:00,194.4,25.42,80.73,4.99,2.9,11.92,Normal,None
B04613,M01,2026-02-02 00:50:00,190.47,26.88,83.98,4.76,2.89,12.2,Normal,None
B04614,M01,2026-02-02 01:00:00,149.97,25.98,98.37,4.55,2.55,16.5,Defect,Incomplete_Weld
B04615,M02,2026-02-02 01:10:00,179.81,25.52,91.95,4.11,3.58,12.5,Normal,None
B04616,M01,2026-02-02 01:20:00,235.71,25.83,123.35,4.2,3.18,12.3,Defect,Burn_Through
B04617,M04,2026-02-02 01:30:00,192.91,24.03,85.2,4.68,3.31,11.18,Normal,None
B04618,M01,2026-02-02 01:40:00,195.59,23.66,90.72,4.9,3.12,10.94,Normal,None
B04619,M03,2026-02-02 01:50:00,193.07,23.07,89.35,4.0,3.28,12.14,Normal,None
B04620,M04,2026-02-02 02:00:00,191.5,25.26,93.51,4.21,2.98,12.29,Normal,None
B04621,M04,2026-02-02 02:10:00,196.18,25.08,75.27,4.05,3.54,12.98,Normal,None
B04622,M03,2026-02-02 02:20:00,156.15,24.56,82.5,4.76,2.4,15.7,Defect,Incomplete_Weld
B04623,M04,2026-02-02 02:30:00,188.11,24.92,84.55,4.67,3.54,13.33,Normal,None
B04624,M03,2026-02-02 02:40:00,187.11,23.81,79.59,3.94,3.31,11.39,Normal,None
B04625,M03,2026-02-02 02:50:00,170.15,24.18,85.02,5.06,3.29,11.22,Normal,None
B04626,M04,2026-02-02 03:00:00,200.02,23.57,87.57,4.47,2.99,12.96,Normal,None
B04627,M03,2026-02-02 03:10:00,173.87,22.75,83.8,4.04,3.31,10.2,Normal,None
B04628,M04,2026-02-02 03:20:00,187.82,25.49,70.23,5.01,3.57,12.37,Normal,None
B04629,M01,2026-02-02 03:30:00,186.24,24.75,80.15,4.89,3.4,13.0,Normal,None
B04630,M04,2026-02-02 03:40:00,223.65,27.45,116.18,4.65,3.2,11.02,Defect,Burn_Through
B04631,M04,2026-02-02 03:50:00,199.62,26.59,80.88,4.86,2.88,12.23,Normal,None
B04632,M03,2026-02-02 04:00:00,193.58,23.72,121.96,4.97,2.53,11.58,Defect,Crack
B04633,M04,2026-02-02 04:10:00,182.19,24.91,81.6,4.33,3.91,11.48,Normal,None
B04634,M04,2026-02-02 04:20:00,186.8,24.82,75.66,4.55,3.86,11.69,Normal,None
B04635,M02,2026-02-02 04:30:00,187.25,25.12,73.81,4.63,3.26,12.55,Normal,None
B04636,M01,2026-02-02 04:40:00,203.48,26.11,82.72,4.55,3.37,10.42,Normal,None
B04637,M01,2026-02-02 04:50:00,186.05,25.29,83.11,4.41,3.21,9.86,Normal,None
B04638,M03,2026-02-02 05:00:00,201.27,24.2,83.68,4.34,3.22,10.6,Normal,None
B04639,M01,2026-02-02 05:10:00,186.4,23.87,79.47,4.24,3.6,10.46,Normal,None
B04640,M02,2026-02-02 05:20:00,174.88,25.99,86.63,5.06,3.37,12.03,Normal,None
B04641,M02,2026-02-02 05:30:00,193.01,24.13,74.25,4.67,3.27,12.67,Normal,None
B04642,M02,2026-02-02 05:40:00,183.66,23.92,91.63,4.34,3.06,11.48,Normal,None
B04643,M03,2026-02-02 05:50:00,186.53,23.48,75.38,4.76,3.87,13.27,Normal,None
B04644,M01,2026-02-02 06:00:00,197.97,25.66,75.37,4.41,3.22,10.97,Normal,None
B04645,M04,2026-02-02 06:10:00,193.89,24.7,78.09,4.08,3.31,11.73,Normal,None
B04646,M03,2026-02-02 06:20:00,186.07,23.42,96.46,3.94,2.9,10.92,Normal,None
B04647,M01,2026-02-02 06:30:00,183.57,25.1,76.93,4.47,3.13,10.92,Normal,None
B04648,M02,2026-02-02 06:40:00,224.0,26.77,108.02,4.41,3.19,10.2,Defect,Burn_Through
B04649,M03,2026-02-02 06:50:00,169.5,24.74,91.0,4.0,3.15,10.75,Normal,None
B04650,M04,2026-02-02 07:00:00,189.15,24.26,72.61,4.66,3.49,14.45,Normal,None
B04651,M04,2026-02-02 07:10:00,210.14,24.01,93.71,4.53,3.17,11.17,Normal,None
B04652,M03,2026-02-02 07:20:00,185.48,23.12,90.44,4.11,3.46,14.21,Normal,None
B04653,M01,2026-02-02 07:30:00,170.76,25.35,78.65,4.46,3.31,12.7,Normal,None
B04654,M03,2026-02-02 07:40:00,222.22,22.39,101.28,3.21,2.92,13.04,Defect,Porosity
B04655,M04,2026-02-02 07:50:00,181.39,24.98,110.56,4.74,2.78,12.43,Defect,Crack
B04656,M03,2026-02-02 08:00:00,192.4,23.8,79.39,4.16,2.77,12.33,Normal,None
B04657,M01,2026-02-02 08:10:00,206.12,24.92,90.11,4.04,2.93,12.45,Normal,None
B04658,M01,2026-02-02 08:20:00,183.12,24.08,75.38,4.38,3.41,10.97,Normal,None
B04659,M04,2026-02-02 08:30:00,182.83,25.81,81.14,4.04,3.14,11.11,Normal,None
B04660,M01,2026-02-02 08:40:00,188.6,24.4,86.87,4.22,3.09,12.41,Normal,None
B04661,M03,2026-02-02 08:50:00,189.2,26.4,94.14,4.56,3.24,10.81,Normal,None
B04662,M04,2026-02-02 09:00:00,178.95,24.92,84.7,4.26,3.26,13.4,Normal,None
B04663,M04,2026-02-02 09:10:00,218.43,28.08,111.87,4.16,3.55,11.34,Defect,Burn_Through
B04664,M01,2026-02-02 09:20:00,176.49,22.77,78.57,4.62,3.03,11.78,Normal,None
B04665,M04,2026-02-02 09:30:00,221.0,26.74,100.68,2.86,3.03,10.97,Defect,Porosity
B04666,M01,2026-02-02 09:40:00,190.1,25.06,80.6,5.06,3.46,10.82,Normal,None
B04667,M02,2026-02-02 09:50:00,189.11,24.69,69.1,4.29,3.33,13.6,Normal,None
B04668,M03,2026-02-02 10:00:00,169.52,23.86,79.09,4.95,3.23,13.38,Normal,None
B04669,M04,2026-02-02 10:10:00,188.36,25.44,84.17,4.44,2.86,12.42,Normal,None
B04670,M03,2026-02-02 10:20:00,197.54,24.54,85.94,4.91,3.37,12.05,Normal,None
B04671,M04,2026-02-02 10:30:00,186.27,25.31,79.73,4.17,2.99,12.6,Normal,None
B04672,M03,2026-02-02 10:40:00,177.77,23.88,94.14,4.16,3.01,11.96,Normal,None
B04673,M02,2026-02-02 10:50:00,174.11,25.59,81.64,4.57,3.53,10.75,Normal,None
B04674,M02,2026-02-02 11:00:00,189.57,24.15,72.8,4.75,3.2,10.21,Normal,None
B04675,M01,2026-02-02 11:10:00,194.1,25.11,93.75,4.76,2.74,11.47,Normal,None
B04676,M01,2026-02-02 11:20:00,164.46,24.88,86.55,4.66,2.64,15.04,Defect,Incomplete_Weld
B04677,M04,2026-02-02 11:30:00,195.69,24.21,68.5,4.55,3.29,12.59,Normal,None
B04678,M02,2026-02-02 11:40:00,197.66,25.19,83.69,4.09,3.54,11.18,Normal,None
B04679,M04,2026-02-02 11:50:00,199.68,25.31,76.04,4.82,3.54,12.02,Normal,None
B04680,M01,2026-02-02 12:00:00,174.29,23.38,75.02,4.42,3.6,12.6,Normal,None
B04681,M01,2026-02-02 12:10:00,187.25,22.63,78.44,4.84,3.02,13.23,Normal,None
B04682,M04,2026-02-02 12:20:00,156.16,24.3,87.74,4.26,2.39,16.66,Defect,Incomplete_Weld
B04683,M01,2026-02-02 12:30:00,194.53,25.07,72.23,4.34,3.41,11.45,Normal,None
B04684,M02,2026-02-02 12:40:00,196.48,24.46,86.01,4.69,3.46,12.49,Normal,None
B04685,M01,2026-02-02 12:50:00,183.6,21.66,79.01,3.44,3.16,12.33,Normal,None
B04686,M01,2026-02-02 13:00:00,197.32,24.09,91.87,4.53,2.71,9.98,Normal,None
B04687,M02,2026-02-02 13:10:00,188.0,25.85,88.58,4.44,3.02,11.25,Normal,None
B04688,M01,2026-02-02 13:20:00,184.0,23.28,79.37,4.76,3.05,11.62,Normal,None
B04689,M04,2026-02-02 13:30:00,196.61,23.39,93.55,4.61,3.06,11.74,Normal,None
B04690,M01,2026-02-02 13:40:00,202.19,23.64,76.31,4.39,2.91,10.19,Normal,None
B04691,M01,2026-02-02 13:50:00,199.95,23.13,80.79,5.06,2.68,11.8,Normal,None
B04692,M02,2026-02-02 14:00:00,191.83,24.76,91.06,4.78,2.74,12.79,Normal,None
B04693,M01,2026-02-02 14:10:00,200.02,24.4,82.74,4.85,3.44,10.88,Normal,None
B04694,M01,2026-02-02 14:20:00,196.33,24.74,80.35,4.31,3.52,11.25,Normal,None
B04695,M03,2026-02-02 14:30:00,170.8,24.89,84.11,3.95,3.5,10.79,Normal,None
B04696,M03,2026-02-02 14:40:00,191.23,24.91,77.37,4.52,2.91,12.26,Normal,None
B04697,M02,2026-02-02 14:50:00,181.46,25.45,78.99,4.06,2.92,11.91,Normal,None
B04698,M04,2026-02-02 15:00:00,198.44,23.98,75.29,4.05,2.5,11.32,Normal,None
B04699,M04,2026-02-02 15:10:00,175.0,25.33,81.27,3.95,3.58,11.32,Normal,None
B04700,M03,2026-02-02 15:20:00,208.53,24.12,70.99,4.57,3.19,11.12,Normal,None
B04701,M04,2026-02-02 15:30:00,199.35,23.31,86.38,5.01,3.25,13.75,Normal,None
B04702,M01,2026-02-02 15:40:00,188.85,24.26,99.26,4.24,2.93,12.3,Normal,None
B04703,M01,2026-02-02 15:50:00,198.86,25.84,86.22,4.35,3.17,11.56,Normal,None
B04704,M01,2026-02-02 16:00:00,196.38,22.98,109.98,4.3,2.75,12.34,Defect,Crack
B04705,M02,2026-02-02 16:10:00,175.85,24.43,90.98,3.96,3.1,12.11,Normal,None
B04706,M03,2026-02-02 16:20:00,195.6,23.26,81.8,4.96,3.23,13.35,Normal,None
B04707,M03,2026-02-02 16:30:00,185.26,25.13,80.84,4.16,3.09,12.11,Normal,None
B04708,M03,2026-02-02 16:40:00,195.55,24.85,86.45,4.3,3.1,11.96,Normal,None
B04709,M03,2026-02-02 16:50:00,187.64,23.55,89.74,4.33,2.98,13.13,Normal,None
B04710,M03,2026-02-02 17:00:00,192.35,24.82,83.36,4.7,2.92,13.43,Normal,None
B04711,M03,2026-02-02 17:10:00,178.44,24.79,89.32,4.25,3.34,12.76,Normal,None
B04712,M03,2026-02-02 17:20:00,189.65,24.69,118.86,4.72,2.68,12.5,Defect,Crack
B04713,M01,2026-02-02 17:30:00,180.69,24.2,86.59,4.39,2.93,11.2,Normal,None
B04714,M01,2026-02-02 17:40:00,201.88,24.93,80.64,4.53,3.19,11.22,Normal,None
B04715,M02,2026-02-02 17:50:00,185.67,24.23,96.84,4.48,3.49,12.31,Normal,None
B04716,M04,2026-02-02 18:00:00,219.31,24.04,95.19,4.51,2.85,13.85,Normal,None
B04717,M04,2026-02-02 18:10:00,187.87,24.92,88.75,4.52,3.51,13.65,Normal,None
B04718,M02,2026-02-02 18:20:00,189.6,24.93,94.07,3.91,2.98,11.91,Normal,None
B04719,M02,2026-02-02 18:30:00,205.69,26.45,70.7,4.69,2.9,11.72,Normal,None
B04720,M01,2026-02-02 18:40:00,175.82,24.41,90.32,4.06,3.17,13.76,Normal,None
B04721,M04,2026-02-02 18:50:00,188.94,25.85,90.6,4.48,2.82,10.68,Normal,None
B04722,M01,2026-02-02 19:00:00,224.47,23.21,120.08,2.78,3.17,11.19,Defect,Porosity
B04723,M01,2026-02-02 19:10:00,174.41,23.59,83.36,4.93,3.36,12.52,Normal,None
B04724,M02,2026-02-02 19:20:00,189.98,23.15,84.86,4.69,2.62,12.99,Normal,None
B04725,M04,2026-02-02 19:30:00,189.15,24.35,80.53,4.32,3.35,12.85,Normal,None
B04726,M02,2026-02-02 19:40:00,196.87,23.35,114.48,4.06,3.12,12.73,Defect,Crack
B04727,M03,2026-02-02 19:50:00,179.53,24.06,82.2,4.42,3.16,11.43,Normal,None
B04728,M02,2026-02-02 20:00:00,191.33,24.14,78.3,4.05,3.02,10.7,Normal,None
B04729,M03,2026-02-02 20:10:00,178.53,23.7,77.83,4.7,2.98,13.26,Normal,None
B04730,M04,2026-02-02 20:20:00,156.23,24.48,77.94,4.66,1.87,16.57,Defect,Incomplete_Weld
B04731,M01,2026-02-02 20:30:00,177.68,24.74,114.74,4.3,2.28,12.05,Defect,Crack
B04732,M04,2026-02-02 20:40:00,195.2,24.48,81.89,4.31,3.26,12.9,Normal,None
B04733,M02,2026-02-02 20:50:00,205.2,23.92,93.55,4.57,3.08,10.84,Normal,None
B04734,M01,2026-02-02 21:00:00,246.48,27.93,106.9,4.14,3.35,12.92,Defect,Burn_Through
B04735,M01,2026-02-02 21:10:00,178.76,24.58,93.53,4.19,3.46,11.62,Normal,None
B04736,M02,2026-02-02 21:20:00,189.35,24.39,91.95,4.89,3.34,13.13,Normal,None
B04737,M01,2026-02-02 21:30:00,191.2,24.58,76.56,4.94,2.96,11.81,Normal,None
B04738,M02,2026-02-02 21:40:00,199.72,24.85,74.45,4.23,3.24,11.11,Normal,None
B04739,M02,2026-02-02 21:50:00,196.03,23.73,82.1,4.27,3.01,10.96,Normal,None
B04740,M04,2026-02-02 22:00:00,185.0,24.55,88.65,4.85,3.53,10.07,Normal,None
B04741,M02,2026-02-02 22:10:00,178.21,23.71,90.28,3.94,3.49,13.34,Normal,None
B04742,M03,2026-02-02 22:20:00,183.04,24.35,82.62,4.52,3.54,11.91,Normal,None
B04743,M03,2026-02-02 22:30:00,197.58,23.58,85.22,4.38,3.17,12.03,Normal,None
B04744,M03,2026-02-02 22:40:00,208.22,26.28,97.75,4.56,3.49,10.15,Normal,None
B04745,M04,2026-02-02 22:50:00,178.96,24.25,98.73,4.82,3.34,11.89,Normal,None
B04746,M02,2026-02-02 23:00:00,180.87,23.96,87.44,4.8,3.33,12.34,Normal,None
B04747,M01,2026-02-02 23:10:00,189.28,23.52,89.87,4.29,2.86,12.41,Normal,None
B04748,M03,2026-02-02 23:20:00,181.85,22.54,123.38,4.97,2.63,12.07,Defect,Crack
B04749,M01,2026-02-02 23:30:00,234.1,27.4,132.7,4.7,3.46,10.17,Defect,Burn_Through
B04750,M02,2026-02-02 23:40:00,181.66,24.89,70.48,4.57,3.36,13.01,Normal,None
B04751,M02,2026-02-02 23:50:00,185.44,24.15,75.04,4.1,2.95,12.6,Normal,None
B04752,M02,2026-02-03 00:00:00,188.64,22.86,106.33,4.43,2.84,13.46,Normal,None
B04753,M01,2026-02-03 00:10:00,156.03,24.0,94.06,4.6,2.67,15.68,Defect,Incomplete_Weld
B04754,M01,2026-02-03 00:20:00,190.03,24.16,79.37,5.25,3.36,12.66,Normal,None
B04755,M01,2026-02-03 00:30:00,219.67,25.23,89.02,3.55,3.33,11.65,Defect,Porosity
B04756,M01,2026-02-03 00:40:00,183.55,24.97,77.97,5.03,2.98,12.46,Normal,None
B04757,M01,2026-02-03 00:50:00,188.74,24.21,85.54,4.4,3.56,11.65,Normal,None
B04758,M03,2026-02-03 01:00:00,188.08,24.12,91.61,4.21,3.1,11.74,Normal,None
B04759,M03,2026-02-03 01:10:00,166.62,21.84,91.22,4.64,2.4,15.66,Defect,Incomplete_Weld
B04760,M01,2026-02-03 01:20:00,200.57,25.68,92.3,4.32,3.11,11.91,Normal,None
B04761,M04,2026-02-03 01:30:00,233.59,26.84,120.65,4.26,3.19,12.45,Defect,Burn_Through
B04762,M02,2026-02-03 01:40:00,169.08,22.31,98.53,4.37,2.49,16.22,Defect,Incomplete_Weld
B04763,M02,2026-02-03 01:50:00,189.42,23.15,80.89,4.6,3.55,10.28,Normal,None
B04764,M03,2026-02-03 02:00:00,186.69,25.26,92.14,3.99,3.18,10.87,Normal,None
B04765,M04,2026-02-03 02:10:00,177.91,25.75,74.06,4.99,3.24,10.4,Normal,None
B04766,M01,2026-02-03 02:20:00,189.27,22.24,82.2,3.92,3.36,13.56,Normal,None
B04767,M02,2026-02-03 02:30:00,199.75,24.5,89.03,4.81,3.23,13.17,Normal,None
B04768,M01,2026-02-03 02:40:00,183.7,23.9,89.57,4.94,3.09,12.55,Normal,None
B04769,M01,2026-02-03 02:50:00,186.11,24.75,92.99,4.52,3.3,12.98,Normal,None
B04770,M04,2026-02-03 03:00:00,175.53,22.89,72.35,5.06,2.94,11.81,Normal,None
B04771,M04,2026-02-03 03:10:00,190.14,23.31,86.69,4.8,3.65,12.27,Normal,None
B04772,M02,2026-02-03 03:20:00,190.81,24.33,89.61,4.21,3.42,10.86,Normal,None
B04773,M04,2026-02-03 03:30:00,161.25,24.94,82.95,4.72,2.31,14.86,Defect,Incomplete_Weld
B04774,M04,2026-02-03 03:40:00,184.9,24.23,98.96,4.36,3.16,13.06,Normal,None
B04775,M02,2026-02-03 03:50:00,201.17,23.41,76.38,4.7,3.35,11.56,Normal,None
B04776,M03,2026-02-03 04:00:00,184.56,25.04,75.58,4.38,3.34,12.46,Normal,None
B04777,M02,2026-02-03 04:10:00,187.75,25.82,70.11,4.54,3.29,11.61,Normal,None
B04778,M03,2026-02-03 04:20:00,184.82,24.78,72.9,4.86,2.99,11.7,Normal,None
B04779,M02,2026-02-03 04:30:00,188.67,24.27,88.99,4.58,3.37,11.81,Normal,None
B04780,M04,2026-02-03 04:40:00,166.04,25.39,83.55,4.38,2.79,15.12,Defect,Incomplete_Weld
B04781,M02,2026-02-03 04:50:00,211.85,23.47,85.28,4.43,3.17,10.08,Normal,None
B04782,M04,2026-02-03 05:00:00,193.54,23.27,81.62,4.4,2.86,11.77,Normal,None
B04783,M03,2026-02-03 05:10:00,195.47,24.18,79.02,4.81,3.04,12.51,Normal,None
B04784,M04,2026-02-03 05:20:00,200.34,23.41,88.62,4.37,3.45,12.4,Normal,None
B04785,M04,2026-02-03 05:30:00,157.67,23.5,81.7,3.93,1.78,16.93,Defect,Incomplete_Weld
B04786,M02,2026-02-03 05:40:00,183.65,22.96,77.86,4.4,3.51,12.17,Normal,None
B04787,M01,2026-02-03 05:50:00,210.33,24.2,92.02,4.48,3.4,12.68,Normal,None
B04788,M01,2026-02-03 06:00:00,195.3,25.62,99.68,4.35,3.08,11.56,Normal,None
B04789,M01,2026-02-03 06:10:00,190.96,24.24,94.23,4.3,3.07,10.43,Normal,None
B04790,M03,2026-02-03 06:20:00,203.13,27.37,83.0,4.06,3.22,11.61,Normal,None
B04791,M04,2026-02-03 06:30:00,221.16,26.61,120.95,4.43,3.02,11.81,Defect,Burn_Through
B04792,M04,2026-02-03 06:40:00,182.49,25.38,98.01,4.62,3.79,12.95,Normal,None
B04793,M04,2026-02-03 06:50:00,194.28,24.62,91.27,3.87,2.96,11.27,Normal,None
B04794,M03,2026-02-03 07:00:00,178.27,23.87,79.51,4.76,2.85,12.68,Normal,None
B04795,M02,2026-02-03 07:10:00,172.76,22.99,83.29,4.52,2.6,15.01,Defect,Incomplete_Weld
B04796,M03,2026-02-03 07:20:00,192.26,23.39,77.81,4.64,3.4,12.32,Normal,None
B04797,M04,2026-02-03 07:30:00,233.55,25.67,116.87,2.61,3.23,13.38,Defect,Porosity
B04798,M02,2026-02-03 07:40:00,209.03,27.78,128.27,4.57,3.44,13.1,Defect,Burn_Through
B04799,M01,2026-02-03 07:50:00,204.18,25.86,94.95,4.63,3.74,10.7,Normal,None
B04800,M04,2026-02-03 08:00:00,193.39,26.09,85.02,4.29,3.21,10.9,Normal,None
B04801,M02,2026-02-03 08:10:00,206.19,25.11,87.19,4.6,3.19,10.49,Normal,None
B04802,M01,2026-02-03 08:20:00,197.85,22.6,77.76,4.44,3.39,12.65,Normal,None
B04803,M04,2026-02-03 08:30:00,189.04,24.58,86.17,4.6,3.39,13.78,Normal,None
B04804,M03,2026-02-03 08:40:00,183.78,23.94,90.65,4.09,3.2,12.66,Normal,None
B04805,M03,2026-02-03 08:50:00,193.56,24.11,84.44,4.27,3.06,11.95,Normal,None
B04806,M04,2026-02-03 09:00:00,177.33,25.95,87.57,4.43,3.16,11.87,Normal,None
B04807,M01,2026-02-03 09:10:00,190.44,22.75,85.1,4.3,3.02,12.94,Normal,None
B04808,M01,2026-02-03 09:20:00,155.7,24.79,91.53,4.81,2.4,15.38,Defect,Incomplete_Weld
B04809,M03,2026-02-03 09:30:00,179.24,25.14,80.58,4.06,3.16,14.44,Normal,None
B04810,M02,2026-02-03 09:40:00,187.58,24.03,81.69,4.62,3.4,12.17,Normal,None
B04811,M02,2026-02-03 09:50:00,191.8,22.9,83.7,4.3,3.23,10.82,Normal,None
B04812,M04,2026-02-03 10:00:00,199.85,23.66,90.71,4.49,2.84,12.09,Normal,None
B04813,M04,2026-02-03 10:10:00,240.08,27.96,106.47,4.44,3.32,12.28,Defect,Burn_Through
B04814,M03,2026-02-03 10:20:00,185.51,24.46,70.84,4.63,3.52,14.03,Normal,None
B04815,M04,2026-02-03 10:30:00,199.27,22.16,81.17,4.27,3.52,11.64,Normal,None
B04816,M01,2026-02-03 10:40:00,198.93,25.01,89.13,4.13,3.27,11.81,Normal,None
B04817,M01,2026-02-03 10:50:00,169.88,24.62,79.94,4.7,3.21,10.36,Normal,None
B04818,M03,2026-02-03 11:00:00,176.71,23.41,72.66,3.94,3.09,12.17,Normal,None
B04819,M02,2026-02-03 11:10:00,195.36,22.38,86.26,3.96,3.22,12.2,Normal,None
B04820,M01,2026-02-03 11:20:00,198.43,25.0,89.4,4.07,3.27,12.12,Normal,None
B04821,M04,2026-02-03 11:30:00,178.73,25.76,75.53,4.62,3.01,12.52,Normal,None
B04822,M01,2026-02-03 11:40:00,188.29,25.33,79.51,4.19,3.85,12.04,Normal,None
B04823,M02,2026-02-03 11:50:00,239.12,24.18,123.95,2.42,3.27,12.09,Defect,Porosity
B04824,M02,2026-02-03 12:00:00,200.08,23.28,86.25,4.31,3.1,12.86,Normal,None
B04825,M01,2026-02-03 12:10:00,195.02,25.49,89.95,4.54,3.39,13.19,Normal,None
B04826,M03,2026-02-03 12:20:00,179.89,25.05,82.15,4.07,3.26,14.6,Normal,None
B04827,M01,2026-02-03 12:30:00,173.11,24.46,78.32,4.75,3.53,12.16,Normal,None
B04828,M01,2026-02-03 12:40:00,186.01,25.08,89.37,3.88,3.06,10.76,Normal,None
B04829,M01,2026-02-03 12:50:00,197.2,25.43,90.85,4.52,3.03,13.34,Normal,None
B04830,M02,2026-02-03 13:00:00,182.35,24.75,84.33,4.52,3.29,12.65,Normal,None
B04831,M03,2026-02-03 13:10:00,200.65,25.41,87.04,4.24,2.74,11.47,Normal,None
B04832,M04,2026-02-03 13:20:00,201.52,24.6,82.98,4.32,3.09,11.98,Normal,None
B04833,M03,2026-02-03 13:30:00,187.86,23.45,78.72,4.22,3.46,11.19,Normal,None
B04834,M04,2026-02-03 13:40:00,176.32,23.68,87.7,4.31,3.24,12.7,Normal,None
B04835,M02,2026-02-03 13:50:00,178.51,23.06,85.29,4.42,2.72,16.45,Defect,Incomplete_Weld
B04836,M03,2026-02-03 14:00:00,188.94,23.91,79.02,4.82,2.89,11.27,Normal,None
B04837,M02,2026-02-03 14:10:00,198.33,23.09,75.37,4.49,3.31,12.46,Normal,None
B04838,M04,2026-02-03 14:20:00,200.95,24.84,84.72,4.62,3.3,11.92,Normal,None
B04839,M04,2026-02-03 14:30:00,195.94,24.65,84.72,4.71,3.34,10.58,Normal,None
B04840,M03,2026-02-03 14:40:00,182.04,26.23,85.26,4.44,2.95,13.06,Normal,None
B04841,M01,2026-02-03 14:50:00,207.84,24.51,85.26,4.09,3.04,12.41,Normal,None
B04842,M03,2026-02-03 15:00:00,194.17,23.83,72.87,4.3,3.51,11.13,Normal,None
B04843,M03,2026-02-03 15:10:00,202.04,23.84,83.33,4.63,2.66,11.6,Normal,None
B04844,M02,2026-02-03 15:20:00,183.73,25.84,106.63,4.79,3.16,12.1,Defect,Crack
B04845,M01,2026-02-03 15:30:00,180.14,25.5,87.09,4.33,3.12,12.28,Normal,None
B04846,M01,2026-02-03 15:40:00,201.0,24.41,82.53,4.45,3.24,12.57,Normal,None
B04847,M04,2026-02-03 15:50:00,190.35,24.26,83.91,4.39,2.93,12.29,Normal,None
B04848,M03,2026-02-03 16:00:00,173.19,23.32,82.68,4.68,3.15,12.16,Normal,None
B04849,M01,2026-02-03 16:10:00,217.53,25.52,75.16,4.33,3.13,13.26,Normal,None
B04850,M04,2026-02-03 16:20:00,179.76,23.8,91.01,4.77,3.41,11.51,Normal,None
B04851,M02,2026-02-03 16:30:00,185.68,25.14,95.19,4.86,3.04,11.92,Normal,None
B04852,M02,2026-02-03 16:40:00,182.81,24.0,87.82,4.4,2.93,12.12,Normal,None
B04853,M03,2026-02-03 16:50:00,172.84,23.99,78.31,4.35,3.46,12.08,Normal,None
B04854,M04,2026-02-03 17:00:00,206.16,23.71,85.02,4.07,3.24,11.31,Normal,None
B04855,M04,2026-02-03 17:10:00,192.1,21.97,82.05,4.77,2.95,11.93,Normal,None
B04856,M01,2026-02-03 17:20:00,186.02,23.98,78.23,4.35,3.68,12.15,Normal,None
B04857,M02,2026-02-03 17:30:00,199.68,24.35,85.17,4.41,2.89,11.92,Normal,None
B04858,M01,2026-02-03 17:40:00,217.08,23.79,119.99,3.22,3.1,12.05,Defect,Porosity
B04859,M01,2026-02-03 17:50:00,202.09,24.76,72.32,4.49,3.1,11.59,Normal,None
B04860,M04,2026-02-03 18:00:00,184.33,23.86,90.78,4.72,3.12,12.83,Normal,None
B04861,M04,2026-02-03 18:10:00,197.58,23.55,83.0,3.96,3.15,10.86,Normal,None
B04862,M04,2026-02-03 18:20:00,172.1,24.43,79.24,5.09,2.48,15.49,Defect,Incomplete_Weld
B04863,M03,2026-02-03 18:30:00,184.02,23.27,84.66,4.7,3.1,12.06,Normal,None
B04864,M03,2026-02-03 18:40:00,190.96,25.11,92.25,4.56,3.35,11.63,Normal,None
B04865,M02,2026-02-03 18:50:00,171.69,24.66,98.88,4.18,3.33,11.19,Normal,None
B04866,M03,2026-02-03 19:00:00,190.12,23.79,81.21,4.29,2.95,12.83,Normal,None
B04867,M02,2026-02-03 19:10:00,180.0,24.93,71.74,4.32,3.16,12.11,Normal,None
B04868,M01,2026-02-03 19:20:00,181.46,23.72,87.63,4.14,3.2,10.94,Normal,None
B04869,M04,2026-02-03 19:30:00,183.2,24.17,84.43,4.17,3.25,13.45,Normal,None
B04870,M04,2026-02-03 19:40:00,200.9,23.76,78.39,5.04,3.45,13.44,Normal,None
B04871,M02,2026-02-03 19:50:00,166.9,24.68,93.78,4.48,3.36,10.64,Normal,None
B04872,M01,2026-02-03 20:00:00,181.73,25.16,81.4,4.47,3.0,12.25,Normal,None
B04873,M01,2026-02-03 20:10:00,195.13,25.03,89.71,4.32,2.85,11.29,Normal,None
B04874,M01,2026-02-03 20:20:00,200.29,25.7,81.85,4.3,2.62,9.81,Normal,None
B04875,M04,2026-02-03 20:30:00,191.39,23.98,71.52,4.9,3.34,11.83,Normal,None
B04876,M02,2026-02-03 20:40:00,185.23,25.97,82.83,5.11,2.87,12.43,Normal,None
B04877,M04,2026-02-03 20:50:00,187.85,24.61,84.08,4.6,3.28,14.05,Normal,None
B04878,M03,2026-02-03 21:00:00,200.86,25.25,88.0,4.98,3.34,12.69,Normal,None
B04879,M03,2026-02-03 21:10:00,185.93,24.41,88.58,4.48,3.14,12.73,Normal,None
B04880,M02,2026-02-03 21:20:00,187.38,24.29,92.61,4.77,2.52,13.61,Normal,None
B04881,M02,2026-02-03 21:30:00,191.91,25.42,88.31,4.29,2.87,13.04,Normal,None
B04882,M04,2026-02-03 21:40:00,170.44,24.68,100.97,4.52,3.16,11.66,Normal,None
B04883,M02,2026-02-03 21:50:00,222.86,27.31,114.97,4.61,2.82,11.01,Defect,Burn_Through
B04884,M03,2026-02-03 22:00:00,187.56,23.74,81.14,4.38,3.49,12.74,Normal,None
B04885,M02,2026-02-03 22:10:00,180.82,24.59,91.93,4.9,2.9,11.54,Normal,None
B04886,M01,2026-02-03 22:20:00,195.79,24.84,87.7,4.76,3.06,11.42,Normal,None
B04887,M04,2026-02-03 22:30:00,180.41,22.09,92.99,4.26,3.0,11.19,Normal,None
B04888,M04,2026-02-03 22:40:00,197.13,25.2,80.03,4.66,3.33,14.87,Normal,None
B04889,M04,2026-02-03 22:50:00,185.7,24.07,88.18,4.97,3.19,11.51,Normal,None
B04890,M03,2026-02-03 23:00:00,201.99,22.95,88.63,4.68,3.29,12.23,Normal,None
B04891,M03,2026-02-03 23:10:00,195.21,23.66,84.91,5.0,2.82,13.08,Normal,None
B04892,M04,2026-02-03 23:20:00,186.6,26.37,92.08,4.79,3.09,10.66,Normal,None
B04893,M04,2026-02-03 23:30:00,175.04,23.86,78.88,4.48,3.11,14.01,Normal,None
B04894,M03,2026-02-03 23:40:00,192.49,22.56,76.39,4.71,3.33,11.36,Normal,None
B04895,M02,2026-02-03 23:50:00,235.58,27.97,122.26,4.1,3.52,12.78,Defect,Burn_Through
B04896,M04,2026-02-04 00:00:00,184.98,25.15,123.01,4.38,2.89,10.48,Defect,Crack
B04897,M04,2026-02-04 00:10:00,222.36,26.67,120.43,5.03,3.03,12.51,Defect,Burn_Through
B04898,M01,2026-02-04 00:20:00,192.75,23.91,84.23,4.99,2.88,12.96,Normal,None
B04899,M01,2026-02-04 00:30:00,190.05,24.27,88.86,4.13,3.04,11.7,Normal,None
B04900,M02,2026-02-04 00:40:00,204.18,25.05,83.15,4.77,3.64,12.14,Normal,None
B04901,M01,2026-02-04 00:50:00,190.58,24.46,89.96,5.18,3.55,11.91,Normal,None
B04902,M03,2026-02-04 01:00:00,235.57,23.6,110.31,3.93,3.28,12.6,Defect,Porosity
B04903,M01,2026-02-04 01:10:00,209.52,24.94,81.56,4.2,3.59,15.28,Normal,None
B04904,M04,2026-02-04 01:20:00,199.69,24.02,91.34,4.84,3.14,12.64,Normal,None
B04905,M02,2026-02-04 01:30:00,195.3,25.17,74.39,4.58,3.2,11.38,Normal,None
B04906,M02,2026-02-04 01:40:00,184.65,23.25,90.49,4.54,2.8,12.61,Normal,None
B04907,M04,2026-02-04 01:50:00,196.41,24.32,81.57,3.91,3.37,10.78,Normal,None
B04908,M02,2026-02-04 02:00:00,192.13,23.4,85.06,4.62,3.82,11.97,Normal,None
B04909,M01,2026-02-04 02:10:00,184.21,21.12,88.28,4.52,3.11,12.74,Normal,None
B04910,M02,2026-02-04 02:20:00,204.57,25.63,83.0,4.5,3.4,12.37,Normal,None
B04911,M02,2026-02-04 02:30:00,171.01,23.43,93.08,4.13,3.05,11.61,Normal,None
B04912,M03,2026-02-04 02:40:00,187.61,26.52,84.33,3.99,3.17,11.54,Normal,None
B04913,M03,2026-02-04 02:50:00,220.96,25.17,122.99,3.21,3.46,12.13,Defect,Porosity
B04914,M03,2026-02-04 03:00:00,196.53,24.43,78.66,4.63,3.11,10.8,Normal,None
B04915,M02,2026-02-04 03:10:00,190.5,24.25,80.94,4.55,2.95,12.01,Normal,None
B04916,M03,2026-02-04 03:20:00,193.71,24.75,68.99,4.52,3.08,10.55,Normal,None
B04917,M03,2026-02-04 03:30:00,187.12,23.44,99.21,4.33,3.29,12.19,Normal,None
B04918,M04,2026-02-04 03:40:00,183.27,22.94,83.66,4.49,2.88,11.28,Normal,None
B04919,M02,2026-02-04 03:50:00,200.57,25.64,91.8,4.73,3.02,13.72,Normal,None
B04920,M02,2026-02-04 04:00:00,189.83,24.59,75.41,4.99,3.24,14.28,Normal,None
B04921,M01,2026-02-04 04:10:00,185.54,25.14,110.47,4.76,2.68,12.11,Defect,Crack
B04922,M01,2026-02-04 04:20:00,187.06,26.24,80.16,4.9,3.16,10.44,Normal,None
B04923,M04,2026-02-04 04:30:00,176.42,22.0,69.48,3.9,3.16,11.91,Normal,None
B04924,M04,2026-02-04 04:40:00,175.56,25.63,76.13,4.22,3.31,12.79,Normal,None
B04925,M01,2026-02-04 04:50:00,197.31,24.9,74.91,4.28,3.24,12.68,Normal,None
B04926,M01,2026-02-04 05:00:00,184.21,24.53,89.51,4.73,3.52,11.76,Normal,None
B04927,M04,2026-02-04 05:10:00,187.72,24.67,81.84,4.37,2.95,13.43,Normal,None
B04928,M02,2026-02-04 05:20:00,195.88,24.37,82.4,4.65,3.14,10.5,Normal,None
B04929,M02,2026-02-04 05:30:00,193.41,26.58,83.97,4.11,3.4,12.17,Normal,None
B04930,M01,2026-02-04 05:40:00,189.99,24.21,119.75,4.78,2.17,10.9,Defect,Crack
B04931,M04,2026-02-04 05:50:00,199.45,24.87,122.43,4.85,2.88,11.65,Defect,Crack
B04932,M04,2026-02-04 06:00:00,184.81,23.83,96.62,4.89,3.46,12.27,Normal,None
B04933,M04,2026-02-04 06:10:00,192.6,24.83,88.55,4.42,3.21,9.18,Normal,None
B04934,M03,2026-02-04 06:20:00,189.5,24.39,79.21,4.28,3.35,10.39,Normal,None
B04935,M02,2026-02-04 06:30:00,220.82,28.19,122.53,4.64,2.91,12.22,Defect,Burn_Through
B04936,M03,2026-02-04 06:40:00,196.7,24.57,88.24,4.77,3.16,13.72,Normal,None
B04937,M04,2026-02-04 06:50:00,180.62,22.06,86.39,4.78,3.15,11.45,Normal,None
B04938,M02,2026-02-04 07:00:00,204.12,24.53,74.42,4.39,3.47,11.77,Normal,None
B04939,M03,2026-02-04 07:10:00,185.65,25.35,91.21,5.03,3.28,13.08,Normal,None
B04940,M03,2026-02-04 07:20:00,222.31,23.7,109.6,3.08,3.43,12.83,Defect,Porosity
B04941,M01,2026-02-04 07:30:00,182.1,24.89,92.97,4.78,3.03,10.84,Normal,None
B04942,M01,2026-02-04 07:40:00,185.26,24.31,61.25,4.67,3.28,13.35,Normal,None
B04943,M02,2026-02-04 07:50:00,188.31,24.33,83.5,4.74,2.96,14.62,Normal,None
B04944,M04,2026-02-04 08:00:00,199.19,23.82,92.14,4.45,3.18,12.51,Normal,None
B04945,M02,2026-02-04 08:10:00,190.52,23.68,92.19,4.38,3.38,12.02,Normal,None
B04946,M04,2026-02-04 08:20:00,190.0,25.02,81.89,3.77,3.55,12.26,Normal,None
B04947,M04,2026-02-04 08:30:00,183.62,23.87,75.3,4.91,3.21,13.31,Normal,None
B04948,M02,2026-02-04 08:40:00,215.86,27.74,123.72,4.5,3.05,14.25,Defect,Burn_Through
B04949,M03,2026-02-04 08:50:00,193.89,24.46,89.19,4.44,3.24,12.79,Normal,None
B04950,M03,2026-02-04 09:00:00,198.65,23.44,86.32,4.49,2.92,11.64,Normal,None
B04951,M03,2026-02-04 09:10:00,187.15,25.85,90.68,4.48,3.11,12.01,Normal,None
B04952,M03,2026-02-04 09:20:00,175.75,24.28,89.69,4.15,3.01,10.78,Normal,None
B04953,M01,2026-02-04 09:30:00,203.9,23.89,104.32,2.91,3.3,13.72,Defect,Porosity
B04954,M04,2026-02-04 09:40:00,193.43,23.48,81.24,4.32,3.52,10.98,Normal,None
B04955,M01,2026-02-04 09:50:00,197.26,24.47,87.31,4.5,3.08,11.79,Normal,None
B04956,M03,2026-02-04 10:00:00,188.73,24.02,75.28,4.7,3.38,11.12,Normal,None
B04957,M04,2026-02-04 10:10:00,168.16,25.58,77.85,4.29,2.4,16.36,Defect,Incomplete_Weld
B04958,M01,2026-02-04 10:20:00,195.61,25.34,88.81,4.77,3.39,12.21,Normal,None
B04959,M02,2026-02-04 10:30:00,209.12,23.84,78.22,4.46,3.52,10.73,Normal,None
B04960,M01,2026-02-04 10:40:00,187.85,22.88,103.03,4.25,2.95,11.57,Normal,None
B04961,M03,2026-02-04 10:50:00,203.06,23.95,90.33,4.13,3.22,11.18,Normal,None
B04962,M03,2026-02-04 11:00:00,188.83,24.69,75.89,4.64,3.04,11.15,Normal,None
B04963,M03,2026-02-04 11:10:00,165.02,25.62,85.33,4.5,3.34,12.89,Normal,None
B04964,M02,2026-02-04 11:20:00,192.6,24.75,78.53,4.84,2.85,12.97,Normal,None
B04965,M04,2026-02-04 11:30:00,200.59,25.08,73.24,4.6,2.9,11.17,Normal,None
B04966,M03,2026-02-04 11:40:00,186.79,23.61,81.47,4.36,2.86,12.42,Normal,None
B04967,M02,2026-02-04 11:50:00,184.27,24.69,91.12,3.99,3.35,11.55,Normal,None
B04968,M04,2026-02-04 12:00:00,189.56,26.47,88.7,4.42,3.53,11.86,Normal,None
B04969,M04,2026-02-04 12:10:00,189.35,24.22,101.9,4.66,2.06,12.26,Defect,Crack
B04970,M04,2026-02-04 12:20:00,190.49,25.35,84.79,4.44,2.55,13.3,Normal,None
B04971,M04,2026-02-04 12:30:00,194.65,24.64,89.17,4.84,3.46,10.83,Normal,None
B04972,M01,2026-02-04 12:40:00,196.97,24.44,101.17,4.62,3.06,14.57,Normal,None
B04973,M04,2026-02-04 12:50:00,196.77,24.97,85.39,4.29,3.06,11.22,Normal,None
B04974,M02,2026-02-04 13:00:00,200.83,23.37,92.35,4.36,3.51,12.51,Normal,None
B04975,M02,2026-02-04 13:10:00,176.01,24.56,96.75,4.37,2.92,12.88,Normal,None
B04976,M04,2026-02-04 13:20:00,192.31,24.63,85.82,4.54,3.05,11.0,Normal,None
B04977,M04,2026-02-04 13:30:00,202.48,24.07,84.1,3.86,2.66,12.72,Normal,None
B04978,M04,2026-02-04 13:40:00,140.59,24.4,90.23,4.51,2.44,13.46,Defect,Incomplete_Weld
B04979,M04,2026-02-04 13:50:00,188.49,24.68,87.74,4.72,3.06,12.23,Normal,None
B04980,M01,2026-02-04 14:00:00,176.63,26.31,85.72,4.54,2.75,13.17,Normal,None
B04981,M01,2026-02-04 14:10:00,189.01,25.62,78.8,4.65,3.45,10.89,Normal,None
B04982,M04,2026-02-04 14:20:00,193.8,23.2,88.42,5.36,3.52,11.7,Normal,None
B04983,M01,2026-02-04 14:30:00,198.95,24.36,70.72,4.48,3.07,11.08,Normal,None
B04984,M02,2026-02-04 14:40:00,234.26,29.25,108.64,4.69,3.32,10.42,Defect,Burn_Through
B04985,M02,2026-02-04 14:50:00,149.37,23.39,77.44,4.49,2.43,16.04,Defect,Incomplete_Weld
B04986,M03,2026-02-04 15:00:00,187.69,23.16,87.84,4.29,2.9,12.37,Normal,None
B04987,M01,2026-02-04 15:10:00,219.31,26.13,108.34,4.11,2.42,11.03,Defect,Crack
B04988,M03,2026-02-04 15:20:00,172.65,22.76,83.55,4.39,2.88,11.22,Normal,None
B04989,M03,2026-02-04 15:30:00,176.88,24.7,93.95,4.78,3.0,10.71,Normal,None
B04990,M03,2026-02-04 15:40:00,168.88,24.4,77.75,4.83,2.93,14.17,Normal,None
B04991,M02,2026-02-04 15:50:00,174.15,23.97,89.09,3.95,3.25,12.35,Normal,None
B04992,M02,2026-02-04 16:00:00,193.16,24.98,80.99,4.64,3.44,11.39,Normal,None
B04993,M02,2026-02-04 16:10:00,171.36,23.15,87.38,4.91,2.99,12.18,Normal,None
B04994,M04,2026-02-04 16:20:00,199.35,24.29,82.77,4.6,3.28,12.94,Normal,None
B04995,M03,2026-02-04 16:30:00,179.83,25.92,99.87,4.55,3.2,11.92,Normal,None
B04996,M03,2026-02-04 16:40:00,187.27,23.84,82.63,4.32,3.0,11.54,Normal,None
B04997,M04,2026-02-04 16:50:00,187.54,22.81,87.2,4.4,3.34,11.94,Normal,None
B04998,M01,2026-02-04 17:00:00,187.53,25.72,84.07,4.42,3.26,12.07,Normal,None
B04999,M01,2026-02-04 17:10:00,176.19,24.34,90.35,4.25,2.91,12.35,Normal,None
B05000,M03,2026-02-04 17:20:00,184.43,24.7,71.19,4.43,2.89,13.37,Normal,None
